
/home/frohro/Classes/Digital_Design/try_5/logicanalyzer/Firmware/LogicAnalyzer_V2/pico2pico/build_slave/pico2pico_slave.elf:     file format elf32-littlearm

Sections:
Idx Name          Size      VMA       LMA       File off  Algn
  0 .boot2        00000100  10000000  10000000  00001000  2**0
                  CONTENTS, ALLOC, LOAD, READONLY, CODE
  1 .text         00006e68  10000100  10000100  00001100  2**3
                  CONTENTS, ALLOC, LOAD, READONLY, CODE
  2 .rodata       0000082c  10006f68  10006f68  00007f68  2**3
                  CONTENTS, ALLOC, LOAD, READONLY, DATA
  3 .binary_info  00000020  10007794  10007794  00008794  2**2
                  CONTENTS, ALLOC, LOAD, READONLY, DATA
  4 .ram_vector_table 000000c0  20000000  20000000  0000b000  2**2
                  ALLOC
  5 .uninitialized_data 00000000  200000c0  200000c0  0000a0b0  2**0
                  CONTENTS
  6 .data         00000ff0  200000c0  100077b4  000090c0  2**4
                  CONTENTS, ALLOC, LOAD, READONLY, CODE
  7 .tdata        00000000  200010b0  200010b0  0000a0b0  2**0
                  CONTENTS, ALLOC, LOAD, DATA, THREAD_LOCAL
  8 .tbss         00000000  200010b0  200010b0  00000000  2**0
                  ALLOC, THREAD_LOCAL
  9 .bss          00001094  200010b0  100087a4  0000a0b0  2**3
                  ALLOC
 10 .heap         00000800  20002144  100087a4  0000a144  2**2
                  ALLOC, READONLY
 11 .scratch_x    00000000  20040000  20040000  0000a0b0  2**0
                  CONTENTS
 12 .scratch_y    00000000  20041000  20041000  0000a0b0  2**0
                  CONTENTS
 13 .stack_dummy  00000800  20041000  20041000  0000b000  2**5
                  ALLOC, READONLY
 14 .ARM.attributes 00000028  00000000  00000000  0000a0b0  2**0
                  CONTENTS, READONLY
 15 .comment      0000004c  00000000  00000000  0000a0d8  2**0
                  CONTENTS, READONLY
 16 .debug_info   00031241  00000000  00000000  0000a124  2**0
                  CONTENTS, READONLY, DEBUGGING, OCTETS
 17 .debug_abbrev 00009028  00000000  00000000  0003b365  2**0
                  CONTENTS, READONLY, DEBUGGING, OCTETS
 18 .debug_loclists 0001aebb  00000000  00000000  0004438d  2**0
                  CONTENTS, READONLY, DEBUGGING, OCTETS
 19 .debug_aranges 00001770  00000000  00000000  0005f248  2**3
                  CONTENTS, READONLY, DEBUGGING, OCTETS
 20 .debug_rnglists 0000461b  00000000  00000000  000609b8  2**0
                  CONTENTS, READONLY, DEBUGGING, OCTETS
 21 .debug_line   00022b3a  00000000  00000000  00064fd3  2**0
                  CONTENTS, READONLY, DEBUGGING, OCTETS
 22 .debug_str    00008a9e  00000000  00000000  00087b0d  2**0
                  CONTENTS, READONLY, DEBUGGING, OCTETS
 23 .debug_frame  00003004  00000000  00000000  000905ac  2**2
                  CONTENTS, READONLY, DEBUGGING, OCTETS
 24 .debug_line_str 0000034b  00000000  00000000  000935b0  2**0
                  CONTENTS, READONLY, DEBUGGING, OCTETS

/home/frohro/Classes/Digital_Design/try_5/logicanalyzer/Firmware/LogicAnalyzer_V2/pico2pico/build_slave/pico2pico_slave.elf:     file format elf32-littlearm


Disassembly of section .boot2:

10000000 <__boot2_start__>:
10000000:	4b32b500 	.word	0x4b32b500
10000004:	60582021 	.word	0x60582021
10000008:	21026898 	.word	0x21026898
1000000c:	60984388 	.word	0x60984388
10000010:	611860d8 	.word	0x611860d8
10000014:	4b2e6158 	.word	0x4b2e6158
10000018:	60992100 	.word	0x60992100
1000001c:	61592102 	.word	0x61592102
10000020:	22f02101 	.word	0x22f02101
10000024:	492b5099 	.word	0x492b5099
10000028:	21016019 	.word	0x21016019
1000002c:	20356099 	.word	0x20356099
10000030:	f844f000 	.word	0xf844f000
10000034:	42902202 	.word	0x42902202
10000038:	2106d014 	.word	0x2106d014
1000003c:	f0006619 	.word	0xf0006619
10000040:	6e19f834 	.word	0x6e19f834
10000044:	66192101 	.word	0x66192101
10000048:	66182000 	.word	0x66182000
1000004c:	f000661a 	.word	0xf000661a
10000050:	6e19f82c 	.word	0x6e19f82c
10000054:	6e196e19 	.word	0x6e196e19
10000058:	f0002005 	.word	0xf0002005
1000005c:	2101f82f 	.word	0x2101f82f
10000060:	d1f94208 	.word	0xd1f94208
10000064:	60992100 	.word	0x60992100
10000068:	6019491b 	.word	0x6019491b
1000006c:	60592100 	.word	0x60592100
10000070:	481b491a 	.word	0x481b491a
10000074:	21016001 	.word	0x21016001
10000078:	21eb6099 	.word	0x21eb6099
1000007c:	21a06619 	.word	0x21a06619
10000080:	f0006619 	.word	0xf0006619
10000084:	2100f812 	.word	0x2100f812
10000088:	49166099 	.word	0x49166099
1000008c:	60014814 	.word	0x60014814
10000090:	60992101 	.word	0x60992101
10000094:	2800bc01 	.word	0x2800bc01
10000098:	4700d000 	.word	0x4700d000
1000009c:	49134812 	.word	0x49134812
100000a0:	c8036008 	.word	0xc8036008
100000a4:	8808f380 	.word	0x8808f380
100000a8:	b5034708 	.word	0xb5034708
100000ac:	20046a99 	.word	0x20046a99
100000b0:	d0fb4201 	.word	0xd0fb4201
100000b4:	42012001 	.word	0x42012001
100000b8:	bd03d1f8 	.word	0xbd03d1f8
100000bc:	6618b502 	.word	0x6618b502
100000c0:	f7ff6618 	.word	0xf7ff6618
100000c4:	6e18fff2 	.word	0x6e18fff2
100000c8:	bd026e18 	.word	0xbd026e18
100000cc:	40020000 	.word	0x40020000
100000d0:	18000000 	.word	0x18000000
100000d4:	00070000 	.word	0x00070000
100000d8:	005f0300 	.word	0x005f0300
100000dc:	00002221 	.word	0x00002221
100000e0:	180000f4 	.word	0x180000f4
100000e4:	a0002022 	.word	0xa0002022
100000e8:	10000100 	.word	0x10000100
100000ec:	e000ed08 	.word	0xe000ed08
	...
100000fc:	7a4eb274 	.word	0x7a4eb274

Disassembly of section .text:

10000100 <__VECTOR_TABLE>:
10000100:	20042000 	.word	0x20042000
10000104:	100001f7 	.word	0x100001f7
10000108:	100001cb 	.word	0x100001cb
1000010c:	100001cd 	.word	0x100001cd
10000110:	100001c9 	.word	0x100001c9
10000114:	100001c9 	.word	0x100001c9
10000118:	100001c9 	.word	0x100001c9
1000011c:	100001c9 	.word	0x100001c9
10000120:	100001c9 	.word	0x100001c9
10000124:	100001c9 	.word	0x100001c9
10000128:	100001c9 	.word	0x100001c9
1000012c:	100001cf 	.word	0x100001cf
10000130:	100001c9 	.word	0x100001c9
10000134:	100001c9 	.word	0x100001c9
10000138:	100001d1 	.word	0x100001d1
1000013c:	100001d3 	.word	0x100001d3
10000140:	100001c1 	.word	0x100001c1
10000144:	100001c1 	.word	0x100001c1
10000148:	100001c1 	.word	0x100001c1
1000014c:	100001c1 	.word	0x100001c1
10000150:	100001c1 	.word	0x100001c1
10000154:	100001c1 	.word	0x100001c1
10000158:	100001c1 	.word	0x100001c1
1000015c:	100001c1 	.word	0x100001c1
10000160:	100001c1 	.word	0x100001c1
10000164:	100001c1 	.word	0x100001c1
10000168:	100001c1 	.word	0x100001c1
1000016c:	100001c1 	.word	0x100001c1
10000170:	100001c1 	.word	0x100001c1
10000174:	100001c1 	.word	0x100001c1
10000178:	100001c1 	.word	0x100001c1
1000017c:	100001c1 	.word	0x100001c1
10000180:	100001c1 	.word	0x100001c1
10000184:	100001c1 	.word	0x100001c1
10000188:	100001c1 	.word	0x100001c1
1000018c:	100001c1 	.word	0x100001c1
10000190:	100001c1 	.word	0x100001c1
10000194:	100001c1 	.word	0x100001c1
10000198:	100001c1 	.word	0x100001c1
1000019c:	100001c1 	.word	0x100001c1
100001a0:	100001c1 	.word	0x100001c1
100001a4:	100001c1 	.word	0x100001c1
100001a8:	100001c1 	.word	0x100001c1
100001ac:	100001c1 	.word	0x100001c1
100001b0:	100001c1 	.word	0x100001c1
100001b4:	100001c1 	.word	0x100001c1
100001b8:	100001c1 	.word	0x100001c1
100001bc:	100001c1 	.word	0x100001c1

100001c0 <__unhandled_user_irq>:
100001c0:	f3ef 8005 	mrs	r0, IPSR
100001c4:	3810      	subs	r0, #16

100001c6 <unhandled_user_irq_num_in_r0>:
100001c6:	be00      	bkpt	0x0000

100001c8 <isr_invalid>:
100001c8:	be00      	bkpt	0x0000

100001ca <isr_nmi>:
100001ca:	be00      	bkpt	0x0000

100001cc <isr_hardfault>:
100001cc:	be00      	bkpt	0x0000

100001ce <isr_svcall>:
100001ce:	be00      	bkpt	0x0000

100001d0 <isr_pendsv>:
100001d0:	be00      	bkpt	0x0000

100001d2 <isr_systick>:
100001d2:	be00      	bkpt	0x0000

100001d4 <__default_isrs_end>:
100001d4:	7188ebf2 	.word	0x7188ebf2
100001d8:	10007794 	.word	0x10007794
100001dc:	100077b4 	.word	0x100077b4
100001e0:	10000238 	.word	0x10000238
100001e4:	e71aa390 	.word	0xe71aa390

100001e8 <_entry_point>:
100001e8:	481e      	ldr	r0, [pc, #120]	@ (10000264 <data_cpy_table+0x2c>)

100001ea <_enter_vtable_in_r0>:
100001ea:	491f      	ldr	r1, [pc, #124]	@ (10000268 <data_cpy_table+0x30>)
100001ec:	6008      	str	r0, [r1, #0]
100001ee:	c806      	ldmia	r0!, {r1, r2}
100001f0:	f381 8808 	msr	MSP, r1
100001f4:	4710      	bx	r2

100001f6 <_reset_handler>:
100001f6:	481d      	ldr	r0, [pc, #116]	@ (1000026c <data_cpy_table+0x34>)
100001f8:	6800      	ldr	r0, [r0, #0]
100001fa:	2800      	cmp	r0, #0
100001fc:	d001      	beq.n	10000202 <hold_non_core0_in_bootrom+0x4>

100001fe <hold_non_core0_in_bootrom>:
100001fe:	4819      	ldr	r0, [pc, #100]	@ (10000264 <data_cpy_table+0x2c>)
10000200:	e7f3      	b.n	100001ea <_enter_vtable_in_r0>
10000202:	a40d      	add	r4, pc, #52	@ (adr r4, 10000238 <data_cpy_table>)
10000204:	cc0e      	ldmia	r4!, {r1, r2, r3}
10000206:	2900      	cmp	r1, #0
10000208:	d002      	beq.n	10000210 <hold_non_core0_in_bootrom+0x12>
1000020a:	f000 f812 	bl	10000232 <data_cpy>
1000020e:	e7f9      	b.n	10000204 <hold_non_core0_in_bootrom+0x6>
10000210:	4917      	ldr	r1, [pc, #92]	@ (10000270 <data_cpy_table+0x38>)
10000212:	4a18      	ldr	r2, [pc, #96]	@ (10000274 <data_cpy_table+0x3c>)
10000214:	2000      	movs	r0, #0
10000216:	e000      	b.n	1000021a <bss_fill_test>

10000218 <bss_fill_loop>:
10000218:	c101      	stmia	r1!, {r0}

1000021a <bss_fill_test>:
1000021a:	4291      	cmp	r1, r2
1000021c:	d1fc      	bne.n	10000218 <bss_fill_loop>

1000021e <platform_entry>:
1000021e:	4916      	ldr	r1, [pc, #88]	@ (10000278 <data_cpy_table+0x40>)
10000220:	4788      	blx	r1
10000222:	4916      	ldr	r1, [pc, #88]	@ (1000027c <data_cpy_table+0x44>)
10000224:	4788      	blx	r1
10000226:	4916      	ldr	r1, [pc, #88]	@ (10000280 <data_cpy_table+0x48>)
10000228:	4788      	blx	r1
1000022a:	be00      	bkpt	0x0000
1000022c:	e7fd      	b.n	1000022a <platform_entry+0xc>

1000022e <data_cpy_loop>:
1000022e:	c901      	ldmia	r1!, {r0}
10000230:	c201      	stmia	r2!, {r0}

10000232 <data_cpy>:
10000232:	429a      	cmp	r2, r3
10000234:	d3fb      	bcc.n	1000022e <data_cpy_loop>
10000236:	4770      	bx	lr

10000238 <data_cpy_table>:
10000238:	100077b4 	.word	0x100077b4
1000023c:	200000c0 	.word	0x200000c0
10000240:	200010b0 	.word	0x200010b0
10000244:	100087a4 	.word	0x100087a4
10000248:	20040000 	.word	0x20040000
1000024c:	20040000 	.word	0x20040000
10000250:	100087a4 	.word	0x100087a4
10000254:	20041000 	.word	0x20041000
10000258:	20041000 	.word	0x20041000
1000025c:	00000000 	.word	0x00000000
10000260:	4770      	bx	lr
10000262:	0000      	.short	0x0000
10000264:	00000000 	.word	0x00000000
10000268:	e000ed08 	.word	0xe000ed08
1000026c:	d0000000 	.word	0xd0000000
10000270:	200010b0 	.word	0x200010b0
10000274:	20002144 	.word	0x20002144
10000278:	10004159 	.word	0x10004159
1000027c:	10000321 	.word	0x10000321
10000280:	10004151 	.word	0x10004151

10000284 <_init>:
10000284:	b5f8      	push	{r3, r4, r5, r6, r7, lr}
10000286:	46c0      	nop			@ (mov r8, r8)

10000288 <deregister_tm_clones>:
10000288:	4804      	ldr	r0, [pc, #16]	@ (1000029c <deregister_tm_clones+0x14>)
1000028a:	4b05      	ldr	r3, [pc, #20]	@ (100002a0 <deregister_tm_clones+0x18>)
1000028c:	b510      	push	{r4, lr}
1000028e:	4283      	cmp	r3, r0
10000290:	d003      	beq.n	1000029a <deregister_tm_clones+0x12>
10000292:	4b04      	ldr	r3, [pc, #16]	@ (100002a4 <deregister_tm_clones+0x1c>)
10000294:	2b00      	cmp	r3, #0
10000296:	d000      	beq.n	1000029a <deregister_tm_clones+0x12>
10000298:	4798      	blx	r3
1000029a:	bd10      	pop	{r4, pc}
1000029c:	200010b0 	.word	0x200010b0
100002a0:	200010b0 	.word	0x200010b0
100002a4:	00000000 	.word	0x00000000

100002a8 <register_tm_clones>:
100002a8:	4806      	ldr	r0, [pc, #24]	@ (100002c4 <register_tm_clones+0x1c>)
100002aa:	4907      	ldr	r1, [pc, #28]	@ (100002c8 <register_tm_clones+0x20>)
100002ac:	1a09      	subs	r1, r1, r0
100002ae:	108b      	asrs	r3, r1, #2
100002b0:	0fc9      	lsrs	r1, r1, #31
100002b2:	18c9      	adds	r1, r1, r3
100002b4:	b510      	push	{r4, lr}
100002b6:	1049      	asrs	r1, r1, #1
100002b8:	d003      	beq.n	100002c2 <register_tm_clones+0x1a>
100002ba:	4b04      	ldr	r3, [pc, #16]	@ (100002cc <register_tm_clones+0x24>)
100002bc:	2b00      	cmp	r3, #0
100002be:	d000      	beq.n	100002c2 <register_tm_clones+0x1a>
100002c0:	4798      	blx	r3
100002c2:	bd10      	pop	{r4, pc}
100002c4:	200010b0 	.word	0x200010b0
100002c8:	200010b0 	.word	0x200010b0
100002cc:	00000000 	.word	0x00000000

100002d0 <__do_global_dtors_aux>:
100002d0:	b510      	push	{r4, lr}
100002d2:	4c07      	ldr	r4, [pc, #28]	@ (100002f0 <__do_global_dtors_aux+0x20>)
100002d4:	7823      	ldrb	r3, [r4, #0]
100002d6:	2b00      	cmp	r3, #0
100002d8:	d109      	bne.n	100002ee <__do_global_dtors_aux+0x1e>
100002da:	f7ff ffd5 	bl	10000288 <deregister_tm_clones>
100002de:	4b05      	ldr	r3, [pc, #20]	@ (100002f4 <__do_global_dtors_aux+0x24>)
100002e0:	2b00      	cmp	r3, #0
100002e2:	d002      	beq.n	100002ea <__do_global_dtors_aux+0x1a>
100002e4:	4804      	ldr	r0, [pc, #16]	@ (100002f8 <__do_global_dtors_aux+0x28>)
100002e6:	e000      	b.n	100002ea <__do_global_dtors_aux+0x1a>
100002e8:	bf00      	nop
100002ea:	2301      	movs	r3, #1
100002ec:	7023      	strb	r3, [r4, #0]
100002ee:	bd10      	pop	{r4, pc}
100002f0:	20001438 	.word	0x20001438
100002f4:	00000000 	.word	0x00000000
100002f8:	10006f68 	.word	0x10006f68

100002fc <frame_dummy>:
100002fc:	4b05      	ldr	r3, [pc, #20]	@ (10000314 <frame_dummy+0x18>)
100002fe:	b510      	push	{r4, lr}
10000300:	2b00      	cmp	r3, #0
10000302:	d003      	beq.n	1000030c <frame_dummy+0x10>
10000304:	4904      	ldr	r1, [pc, #16]	@ (10000318 <frame_dummy+0x1c>)
10000306:	4805      	ldr	r0, [pc, #20]	@ (1000031c <frame_dummy+0x20>)
10000308:	e000      	b.n	1000030c <frame_dummy+0x10>
1000030a:	bf00      	nop
1000030c:	f7ff ffcc 	bl	100002a8 <register_tm_clones>
10000310:	bd10      	pop	{r4, pc}
10000312:	46c0      	nop			@ (mov r8, r8)
10000314:	00000000 	.word	0x00000000
10000318:	2000143c 	.word	0x2000143c
1000031c:	10006f68 	.word	0x10006f68

10000320 <main>:
10000320:	b5f0      	push	{r4, r5, r6, r7, lr}
10000322:	46ce      	mov	lr, r9
10000324:	4647      	mov	r7, r8
10000326:	b580      	push	{r7, lr}
10000328:	200b      	movs	r0, #11
1000032a:	b083      	sub	sp, #12
1000032c:	f001 f9ea 	bl	10001704 <vreg_set_voltage>
10000330:	4d49      	ldr	r5, [pc, #292]	@ (10000458 <main+0x138>)
10000332:	200a      	movs	r0, #10
10000334:	f000 fed0 	bl	100010d8 <sleep_ms>
10000338:	2108      	movs	r1, #8
1000033a:	2014      	movs	r0, #20
1000033c:	f000 f8a8 	bl	10000490 <gpio_set_function>
10000340:	002b      	movs	r3, r5
10000342:	2204      	movs	r2, #4
10000344:	2101      	movs	r1, #1
10000346:	2005      	movs	r0, #5
10000348:	9500      	str	r5, [sp, #0]
1000034a:	f000 fff5 	bl	10001338 <clock_configure>
1000034e:	002b      	movs	r3, r5
10000350:	2200      	movs	r2, #0
10000352:	2100      	movs	r1, #0
10000354:	2006      	movs	r0, #6
10000356:	9500      	str	r5, [sp, #0]
10000358:	f000 ffee 	bl	10001338 <clock_configure>
1000035c:	4b3f      	ldr	r3, [pc, #252]	@ (1000045c <main+0x13c>)
1000035e:	2200      	movs	r2, #0
10000360:	9300      	str	r3, [sp, #0]
10000362:	2100      	movs	r1, #0
10000364:	2007      	movs	r0, #7
10000366:	f000 ffe7 	bl	10001338 <clock_configure>
1000036a:	f004 f833 	bl	100043d4 <stdio_init_all>
1000036e:	2064      	movs	r0, #100	@ 0x64
10000370:	f000 feb2 	bl	100010d8 <sleep_ms>
10000374:	2005      	movs	r0, #5
10000376:	f001 f96d 	bl	10001654 <clock_get_hz>
1000037a:	0004      	movs	r4, r0
1000037c:	4838      	ldr	r0, [pc, #224]	@ (10000460 <main+0x140>)
1000037e:	f004 f877 	bl	10004470 <__wrap_puts>
10000382:	2114      	movs	r1, #20
10000384:	4837      	ldr	r0, [pc, #220]	@ (10000464 <main+0x144>)
10000386:	f004 f8f7 	bl	10004578 <__wrap_printf>
1000038a:	4937      	ldr	r1, [pc, #220]	@ (10000468 <main+0x148>)
1000038c:	0020      	movs	r0, r4
1000038e:	f001 fbc9 	bl	10001b24 <__wrap___aeabi_uidiv>
10000392:	4b36      	ldr	r3, [pc, #216]	@ (1000046c <main+0x14c>)
10000394:	0002      	movs	r2, r0
10000396:	0021      	movs	r1, r4
10000398:	0018      	movs	r0, r3
1000039a:	f004 f8ed 	bl	10004578 <__wrap_printf>
1000039e:	2278      	movs	r2, #120	@ 0x78
100003a0:	0029      	movs	r1, r5
100003a2:	4833      	ldr	r0, [pc, #204]	@ (10000470 <main+0x150>)
100003a4:	f004 f8e8 	bl	10004578 <__wrap_printf>
100003a8:	2c00      	cmp	r4, #0
100003aa:	d04c      	beq.n	10000446 <main+0x126>
100003ac:	4831      	ldr	r0, [pc, #196]	@ (10000474 <main+0x154>)
100003ae:	f004 f85f 	bl	10004470 <__wrap_puts>
100003b2:	2019      	movs	r0, #25
100003b4:	f000 f886 	bl	100004c4 <gpio_init>
100003b8:	25d0      	movs	r5, #208	@ 0xd0
100003ba:	2380      	movs	r3, #128	@ 0x80
100003bc:	062d      	lsls	r5, r5, #24
100003be:	049b      	lsls	r3, r3, #18
100003c0:	2016      	movs	r0, #22
100003c2:	626b      	str	r3, [r5, #36]	@ 0x24
100003c4:	f000 f87e 	bl	100004c4 <gpio_init>
100003c8:	2380      	movs	r3, #128	@ 0x80
100003ca:	03db      	lsls	r3, r3, #15
100003cc:	626b      	str	r3, [r5, #36]	@ 0x24
100003ce:	2116      	movs	r1, #22
100003d0:	4829      	ldr	r0, [pc, #164]	@ (10000478 <main+0x158>)
100003d2:	f004 f8d1 	bl	10004578 <__wrap_printf>
100003d6:	2116      	movs	r1, #22
100003d8:	4828      	ldr	r0, [pc, #160]	@ (1000047c <main+0x15c>)
100003da:	f004 f8cd 	bl	10004578 <__wrap_printf>
100003de:	4828      	ldr	r0, [pc, #160]	@ (10000480 <main+0x160>)
100003e0:	f004 f846 	bl	10004470 <__wrap_puts>
100003e4:	4b27      	ldr	r3, [pc, #156]	@ (10000484 <main+0x164>)
100003e6:	2400      	movs	r4, #0
100003e8:	4699      	mov	r9, r3
100003ea:	2380      	movs	r3, #128	@ 0x80
100003ec:	005b      	lsls	r3, r3, #1
100003ee:	4698      	mov	r8, r3
100003f0:	4643      	mov	r3, r8
100003f2:	2700      	movs	r7, #0
100003f4:	421c      	tst	r4, r3
100003f6:	d020      	beq.n	1000043a <main+0x11a>
100003f8:	2380      	movs	r3, #128	@ 0x80
100003fa:	03db      	lsls	r3, r3, #15
100003fc:	616b      	str	r3, [r5, #20]
100003fe:	0020      	movs	r0, r4
10000400:	4915      	ldr	r1, [pc, #84]	@ (10000458 <main+0x138>)
10000402:	f001 fb8f 	bl	10001b24 <__wrap___aeabi_uidiv>
10000406:	2900      	cmp	r1, #0
10000408:	d113      	bne.n	10000432 <main+0x112>
1000040a:	2301      	movs	r3, #1
1000040c:	405f      	eors	r7, r3
1000040e:	2380      	movs	r3, #128	@ 0x80
10000410:	049b      	lsls	r3, r3, #18
10000412:	2f00      	cmp	r7, #0
10000414:	d015      	beq.n	10000442 <main+0x122>
10000416:	616b      	str	r3, [r5, #20]
10000418:	2005      	movs	r0, #5
1000041a:	f001 f91b 	bl	10001654 <clock_get_hz>
1000041e:	490e      	ldr	r1, [pc, #56]	@ (10000458 <main+0x138>)
10000420:	0006      	movs	r6, r0
10000422:	0020      	movs	r0, r4
10000424:	f001 fb7e 	bl	10001b24 <__wrap___aeabi_uidiv>
10000428:	0032      	movs	r2, r6
1000042a:	0001      	movs	r1, r0
1000042c:	4648      	mov	r0, r9
1000042e:	f004 f8a3 	bl	10004578 <__wrap_printf>
10000432:	4643      	mov	r3, r8
10000434:	3401      	adds	r4, #1
10000436:	421c      	tst	r4, r3
10000438:	d1de      	bne.n	100003f8 <main+0xd8>
1000043a:	2380      	movs	r3, #128	@ 0x80
1000043c:	03db      	lsls	r3, r3, #15
1000043e:	61ab      	str	r3, [r5, #24]
10000440:	e7dd      	b.n	100003fe <main+0xde>
10000442:	61ab      	str	r3, [r5, #24]
10000444:	e7e8      	b.n	10000418 <main+0xf8>
10000446:	2114      	movs	r1, #20
10000448:	480f      	ldr	r0, [pc, #60]	@ (10000488 <main+0x168>)
1000044a:	f004 f895 	bl	10004578 <__wrap_printf>
1000044e:	480f      	ldr	r0, [pc, #60]	@ (1000048c <main+0x16c>)
10000450:	f004 f80e 	bl	10004470 <__wrap_puts>
10000454:	e7ad      	b.n	100003b2 <main+0x92>
10000456:	46c0      	nop			@ (mov r8, r8)
10000458:	07270e00 	.word	0x07270e00
1000045c:	02dc6c00 	.word	0x02dc6c00
10000460:	10006f68 	.word	0x10006f68
10000464:	10006f98 	.word	0x10006f98
10000468:	000f4240 	.word	0x000f4240
1000046c:	10006fcc 	.word	0x10006fcc
10000470:	10006ff4 	.word	0x10006ff4
10000474:	10007018 	.word	0x10007018
10000478:	100070a8 	.word	0x100070a8
1000047c:	100070f0 	.word	0x100070f0
10000480:	10007134 	.word	0x10007134
10000484:	10007158 	.word	0x10007158
10000488:	1000703c 	.word	0x1000703c
1000048c:	10007064 	.word	0x10007064

10000490 <gpio_set_function>:
10000490:	4a09      	ldr	r2, [pc, #36]	@ (100004b8 <gpio_set_function+0x28>)
10000492:	0083      	lsls	r3, r0, #2
10000494:	189a      	adds	r2, r3, r2
10000496:	b510      	push	{r4, lr}
10000498:	6814      	ldr	r4, [r2, #0]
1000049a:	2240      	movs	r2, #64	@ 0x40
1000049c:	4054      	eors	r4, r2
1000049e:	3280      	adds	r2, #128	@ 0x80
100004a0:	4022      	ands	r2, r4
100004a2:	4c06      	ldr	r4, [pc, #24]	@ (100004bc <gpio_set_function+0x2c>)
100004a4:	00c0      	lsls	r0, r0, #3
100004a6:	46a4      	mov	ip, r4
100004a8:	4463      	add	r3, ip
100004aa:	601a      	str	r2, [r3, #0]
100004ac:	4b04      	ldr	r3, [pc, #16]	@ (100004c0 <gpio_set_function+0x30>)
100004ae:	469c      	mov	ip, r3
100004b0:	4460      	add	r0, ip
100004b2:	6041      	str	r1, [r0, #4]
100004b4:	bd10      	pop	{r4, pc}
100004b6:	46c0      	nop			@ (mov r8, r8)
100004b8:	4001c004 	.word	0x4001c004
100004bc:	4001d004 	.word	0x4001d004
100004c0:	40014000 	.word	0x40014000

100004c4 <gpio_init>:
100004c4:	2301      	movs	r3, #1
100004c6:	22d0      	movs	r2, #208	@ 0xd0
100004c8:	4083      	lsls	r3, r0
100004ca:	0612      	lsls	r2, r2, #24
100004cc:	6293      	str	r3, [r2, #40]	@ 0x28
100004ce:	6193      	str	r3, [r2, #24]
100004d0:	4a09      	ldr	r2, [pc, #36]	@ (100004f8 <gpio_init+0x34>)
100004d2:	0083      	lsls	r3, r0, #2
100004d4:	189a      	adds	r2, r3, r2
100004d6:	6811      	ldr	r1, [r2, #0]
100004d8:	2240      	movs	r2, #64	@ 0x40
100004da:	4051      	eors	r1, r2
100004dc:	3280      	adds	r2, #128	@ 0x80
100004de:	400a      	ands	r2, r1
100004e0:	4906      	ldr	r1, [pc, #24]	@ (100004fc <gpio_init+0x38>)
100004e2:	00c0      	lsls	r0, r0, #3
100004e4:	468c      	mov	ip, r1
100004e6:	4463      	add	r3, ip
100004e8:	601a      	str	r2, [r3, #0]
100004ea:	4b05      	ldr	r3, [pc, #20]	@ (10000500 <gpio_init+0x3c>)
100004ec:	469c      	mov	ip, r3
100004ee:	2305      	movs	r3, #5
100004f0:	4460      	add	r0, ip
100004f2:	6043      	str	r3, [r0, #4]
100004f4:	4770      	bx	lr
100004f6:	46c0      	nop			@ (mov r8, r8)
100004f8:	4001c004 	.word	0x4001c004
100004fc:	4001d004 	.word	0x4001d004
10000500:	40014000 	.word	0x40014000

10000504 <rp2040_chip_version>:
10000504:	2380      	movs	r3, #128	@ 0x80
10000506:	05db      	lsls	r3, r3, #23
10000508:	6818      	ldr	r0, [r3, #0]
1000050a:	0f00      	lsrs	r0, r0, #28
1000050c:	4770      	bx	lr
1000050e:	46c0      	nop			@ (mov r8, r8)

10000510 <panic>:
10000510:	b40f      	push	{r0, r1, r2, r3}
10000512:	b500      	push	{lr}
10000514:	4808      	ldr	r0, [pc, #32]	@ (10000538 <panic+0x28>)
10000516:	b083      	sub	sp, #12
10000518:	f003 ffaa 	bl	10004470 <__wrap_puts>
1000051c:	9b04      	ldr	r3, [sp, #16]
1000051e:	2b00      	cmp	r3, #0
10000520:	d007      	beq.n	10000532 <panic+0x22>
10000522:	a905      	add	r1, sp, #20
10000524:	0018      	movs	r0, r3
10000526:	9101      	str	r1, [sp, #4]
10000528:	f003 fdf8 	bl	1000411c <weak_raw_vprintf>
1000052c:	4803      	ldr	r0, [pc, #12]	@ (1000053c <panic+0x2c>)
1000052e:	f003 ff9f 	bl	10004470 <__wrap_puts>
10000532:	2001      	movs	r0, #1
10000534:	f003 fe0a 	bl	1000414c <_exit>
10000538:	1000717c 	.word	0x1000717c
1000053c:	10006fc8 	.word	0x10006fc8

10000540 <hw_claim_or_assert>:
10000540:	b570      	push	{r4, r5, r6, lr}
10000542:	f3ef 8c10 	mrs	ip, PRIMASK
10000546:	b672      	cpsid	i
10000548:	4d0d      	ldr	r5, [pc, #52]	@ (10000580 <hw_claim_or_assert+0x40>)
1000054a:	682b      	ldr	r3, [r5, #0]
1000054c:	2b00      	cmp	r3, #0
1000054e:	d0fc      	beq.n	1000054a <hw_claim_or_assert+0xa>
10000550:	f3bf 8f5f 	dmb	sy
10000554:	2407      	movs	r4, #7
10000556:	08cb      	lsrs	r3, r1, #3
10000558:	18c6      	adds	r6, r0, r3
1000055a:	5cc0      	ldrb	r0, [r0, r3]
1000055c:	2301      	movs	r3, #1
1000055e:	400c      	ands	r4, r1
10000560:	40a3      	lsls	r3, r4
10000562:	001c      	movs	r4, r3
10000564:	4004      	ands	r4, r0
10000566:	4203      	tst	r3, r0
10000568:	d107      	bne.n	1000057a <hw_claim_or_assert+0x3a>
1000056a:	4318      	orrs	r0, r3
1000056c:	7030      	strb	r0, [r6, #0]
1000056e:	f3bf 8f5f 	dmb	sy
10000572:	602c      	str	r4, [r5, #0]
10000574:	f38c 8810 	msr	PRIMASK, ip
10000578:	bd70      	pop	{r4, r5, r6, pc}
1000057a:	0010      	movs	r0, r2
1000057c:	f7ff ffc8 	bl	10000510 <panic>
10000580:	d000012c 	.word	0xd000012c

10000584 <hw_claim_unused_from_range>:
10000584:	b5f8      	push	{r3, r4, r5, r6, r7, lr}
10000586:	4647      	mov	r7, r8
10000588:	46ce      	mov	lr, r9
1000058a:	4688      	mov	r8, r1
1000058c:	b580      	push	{r7, lr}
1000058e:	f3ef 8c10 	mrs	ip, PRIMASK
10000592:	b672      	cpsid	i
10000594:	4d1c      	ldr	r5, [pc, #112]	@ (10000608 <hw_claim_unused_from_range+0x84>)
10000596:	682c      	ldr	r4, [r5, #0]
10000598:	2c00      	cmp	r4, #0
1000059a:	d0fc      	beq.n	10000596 <hw_claim_unused_from_range+0x12>
1000059c:	f3bf 8f5f 	dmb	sy
100005a0:	429a      	cmp	r2, r3
100005a2:	d822      	bhi.n	100005ea <hw_claim_unused_from_range+0x66>
100005a4:	2107      	movs	r1, #7
100005a6:	2601      	movs	r6, #1
100005a8:	4689      	mov	r9, r1
100005aa:	e002      	b.n	100005b2 <hw_claim_unused_from_range+0x2e>
100005ac:	3201      	adds	r2, #1
100005ae:	4293      	cmp	r3, r2
100005b0:	d318      	bcc.n	100005e4 <hw_claim_unused_from_range+0x60>
100005b2:	464d      	mov	r5, r9
100005b4:	0037      	movs	r7, r6
100005b6:	4015      	ands	r5, r2
100005b8:	40af      	lsls	r7, r5
100005ba:	08d4      	lsrs	r4, r2, #3
100005bc:	1901      	adds	r1, r0, r4
100005be:	5d04      	ldrb	r4, [r0, r4]
100005c0:	4227      	tst	r7, r4
100005c2:	d1f3      	bne.n	100005ac <hw_claim_unused_from_range+0x28>
100005c4:	0010      	movs	r0, r2
100005c6:	433c      	orrs	r4, r7
100005c8:	700c      	strb	r4, [r1, #0]
100005ca:	f3bf 8f5f 	dmb	sy
100005ce:	2200      	movs	r2, #0
100005d0:	4b0d      	ldr	r3, [pc, #52]	@ (10000608 <hw_claim_unused_from_range+0x84>)
100005d2:	601a      	str	r2, [r3, #0]
100005d4:	f38c 8810 	msr	PRIMASK, ip
100005d8:	2800      	cmp	r0, #0
100005da:	db0e      	blt.n	100005fa <hw_claim_unused_from_range+0x76>
100005dc:	bcc0      	pop	{r6, r7}
100005de:	46b9      	mov	r9, r7
100005e0:	46b0      	mov	r8, r6
100005e2:	bdf8      	pop	{r3, r4, r5, r6, r7, pc}
100005e4:	2001      	movs	r0, #1
100005e6:	4240      	negs	r0, r0
100005e8:	e7ef      	b.n	100005ca <hw_claim_unused_from_range+0x46>
100005ea:	f3bf 8f5f 	dmb	sy
100005ee:	2300      	movs	r3, #0
100005f0:	602b      	str	r3, [r5, #0]
100005f2:	f38c 8810 	msr	PRIMASK, ip
100005f6:	2001      	movs	r0, #1
100005f8:	4240      	negs	r0, r0
100005fa:	4643      	mov	r3, r8
100005fc:	2b00      	cmp	r3, #0
100005fe:	d0ed      	beq.n	100005dc <hw_claim_unused_from_range+0x58>
10000600:	9808      	ldr	r0, [sp, #32]
10000602:	f7ff ff85 	bl	10000510 <panic>
10000606:	46c0      	nop			@ (mov r8, r8)
10000608:	d000012c 	.word	0xd000012c

1000060c <next_striped_spin_lock_num>:
1000060c:	4a04      	ldr	r2, [pc, #16]	@ (10000620 <next_striped_spin_lock_num+0x14>)
1000060e:	7810      	ldrb	r0, [r2, #0]
10000610:	1c43      	adds	r3, r0, #1
10000612:	b2db      	uxtb	r3, r3
10000614:	2b17      	cmp	r3, #23
10000616:	d900      	bls.n	1000061a <next_striped_spin_lock_num+0xe>
10000618:	2310      	movs	r3, #16
1000061a:	7013      	strb	r3, [r2, #0]
1000061c:	4770      	bx	lr
1000061e:	46c0      	nop			@ (mov r8, r8)
10000620:	20000fe0 	.word	0x20000fe0

10000624 <spin_lock_claim_unused>:
10000624:	b510      	push	{r4, lr}
10000626:	4b06      	ldr	r3, [pc, #24]	@ (10000640 <spin_lock_claim_unused+0x1c>)
10000628:	4c06      	ldr	r4, [pc, #24]	@ (10000644 <spin_lock_claim_unused+0x20>)
1000062a:	b082      	sub	sp, #8
1000062c:	0001      	movs	r1, r0
1000062e:	9300      	str	r3, [sp, #0]
10000630:	2218      	movs	r2, #24
10000632:	231f      	movs	r3, #31
10000634:	0020      	movs	r0, r4
10000636:	f7ff ffa5 	bl	10000584 <hw_claim_unused_from_range>
1000063a:	b002      	add	sp, #8
1000063c:	bd10      	pop	{r4, pc}
1000063e:	46c0      	nop			@ (mov r8, r8)
10000640:	1000718c 	.word	0x1000718c
10000644:	20001c88 	.word	0x20001c88

10000648 <spin_locks_reset>:
10000648:	2100      	movs	r1, #0
1000064a:	4b04      	ldr	r3, [pc, #16]	@ (1000065c <spin_locks_reset+0x14>)
1000064c:	4a04      	ldr	r2, [pc, #16]	@ (10000660 <spin_locks_reset+0x18>)
1000064e:	f3bf 8f5f 	dmb	sy
10000652:	c302      	stmia	r3!, {r1}
10000654:	4293      	cmp	r3, r2
10000656:	d1fa      	bne.n	1000064e <spin_locks_reset+0x6>
10000658:	4770      	bx	lr
1000065a:	46c0      	nop			@ (mov r8, r8)
1000065c:	d0000100 	.word	0xd0000100
10000660:	d0000180 	.word	0xd0000180

10000664 <runtime_init_per_core_irq_priorities>:
10000664:	4b05      	ldr	r3, [pc, #20]	@ (1000067c <runtime_init_per_core_irq_priorities+0x18>)
10000666:	4a06      	ldr	r2, [pc, #24]	@ (10000680 <runtime_init_per_core_irq_priorities+0x1c>)
10000668:	6013      	str	r3, [r2, #0]
1000066a:	4a06      	ldr	r2, [pc, #24]	@ (10000684 <runtime_init_per_core_irq_priorities+0x20>)
1000066c:	6013      	str	r3, [r2, #0]
1000066e:	6053      	str	r3, [r2, #4]
10000670:	6093      	str	r3, [r2, #8]
10000672:	60d3      	str	r3, [r2, #12]
10000674:	6113      	str	r3, [r2, #16]
10000676:	6153      	str	r3, [r2, #20]
10000678:	6193      	str	r3, [r2, #24]
1000067a:	4770      	bx	lr
1000067c:	80808080 	.word	0x80808080
10000680:	e000e400 	.word	0xe000e400
10000684:	e000e404 	.word	0xe000e404

10000688 <irq_set_enabled>:
10000688:	231f      	movs	r3, #31
1000068a:	4018      	ands	r0, r3
1000068c:	3b1e      	subs	r3, #30
1000068e:	4083      	lsls	r3, r0
10000690:	2900      	cmp	r1, #0
10000692:	d005      	beq.n	100006a0 <irq_set_enabled+0x18>
10000694:	21c0      	movs	r1, #192	@ 0xc0
10000696:	4a04      	ldr	r2, [pc, #16]	@ (100006a8 <irq_set_enabled+0x20>)
10000698:	0049      	lsls	r1, r1, #1
1000069a:	5053      	str	r3, [r2, r1]
1000069c:	6013      	str	r3, [r2, #0]
1000069e:	4770      	bx	lr
100006a0:	2280      	movs	r2, #128	@ 0x80
100006a2:	4901      	ldr	r1, [pc, #4]	@ (100006a8 <irq_set_enabled+0x20>)
100006a4:	508b      	str	r3, [r1, r2]
100006a6:	e7fa      	b.n	1000069e <irq_set_enabled+0x16>
100006a8:	e000e100 	.word	0xe000e100

100006ac <irq_is_enabled>:
100006ac:	2201      	movs	r2, #1
100006ae:	4082      	lsls	r2, r0
100006b0:	4b03      	ldr	r3, [pc, #12]	@ (100006c0 <irq_is_enabled+0x14>)
100006b2:	681b      	ldr	r3, [r3, #0]
100006b4:	4013      	ands	r3, r2
100006b6:	1e5a      	subs	r2, r3, #1
100006b8:	4193      	sbcs	r3, r2
100006ba:	b2d8      	uxtb	r0, r3
100006bc:	4770      	bx	lr
100006be:	46c0      	nop			@ (mov r8, r8)
100006c0:	e000e100 	.word	0xe000e100

100006c4 <irq_set_pending>:
100006c4:	2301      	movs	r3, #1
100006c6:	4083      	lsls	r3, r0
100006c8:	4a01      	ldr	r2, [pc, #4]	@ (100006d0 <irq_set_pending+0xc>)
100006ca:	6013      	str	r3, [r2, #0]
100006cc:	4770      	bx	lr
100006ce:	46c0      	nop			@ (mov r8, r8)
100006d0:	e000e200 	.word	0xe000e200

100006d4 <irq_has_shared_handler>:
100006d4:	4b06      	ldr	r3, [pc, #24]	@ (100006f0 <irq_has_shared_handler+0x1c>)
100006d6:	3010      	adds	r0, #16
100006d8:	689b      	ldr	r3, [r3, #8]
100006da:	0080      	lsls	r0, r0, #2
100006dc:	58c3      	ldr	r3, [r0, r3]
100006de:	4a05      	ldr	r2, [pc, #20]	@ (100006f4 <irq_has_shared_handler+0x20>)
100006e0:	2000      	movs	r0, #0
100006e2:	1a9b      	subs	r3, r3, r2
100006e4:	222f      	movs	r2, #47	@ 0x2f
100006e6:	429a      	cmp	r2, r3
100006e8:	4140      	adcs	r0, r0
100006ea:	b2c0      	uxtb	r0, r0
100006ec:	4770      	bx	lr
100006ee:	46c0      	nop			@ (mov r8, r8)
100006f0:	e000ed00 	.word	0xe000ed00
100006f4:	20000fe4 	.word	0x20000fe4

100006f8 <irq_set_exclusive_handler>:
100006f8:	b570      	push	{r4, r5, r6, lr}
100006fa:	000d      	movs	r5, r1
100006fc:	f3ef 8610 	mrs	r6, PRIMASK
10000700:	b672      	cpsid	i
10000702:	4a0f      	ldr	r2, [pc, #60]	@ (10000740 <irq_set_exclusive_handler+0x48>)
10000704:	6813      	ldr	r3, [r2, #0]
10000706:	2b00      	cmp	r3, #0
10000708:	d0fc      	beq.n	10000704 <irq_set_exclusive_handler+0xc>
1000070a:	f3bf 8f5f 	dmb	sy
1000070e:	4b0d      	ldr	r3, [pc, #52]	@ (10000744 <irq_set_exclusive_handler+0x4c>)
10000710:	3010      	adds	r0, #16
10000712:	689b      	ldr	r3, [r3, #8]
10000714:	0084      	lsls	r4, r0, #2
10000716:	591b      	ldr	r3, [r3, r4]
10000718:	4a0b      	ldr	r2, [pc, #44]	@ (10000748 <irq_set_exclusive_handler+0x50>)
1000071a:	4293      	cmp	r3, r2
1000071c:	d003      	beq.n	10000726 <irq_set_exclusive_handler+0x2e>
1000071e:	429d      	cmp	r5, r3
10000720:	d001      	beq.n	10000726 <irq_set_exclusive_handler+0x2e>
10000722:	f001 f8ad 	bl	10001880 <hard_assertion_failure>
10000726:	4b07      	ldr	r3, [pc, #28]	@ (10000744 <irq_set_exclusive_handler+0x4c>)
10000728:	689b      	ldr	r3, [r3, #8]
1000072a:	511d      	str	r5, [r3, r4]
1000072c:	f3bf 8f5f 	dmb	sy
10000730:	f3bf 8f5f 	dmb	sy
10000734:	2200      	movs	r2, #0
10000736:	4b02      	ldr	r3, [pc, #8]	@ (10000740 <irq_set_exclusive_handler+0x48>)
10000738:	601a      	str	r2, [r3, #0]
1000073a:	f386 8810 	msr	PRIMASK, r6
1000073e:	bd70      	pop	{r4, r5, r6, pc}
10000740:	d0000124 	.word	0xd0000124
10000744:	e000ed00 	.word	0xe000ed00
10000748:	100001c1 	.word	0x100001c1

1000074c <irq_add_shared_handler>:
1000074c:	b5f0      	push	{r4, r5, r6, r7, lr}
1000074e:	4657      	mov	r7, sl
10000750:	464e      	mov	r6, r9
10000752:	46de      	mov	lr, fp
10000754:	4645      	mov	r5, r8
10000756:	b5e0      	push	{r5, r6, r7, lr}
10000758:	b085      	sub	sp, #20
1000075a:	0006      	movs	r6, r0
1000075c:	9100      	str	r1, [sp, #0]
1000075e:	0017      	movs	r7, r2
10000760:	f3ef 8b10 	mrs	fp, PRIMASK
10000764:	b672      	cpsid	i
10000766:	4a6a      	ldr	r2, [pc, #424]	@ (10000910 <irq_add_shared_handler+0x1c4>)
10000768:	6813      	ldr	r3, [r2, #0]
1000076a:	2b00      	cmp	r3, #0
1000076c:	d0fc      	beq.n	10000768 <irq_add_shared_handler+0x1c>
1000076e:	f3bf 8f5f 	dmb	sy
10000772:	2500      	movs	r5, #0
10000774:	4b67      	ldr	r3, [pc, #412]	@ (10000914 <irq_add_shared_handler+0x1c8>)
10000776:	575d      	ldrsb	r5, [r3, r5]
10000778:	469a      	mov	sl, r3
1000077a:	2d00      	cmp	r5, #0
1000077c:	da00      	bge.n	10000780 <irq_add_shared_handler+0x34>
1000077e:	e0a9      	b.n	100008d4 <irq_add_shared_handler+0x188>
10000780:	006b      	lsls	r3, r5, #1
10000782:	4c65      	ldr	r4, [pc, #404]	@ (10000918 <irq_add_shared_handler+0x1cc>)
10000784:	9301      	str	r3, [sp, #4]
10000786:	195b      	adds	r3, r3, r5
10000788:	009b      	lsls	r3, r3, #2
1000078a:	4698      	mov	r8, r3
1000078c:	46a1      	mov	r9, r4
1000078e:	44c1      	add	r9, r8
10000790:	464b      	mov	r3, r9
10000792:	4652      	mov	r2, sl
10000794:	799b      	ldrb	r3, [r3, #6]
10000796:	3610      	adds	r6, #16
10000798:	7013      	strb	r3, [r2, #0]
1000079a:	4b60      	ldr	r3, [pc, #384]	@ (1000091c <irq_add_shared_handler+0x1d0>)
1000079c:	00b6      	lsls	r6, r6, #2
1000079e:	689b      	ldr	r3, [r3, #8]
100007a0:	5999      	ldr	r1, [r3, r6]
100007a2:	1b0b      	subs	r3, r1, r4
100007a4:	2b2f      	cmp	r3, #47	@ 0x2f
100007a6:	d933      	bls.n	10000810 <irq_add_shared_handler+0xc4>
100007a8:	4b5d      	ldr	r3, [pc, #372]	@ (10000920 <irq_add_shared_handler+0x1d4>)
100007aa:	4299      	cmp	r1, r3
100007ac:	d000      	beq.n	100007b0 <irq_add_shared_handler+0x64>
100007ae:	e0ac      	b.n	1000090a <irq_add_shared_handler+0x1be>
100007b0:	9b01      	ldr	r3, [sp, #4]
100007b2:	4642      	mov	r2, r8
100007b4:	469c      	mov	ip, r3
100007b6:	4b5b      	ldr	r3, [pc, #364]	@ (10000924 <irq_add_shared_handler+0x1d8>)
100007b8:	4465      	add	r5, ip
100007ba:	00ad      	lsls	r5, r5, #2
100007bc:	5363      	strh	r3, [r4, r5]
100007be:	4b5a      	ldr	r3, [pc, #360]	@ (10000928 <irq_add_shared_handler+0x1dc>)
100007c0:	3202      	adds	r2, #2
100007c2:	18a2      	adds	r2, r4, r2
100007c4:	3b04      	subs	r3, #4
100007c6:	1a9b      	subs	r3, r3, r2
100007c8:	051b      	lsls	r3, r3, #20
100007ca:	4a58      	ldr	r2, [pc, #352]	@ (1000092c <irq_add_shared_handler+0x1e0>)
100007cc:	0d5b      	lsrs	r3, r3, #21
100007ce:	1965      	adds	r5, r4, r5
100007d0:	4313      	orrs	r3, r2
100007d2:	806b      	strh	r3, [r5, #2]
100007d4:	4b56      	ldr	r3, [pc, #344]	@ (10000930 <irq_add_shared_handler+0x1e4>)
100007d6:	2101      	movs	r1, #1
100007d8:	80ab      	strh	r3, [r5, #4]
100007da:	23ff      	movs	r3, #255	@ 0xff
100007dc:	71ab      	strb	r3, [r5, #6]
100007de:	9b00      	ldr	r3, [sp, #0]
100007e0:	71ef      	strb	r7, [r5, #7]
100007e2:	60ab      	str	r3, [r5, #8]
100007e4:	464b      	mov	r3, r9
100007e6:	430b      	orrs	r3, r1
100007e8:	0019      	movs	r1, r3
100007ea:	4b4c      	ldr	r3, [pc, #304]	@ (1000091c <irq_add_shared_handler+0x1d0>)
100007ec:	689b      	ldr	r3, [r3, #8]
100007ee:	5199      	str	r1, [r3, r6]
100007f0:	f3bf 8f5f 	dmb	sy
100007f4:	f3bf 8f5f 	dmb	sy
100007f8:	2200      	movs	r2, #0
100007fa:	4b45      	ldr	r3, [pc, #276]	@ (10000910 <irq_add_shared_handler+0x1c4>)
100007fc:	601a      	str	r2, [r3, #0]
100007fe:	f38b 8810 	msr	PRIMASK, fp
10000802:	b005      	add	sp, #20
10000804:	bcf0      	pop	{r4, r5, r6, r7}
10000806:	46bb      	mov	fp, r7
10000808:	46b2      	mov	sl, r6
1000080a:	46a9      	mov	r9, r5
1000080c:	46a0      	mov	r8, r4
1000080e:	bdf0      	pop	{r4, r5, r6, r7, pc}
10000810:	2001      	movs	r0, #1
10000812:	000a      	movs	r2, r1
10000814:	4382      	bics	r2, r0
10000816:	79d3      	ldrb	r3, [r2, #7]
10000818:	468c      	mov	ip, r1
1000081a:	42bb      	cmp	r3, r7
1000081c:	d831      	bhi.n	10000882 <irq_add_shared_handler+0x136>
1000081e:	4645      	mov	r5, r8
10000820:	0013      	movs	r3, r2
10000822:	4944      	ldr	r1, [pc, #272]	@ (10000934 <irq_add_shared_handler+0x1e8>)
10000824:	1b1b      	subs	r3, r3, r4
10000826:	415b      	adcs	r3, r3
10000828:	4359      	muls	r1, r3
1000082a:	0d09      	lsrs	r1, r1, #20
1000082c:	4b3d      	ldr	r3, [pc, #244]	@ (10000924 <irq_add_shared_handler+0x1d8>)
1000082e:	5363      	strh	r3, [r4, r5]
10000830:	4b3d      	ldr	r3, [pc, #244]	@ (10000928 <irq_add_shared_handler+0x1dc>)
10000832:	3502      	adds	r5, #2
10000834:	1965      	adds	r5, r4, r5
10000836:	3b04      	subs	r3, #4
10000838:	1b5b      	subs	r3, r3, r5
1000083a:	051b      	lsls	r3, r3, #20
1000083c:	4d3b      	ldr	r5, [pc, #236]	@ (1000092c <irq_add_shared_handler+0x1e0>)
1000083e:	0d5b      	lsrs	r3, r3, #21
10000840:	432b      	orrs	r3, r5
10000842:	46aa      	mov	sl, r5
10000844:	464d      	mov	r5, r9
10000846:	806b      	strh	r3, [r5, #2]
10000848:	2504      	movs	r5, #4
1000084a:	46ac      	mov	ip, r5
1000084c:	4655      	mov	r5, sl
1000084e:	44e0      	add	r8, ip
10000850:	1f13      	subs	r3, r2, #4
10000852:	4444      	add	r4, r8
10000854:	1b1b      	subs	r3, r3, r4
10000856:	051b      	lsls	r3, r3, #20
10000858:	0d5b      	lsrs	r3, r3, #21
1000085a:	431d      	orrs	r5, r3
1000085c:	464b      	mov	r3, r9
1000085e:	7199      	strb	r1, [r3, #6]
10000860:	9900      	ldr	r1, [sp, #0]
10000862:	809d      	strh	r5, [r3, #4]
10000864:	6099      	str	r1, [r3, #8]
10000866:	4649      	mov	r1, r9
10000868:	71df      	strb	r7, [r3, #7]
1000086a:	4b33      	ldr	r3, [pc, #204]	@ (10000938 <irq_add_shared_handler+0x1ec>)
1000086c:	4301      	orrs	r1, r0
1000086e:	6013      	str	r3, [r2, #0]
10000870:	e7bb      	b.n	100007ea <irq_add_shared_handler+0x9e>
10000872:	0058      	lsls	r0, r3, #1
10000874:	18c0      	adds	r0, r0, r3
10000876:	0080      	lsls	r0, r0, #2
10000878:	1820      	adds	r0, r4, r0
1000087a:	79c1      	ldrb	r1, [r0, #7]
1000087c:	42b9      	cmp	r1, r7
1000087e:	d92f      	bls.n	100008e0 <irq_add_shared_handler+0x194>
10000880:	0002      	movs	r2, r0
10000882:	2306      	movs	r3, #6
10000884:	56d3      	ldrsb	r3, [r2, r3]
10000886:	2b00      	cmp	r3, #0
10000888:	daf3      	bge.n	10000872 <irq_add_shared_handler+0x126>
1000088a:	9302      	str	r3, [sp, #8]
1000088c:	4b2b      	ldr	r3, [pc, #172]	@ (1000093c <irq_add_shared_handler+0x1f0>)
1000088e:	4661      	mov	r1, ip
10000890:	9303      	str	r3, [sp, #12]
10000892:	1d13      	adds	r3, r2, #4
10000894:	469a      	mov	sl, r3
10000896:	2304      	movs	r3, #4
10000898:	425b      	negs	r3, r3
1000089a:	469c      	mov	ip, r3
1000089c:	44e1      	add	r9, ip
1000089e:	4650      	mov	r0, sl
100008a0:	464b      	mov	r3, r9
100008a2:	1a1b      	subs	r3, r3, r0
100008a4:	051b      	lsls	r3, r3, #20
100008a6:	0d5b      	lsrs	r3, r3, #21
100008a8:	469c      	mov	ip, r3
100008aa:	4b20      	ldr	r3, [pc, #128]	@ (1000092c <irq_add_shared_handler+0x1e0>)
100008ac:	7195      	strb	r5, [r2, #6]
100008ae:	4698      	mov	r8, r3
100008b0:	4663      	mov	r3, ip
100008b2:	4640      	mov	r0, r8
100008b4:	4303      	orrs	r3, r0
100008b6:	8093      	strh	r3, [r2, #4]
100008b8:	9b01      	ldr	r3, [sp, #4]
100008ba:	195a      	adds	r2, r3, r5
100008bc:	0092      	lsls	r2, r2, #2
100008be:	9b03      	ldr	r3, [sp, #12]
100008c0:	18a4      	adds	r4, r4, r2
100008c2:	80a3      	strh	r3, [r4, #4]
100008c4:	9b02      	ldr	r3, [sp, #8]
100008c6:	4a1c      	ldr	r2, [pc, #112]	@ (10000938 <irq_add_shared_handler+0x1ec>)
100008c8:	71a3      	strb	r3, [r4, #6]
100008ca:	9b00      	ldr	r3, [sp, #0]
100008cc:	6022      	str	r2, [r4, #0]
100008ce:	71e7      	strb	r7, [r4, #7]
100008d0:	60a3      	str	r3, [r4, #8]
100008d2:	e78a      	b.n	100007ea <irq_add_shared_handler+0x9e>
100008d4:	f000 ffd4 	bl	10001880 <hard_assertion_failure>
100008d8:	2500      	movs	r5, #0
100008da:	4653      	mov	r3, sl
100008dc:	575d      	ldrsb	r5, [r3, r5]
100008de:	e74f      	b.n	10000780 <irq_add_shared_handler+0x34>
100008e0:	8890      	ldrh	r0, [r2, #4]
100008e2:	9302      	str	r3, [sp, #8]
100008e4:	0540      	lsls	r0, r0, #21
100008e6:	1d13      	adds	r3, r2, #4
100008e8:	469a      	mov	sl, r3
100008ea:	1503      	asrs	r3, r0, #20
100008ec:	4661      	mov	r1, ip
100008ee:	469c      	mov	ip, r3
100008f0:	4640      	mov	r0, r8
100008f2:	44d4      	add	ip, sl
100008f4:	4663      	mov	r3, ip
100008f6:	3004      	adds	r0, #4
100008f8:	1820      	adds	r0, r4, r0
100008fa:	1a18      	subs	r0, r3, r0
100008fc:	23e0      	movs	r3, #224	@ 0xe0
100008fe:	0500      	lsls	r0, r0, #20
10000900:	0d40      	lsrs	r0, r0, #21
10000902:	021b      	lsls	r3, r3, #8
10000904:	4318      	orrs	r0, r3
10000906:	9003      	str	r0, [sp, #12]
10000908:	e7c5      	b.n	10000896 <irq_add_shared_handler+0x14a>
1000090a:	f000 ffb9 	bl	10001880 <hard_assertion_failure>
1000090e:	e74f      	b.n	100007b0 <irq_add_shared_handler+0x64>
10000910:	d0000124 	.word	0xd0000124
10000914:	2000213d 	.word	0x2000213d
10000918:	20000fe4 	.word	0x20000fe4
1000091c:	e000ed00 	.word	0xe000ed00
10000920:	100001c1 	.word	0x100001c1
10000924:	ffffa100 	.word	0xffffa100
10000928:	20001014 	.word	0x20001014
1000092c:	ffffe000 	.word	0xffffe000
10000930:	ffffbd01 	.word	0xffffbd01
10000934:	0000aaaa 	.word	0x0000aaaa
10000938:	47804801 	.word	0x47804801
1000093c:	0000bd01 	.word	0x0000bd01

10000940 <irq_add_tail_to_free_list>:
10000940:	b570      	push	{r4, r5, r6, lr}
10000942:	2401      	movs	r4, #1
10000944:	4304      	orrs	r4, r0
10000946:	f3ef 8105 	mrs	r1, IPSR
1000094a:	f3ef 8c10 	mrs	ip, PRIMASK
1000094e:	b672      	cpsid	i
10000950:	4a21      	ldr	r2, [pc, #132]	@ (100009d8 <irq_add_tail_to_free_list+0x98>)
10000952:	6813      	ldr	r3, [r2, #0]
10000954:	2b00      	cmp	r3, #0
10000956:	d0fc      	beq.n	10000952 <irq_add_tail_to_free_list+0x12>
10000958:	f3bf 8f5f 	dmb	sy
1000095c:	4b1f      	ldr	r3, [pc, #124]	@ (100009dc <irq_add_tail_to_free_list+0x9c>)
1000095e:	0005      	movs	r5, r0
10000960:	4a1f      	ldr	r2, [pc, #124]	@ (100009e0 <irq_add_tail_to_free_list+0xa0>)
10000962:	1aed      	subs	r5, r5, r3
10000964:	416d      	adcs	r5, r5
10000966:	436a      	muls	r2, r5
10000968:	0d12      	lsrs	r2, r2, #20
1000096a:	4d1e      	ldr	r5, [pc, #120]	@ (100009e4 <irq_add_tail_to_free_list+0xa4>)
1000096c:	0089      	lsls	r1, r1, #2
1000096e:	68ae      	ldr	r6, [r5, #8]
10000970:	b252      	sxtb	r2, r2
10000972:	5876      	ldr	r6, [r6, r1]
10000974:	42a6      	cmp	r6, r4
10000976:	d01c      	beq.n	100009b2 <irq_add_tail_to_free_list+0x72>
10000978:	2106      	movs	r1, #6
1000097a:	5659      	ldrsb	r1, [r3, r1]
1000097c:	4291      	cmp	r1, r2
1000097e:	d01c      	beq.n	100009ba <irq_add_tail_to_free_list+0x7a>
10000980:	2112      	movs	r1, #18
10000982:	5659      	ldrsb	r1, [r3, r1]
10000984:	4291      	cmp	r1, r2
10000986:	d022      	beq.n	100009ce <irq_add_tail_to_free_list+0x8e>
10000988:	211e      	movs	r1, #30
1000098a:	5659      	ldrsb	r1, [r3, r1]
1000098c:	4291      	cmp	r1, r2
1000098e:	d020      	beq.n	100009d2 <irq_add_tail_to_free_list+0x92>
10000990:	212a      	movs	r1, #42	@ 0x2a
10000992:	5659      	ldrsb	r1, [r3, r1]
10000994:	2403      	movs	r4, #3
10000996:	4291      	cmp	r1, r2
10000998:	d010      	beq.n	100009bc <irq_add_tail_to_free_list+0x7c>
1000099a:	4b13      	ldr	r3, [pc, #76]	@ (100009e8 <irq_add_tail_to_free_list+0xa8>)
1000099c:	7819      	ldrb	r1, [r3, #0]
1000099e:	701a      	strb	r2, [r3, #0]
100009a0:	7181      	strb	r1, [r0, #6]
100009a2:	f3bf 8f5f 	dmb	sy
100009a6:	2200      	movs	r2, #0
100009a8:	4b0b      	ldr	r3, [pc, #44]	@ (100009d8 <irq_add_tail_to_free_list+0x98>)
100009aa:	601a      	str	r2, [r3, #0]
100009ac:	f38c 8810 	msr	PRIMASK, ip
100009b0:	bd70      	pop	{r4, r5, r6, pc}
100009b2:	68ab      	ldr	r3, [r5, #8]
100009b4:	4c0d      	ldr	r4, [pc, #52]	@ (100009ec <irq_add_tail_to_free_list+0xac>)
100009b6:	505c      	str	r4, [r3, r1]
100009b8:	e7ef      	b.n	1000099a <irq_add_tail_to_free_list+0x5a>
100009ba:	2400      	movs	r4, #0
100009bc:	0061      	lsls	r1, r4, #1
100009be:	1909      	adds	r1, r1, r4
100009c0:	0089      	lsls	r1, r1, #2
100009c2:	185b      	adds	r3, r3, r1
100009c4:	21ff      	movs	r1, #255	@ 0xff
100009c6:	7199      	strb	r1, [r3, #6]
100009c8:	4909      	ldr	r1, [pc, #36]	@ (100009f0 <irq_add_tail_to_free_list+0xb0>)
100009ca:	8099      	strh	r1, [r3, #4]
100009cc:	e7e5      	b.n	1000099a <irq_add_tail_to_free_list+0x5a>
100009ce:	2401      	movs	r4, #1
100009d0:	e7f4      	b.n	100009bc <irq_add_tail_to_free_list+0x7c>
100009d2:	2402      	movs	r4, #2
100009d4:	e7f2      	b.n	100009bc <irq_add_tail_to_free_list+0x7c>
100009d6:	46c0      	nop			@ (mov r8, r8)
100009d8:	d0000124 	.word	0xd0000124
100009dc:	20000fe4 	.word	0x20000fe4
100009e0:	0000aaaa 	.word	0x0000aaaa
100009e4:	e000ed00 	.word	0xe000ed00
100009e8:	2000213d 	.word	0x2000213d
100009ec:	100001c1 	.word	0x100001c1
100009f0:	ffffbd01 	.word	0xffffbd01

100009f4 <user_irq_claim_unused>:
100009f4:	b510      	push	{r4, lr}
100009f6:	4b08      	ldr	r3, [pc, #32]	@ (10000a18 <user_irq_claim_unused+0x24>)
100009f8:	4c08      	ldr	r4, [pc, #32]	@ (10000a1c <user_irq_claim_unused+0x28>)
100009fa:	b082      	sub	sp, #8
100009fc:	0001      	movs	r1, r0
100009fe:	9300      	str	r3, [sp, #0]
10000a00:	2200      	movs	r2, #0
10000a02:	2305      	movs	r3, #5
10000a04:	0020      	movs	r0, r4
10000a06:	f7ff fdbd 	bl	10000584 <hw_claim_unused_from_range>
10000a0a:	2800      	cmp	r0, #0
10000a0c:	db01      	blt.n	10000a12 <user_irq_claim_unused+0x1e>
10000a0e:	231f      	movs	r3, #31
10000a10:	1a18      	subs	r0, r3, r0
10000a12:	b002      	add	sp, #8
10000a14:	bd10      	pop	{r4, pc}
10000a16:	46c0      	nop			@ (mov r8, r8)
10000a18:	100071a8 	.word	0x100071a8
10000a1c:	20002141 	.word	0x20002141

10000a20 <lock_init>:
10000a20:	4b02      	ldr	r3, [pc, #8]	@ (10000a2c <lock_init+0xc>)
10000a22:	469c      	mov	ip, r3
10000a24:	4461      	add	r1, ip
10000a26:	0089      	lsls	r1, r1, #2
10000a28:	6001      	str	r1, [r0, #0]
10000a2a:	4770      	bx	lr
10000a2c:	34000040 	.word	0x34000040

10000a30 <runtime_init_mutex>:
10000a30:	b570      	push	{r4, r5, r6, lr}
10000a32:	4c11      	ldr	r4, [pc, #68]	@ (10000a78 <runtime_init_mutex+0x48>)
10000a34:	4d11      	ldr	r5, [pc, #68]	@ (10000a7c <runtime_init_mutex+0x4c>)
10000a36:	42ac      	cmp	r4, r5
10000a38:	d20f      	bcs.n	10000a5a <runtime_init_mutex+0x2a>
10000a3a:	26ff      	movs	r6, #255	@ 0xff
10000a3c:	6823      	ldr	r3, [r4, #0]
10000a3e:	2b00      	cmp	r3, #0
10000a40:	d00c      	beq.n	10000a5c <runtime_init_mutex+0x2c>
10000a42:	f7ff fde3 	bl	1000060c <next_striped_spin_lock_num>
10000a46:	0001      	movs	r1, r0
10000a48:	0020      	movs	r0, r4
10000a4a:	f7ff ffe9 	bl	10000a20 <lock_init>
10000a4e:	80a6      	strh	r6, [r4, #4]
10000a50:	f3bf 8f5f 	dmb	sy
10000a54:	3408      	adds	r4, #8
10000a56:	42ac      	cmp	r4, r5
10000a58:	d3f0      	bcc.n	10000a3c <runtime_init_mutex+0xc>
10000a5a:	bd70      	pop	{r4, r5, r6, pc}
10000a5c:	f7ff fdd6 	bl	1000060c <next_striped_spin_lock_num>
10000a60:	0001      	movs	r1, r0
10000a62:	0020      	movs	r0, r4
10000a64:	f7ff ffdc 	bl	10000a20 <lock_init>
10000a68:	7126      	strb	r6, [r4, #4]
10000a6a:	f3bf 8f5f 	dmb	sy
10000a6e:	3408      	adds	r4, #8
10000a70:	42ac      	cmp	r4, r5
10000a72:	d3e3      	bcc.n	10000a3c <runtime_init_mutex+0xc>
10000a74:	e7f1      	b.n	10000a5a <runtime_init_mutex+0x2a>
10000a76:	46c0      	nop			@ (mov r8, r8)
10000a78:	200010a8 	.word	0x200010a8
10000a7c:	200010b0 	.word	0x200010b0

10000a80 <mutex_init>:
10000a80:	b510      	push	{r4, lr}
10000a82:	0004      	movs	r4, r0
10000a84:	f7ff fdc2 	bl	1000060c <next_striped_spin_lock_num>
10000a88:	0001      	movs	r1, r0
10000a8a:	0020      	movs	r0, r4
10000a8c:	f7ff ffc8 	bl	10000a20 <lock_init>
10000a90:	23ff      	movs	r3, #255	@ 0xff
10000a92:	7123      	strb	r3, [r4, #4]
10000a94:	f3bf 8f5f 	dmb	sy
10000a98:	bd10      	pop	{r4, pc}
10000a9a:	46c0      	nop			@ (mov r8, r8)

10000a9c <critical_section_init>:
10000a9c:	b510      	push	{r4, lr}
10000a9e:	0004      	movs	r4, r0
10000aa0:	2001      	movs	r0, #1
10000aa2:	f7ff fdbf 	bl	10000624 <spin_lock_claim_unused>
10000aa6:	4b03      	ldr	r3, [pc, #12]	@ (10000ab4 <critical_section_init+0x18>)
10000aa8:	18c3      	adds	r3, r0, r3
10000aaa:	009b      	lsls	r3, r3, #2
10000aac:	6023      	str	r3, [r4, #0]
10000aae:	f3bf 8f5f 	dmb	sy
10000ab2:	bd10      	pop	{r4, pc}
10000ab4:	34000040 	.word	0x34000040

10000ab8 <critical_section_init_with_lock_num>:
10000ab8:	4b03      	ldr	r3, [pc, #12]	@ (10000ac8 <critical_section_init_with_lock_num+0x10>)
10000aba:	469c      	mov	ip, r3
10000abc:	4461      	add	r1, ip
10000abe:	0089      	lsls	r1, r1, #2
10000ac0:	6001      	str	r1, [r0, #0]
10000ac2:	f3bf 8f5f 	dmb	sy
10000ac6:	4770      	bx	lr
10000ac8:	34000040 	.word	0x34000040

10000acc <sleep_until_callback>:
10000acc:	4b0a      	ldr	r3, [pc, #40]	@ (10000af8 <sleep_until_callback+0x2c>)
10000ace:	6819      	ldr	r1, [r3, #0]
10000ad0:	f3ef 8010 	mrs	r0, PRIMASK
10000ad4:	b672      	cpsid	i
10000ad6:	680a      	ldr	r2, [r1, #0]
10000ad8:	2a00      	cmp	r2, #0
10000ada:	d0fc      	beq.n	10000ad6 <sleep_until_callback+0xa>
10000adc:	f3bf 8f5f 	dmb	sy
10000ae0:	681b      	ldr	r3, [r3, #0]
10000ae2:	f3bf 8f5f 	dmb	sy
10000ae6:	2200      	movs	r2, #0
10000ae8:	601a      	str	r2, [r3, #0]
10000aea:	f380 8810 	msr	PRIMASK, r0
10000aee:	bf40      	sev
10000af0:	2000      	movs	r0, #0
10000af2:	2100      	movs	r1, #0
10000af4:	4770      	bx	lr
10000af6:	46c0      	nop			@ (mov r8, r8)
10000af8:	2000211c 	.word	0x2000211c

10000afc <alarm_pool_irq_handler>:
10000afc:	b5f0      	push	{r4, r5, r6, r7, lr}
10000afe:	46de      	mov	lr, fp
10000b00:	4657      	mov	r7, sl
10000b02:	464e      	mov	r6, r9
10000b04:	4645      	mov	r5, r8
10000b06:	b5e0      	push	{r5, r6, r7, lr}
10000b08:	b087      	sub	sp, #28
10000b0a:	f3ef 8305 	mrs	r3, IPSR
10000b0e:	2203      	movs	r2, #3
10000b10:	2501      	movs	r5, #1
10000b12:	401a      	ands	r2, r3
10000b14:	4095      	lsls	r5, r2
10000b16:	0091      	lsls	r1, r2, #2
10000b18:	4688      	mov	r8, r1
10000b1a:	46a9      	mov	r9, r5
10000b1c:	4bb3      	ldr	r3, [pc, #716]	@ (10000dec <alarm_pool_irq_handler+0x2f0>)
10000b1e:	9203      	str	r2, [sp, #12]
10000b20:	585c      	ldr	r4, [r3, r1]
10000b22:	4bb3      	ldr	r3, [pc, #716]	@ (10000df0 <alarm_pool_irq_handler+0x2f4>)
10000b24:	601d      	str	r5, [r3, #0]
10000b26:	4bb3      	ldr	r3, [pc, #716]	@ (10000df4 <alarm_pool_irq_handler+0x2f8>)
10000b28:	9304      	str	r3, [sp, #16]
10000b2a:	464b      	mov	r3, r9
10000b2c:	48b2      	ldr	r0, [pc, #712]	@ (10000df8 <alarm_pool_irq_handler+0x2fc>)
10000b2e:	6343      	str	r3, [r0, #52]	@ 0x34
10000b30:	2308      	movs	r3, #8
10000b32:	5ee5      	ldrsh	r5, [r4, r3]
10000b34:	2d00      	cmp	r5, #0
10000b36:	da37      	bge.n	10000ba8 <alarm_pool_irq_handler+0xac>
10000b38:	88a3      	ldrh	r3, [r4, #4]
10000b3a:	b21b      	sxth	r3, r3
10000b3c:	2b00      	cmp	r3, #0
10000b3e:	db00      	blt.n	10000b42 <alarm_pool_irq_handler+0x46>
10000b40:	e0ad      	b.n	10000c9e <alarm_pool_irq_handler+0x1a2>
10000b42:	79a3      	ldrb	r3, [r4, #6]
10000b44:	2b00      	cmp	r3, #0
10000b46:	d000      	beq.n	10000b4a <alarm_pool_irq_handler+0x4e>
10000b48:	e0ee      	b.n	10000d28 <alarm_pool_irq_handler+0x22c>
10000b4a:	2308      	movs	r3, #8
10000b4c:	5ee0      	ldrsh	r0, [r4, r3]
10000b4e:	2800      	cmp	r0, #0
10000b50:	db20      	blt.n	10000b94 <alarm_pool_irq_handler+0x98>
10000b52:	0043      	lsls	r3, r0, #1
10000b54:	6962      	ldr	r2, [r4, #20]
10000b56:	181b      	adds	r3, r3, r0
10000b58:	00db      	lsls	r3, r3, #3
10000b5a:	18d3      	adds	r3, r2, r3
10000b5c:	689e      	ldr	r6, [r3, #8]
10000b5e:	68dd      	ldr	r5, [r3, #12]
10000b60:	1c73      	adds	r3, r6, #1
10000b62:	d100      	bne.n	10000b66 <alarm_pool_irq_handler+0x6a>
10000b64:	e111      	b.n	10000d8a <alarm_pool_irq_handler+0x28e>
10000b66:	48a4      	ldr	r0, [pc, #656]	@ (10000df8 <alarm_pool_irq_handler+0x2fc>)
10000b68:	0001      	movs	r1, r0
10000b6a:	4441      	add	r1, r8
10000b6c:	6a82      	ldr	r2, [r0, #40]	@ 0x28
10000b6e:	690b      	ldr	r3, [r1, #16]
10000b70:	1ab7      	subs	r7, r6, r2
10000b72:	1a9b      	subs	r3, r3, r2
10000b74:	429f      	cmp	r7, r3
10000b76:	d315      	bcc.n	10000ba4 <alarm_pool_irq_handler+0xa8>
10000b78:	2301      	movs	r3, #1
10000b7a:	6a02      	ldr	r2, [r0, #32]
10000b7c:	9803      	ldr	r0, [sp, #12]
10000b7e:	4083      	lsls	r3, r0
10000b80:	421a      	tst	r2, r3
10000b82:	d00f      	beq.n	10000ba4 <alarm_pool_irq_handler+0xa8>
10000b84:	489c      	ldr	r0, [pc, #624]	@ (10000df8 <alarm_pool_irq_handler+0x2fc>)
10000b86:	f000 fbb5 	bl	100012f4 <timer_time_us_64>
10000b8a:	428d      	cmp	r5, r1
10000b8c:	dc02      	bgt.n	10000b94 <alarm_pool_irq_handler+0x98>
10000b8e:	d1cc      	bne.n	10000b2a <alarm_pool_irq_handler+0x2e>
10000b90:	4286      	cmp	r6, r0
10000b92:	d9ca      	bls.n	10000b2a <alarm_pool_irq_handler+0x2e>
10000b94:	bf40      	sev
10000b96:	b007      	add	sp, #28
10000b98:	bcf0      	pop	{r4, r5, r6, r7}
10000b9a:	46bb      	mov	fp, r7
10000b9c:	46b2      	mov	sl, r6
10000b9e:	46a9      	mov	r9, r5
10000ba0:	46a0      	mov	r8, r4
10000ba2:	bdf0      	pop	{r4, r5, r6, r7, pc}
10000ba4:	610e      	str	r6, [r1, #16]
10000ba6:	e7ed      	b.n	10000b84 <alarm_pool_irq_handler+0x88>
10000ba8:	6962      	ldr	r2, [r4, #20]
10000baa:	006b      	lsls	r3, r5, #1
10000bac:	4692      	mov	sl, r2
10000bae:	195b      	adds	r3, r3, r5
10000bb0:	00db      	lsls	r3, r3, #3
10000bb2:	449a      	add	sl, r3
10000bb4:	4653      	mov	r3, sl
10000bb6:	689e      	ldr	r6, [r3, #8]
10000bb8:	68df      	ldr	r7, [r3, #12]
10000bba:	f000 fb9b 	bl	100012f4 <timer_time_us_64>
10000bbe:	428f      	cmp	r7, r1
10000bc0:	dcba      	bgt.n	10000b38 <alarm_pool_irq_handler+0x3c>
10000bc2:	d100      	bne.n	10000bc6 <alarm_pool_irq_handler+0xca>
10000bc4:	e103      	b.n	10000dce <alarm_pool_irq_handler+0x2d2>
10000bc6:	2f00      	cmp	r7, #0
10000bc8:	da00      	bge.n	10000bcc <alarm_pool_irq_handler+0xd0>
10000bca:	e0e8      	b.n	10000d9e <alarm_pool_irq_handler+0x2a2>
10000bcc:	4652      	mov	r2, sl
10000bce:	4653      	mov	r3, sl
10000bd0:	6952      	ldr	r2, [r2, #20]
10000bd2:	691b      	ldr	r3, [r3, #16]
10000bd4:	4693      	mov	fp, r2
10000bd6:	9a04      	ldr	r2, [sp, #16]
10000bd8:	4293      	cmp	r3, r2
10000bda:	d100      	bne.n	10000bde <alarm_pool_irq_handler+0xe2>
10000bdc:	e0d9      	b.n	10000d92 <alarm_pool_irq_handler+0x296>
10000bde:	4652      	mov	r2, sl
10000be0:	2108      	movs	r1, #8
10000be2:	5e60      	ldrsh	r0, [r4, r1]
10000be4:	8852      	ldrh	r2, [r2, #2]
10000be6:	0400      	lsls	r0, r0, #16
10000be8:	4659      	mov	r1, fp
10000bea:	4310      	orrs	r0, r2
10000bec:	4798      	blx	r3
10000bee:	9000      	str	r0, [sp, #0]
10000bf0:	9101      	str	r1, [sp, #4]
10000bf2:	9900      	ldr	r1, [sp, #0]
10000bf4:	9a01      	ldr	r2, [sp, #4]
10000bf6:	000b      	movs	r3, r1
10000bf8:	0010      	movs	r0, r2
10000bfa:	4313      	orrs	r3, r2
10000bfc:	d100      	bne.n	10000c00 <alarm_pool_irq_handler+0x104>
10000bfe:	e0ce      	b.n	10000d9e <alarm_pool_irq_handler+0x2a2>
10000c00:	0013      	movs	r3, r2
10000c02:	000a      	movs	r2, r1
10000c04:	1ab6      	subs	r6, r6, r2
10000c06:	419f      	sbcs	r7, r3
10000c08:	2800      	cmp	r0, #0
10000c0a:	db06      	blt.n	10000c1a <alarm_pool_irq_handler+0x11e>
10000c0c:	487a      	ldr	r0, [pc, #488]	@ (10000df8 <alarm_pool_irq_handler+0x2fc>)
10000c0e:	f000 fb71 	bl	100012f4 <timer_time_us_64>
10000c12:	9e00      	ldr	r6, [sp, #0]
10000c14:	9f01      	ldr	r7, [sp, #4]
10000c16:	1836      	adds	r6, r6, r0
10000c18:	414f      	adcs	r7, r1
10000c1a:	4653      	mov	r3, sl
10000c1c:	609e      	str	r6, [r3, #8]
10000c1e:	60df      	str	r7, [r3, #12]
10000c20:	2200      	movs	r2, #0
10000c22:	5e9a      	ldrsh	r2, [r3, r2]
10000c24:	2a00      	cmp	r2, #0
10000c26:	da00      	bge.n	10000c2a <alarm_pool_irq_handler+0x12e>
10000c28:	e786      	b.n	10000b38 <alarm_pool_irq_handler+0x3c>
10000c2a:	0053      	lsls	r3, r2, #1
10000c2c:	1899      	adds	r1, r3, r2
10000c2e:	6960      	ldr	r0, [r4, #20]
10000c30:	00c9      	lsls	r1, r1, #3
10000c32:	1841      	adds	r1, r0, r1
10000c34:	9302      	str	r3, [sp, #8]
10000c36:	688b      	ldr	r3, [r1, #8]
10000c38:	68c9      	ldr	r1, [r1, #12]
10000c3a:	469b      	mov	fp, r3
10000c3c:	42b9      	cmp	r1, r7
10000c3e:	dd00      	ble.n	10000c42 <alarm_pool_irq_handler+0x146>
10000c40:	e77a      	b.n	10000b38 <alarm_pool_irq_handler+0x3c>
10000c42:	d102      	bne.n	10000c4a <alarm_pool_irq_handler+0x14e>
10000c44:	42b3      	cmp	r3, r6
10000c46:	d900      	bls.n	10000c4a <alarm_pool_irq_handler+0x14e>
10000c48:	e776      	b.n	10000b38 <alarm_pool_irq_handler+0x3c>
10000c4a:	2308      	movs	r3, #8
10000c4c:	469c      	mov	ip, r3
10000c4e:	44a4      	add	ip, r4
10000c50:	9505      	str	r5, [sp, #20]
10000c52:	4665      	mov	r5, ip
10000c54:	8122      	strh	r2, [r4, #8]
10000c56:	46a4      	mov	ip, r4
10000c58:	9b02      	ldr	r3, [sp, #8]
10000c5a:	002c      	movs	r4, r5
10000c5c:	e006      	b.n	10000c6c <alarm_pool_irq_handler+0x170>
10000c5e:	0053      	lsls	r3, r2, #1
10000c60:	1899      	adds	r1, r3, r2
10000c62:	00c9      	lsls	r1, r1, #3
10000c64:	1841      	adds	r1, r0, r1
10000c66:	688d      	ldr	r5, [r1, #8]
10000c68:	68c9      	ldr	r1, [r1, #12]
10000c6a:	46ab      	mov	fp, r5
10000c6c:	189b      	adds	r3, r3, r2
10000c6e:	00db      	lsls	r3, r3, #3
10000c70:	18c3      	adds	r3, r0, r3
10000c72:	42b9      	cmp	r1, r7
10000c74:	dc06      	bgt.n	10000c84 <alarm_pool_irq_handler+0x188>
10000c76:	d100      	bne.n	10000c7a <alarm_pool_irq_handler+0x17e>
10000c78:	e0b3      	b.n	10000de2 <alarm_pool_irq_handler+0x2e6>
10000c7a:	001c      	movs	r4, r3
10000c7c:	2300      	movs	r3, #0
10000c7e:	5ee2      	ldrsh	r2, [r4, r3]
10000c80:	2a00      	cmp	r2, #0
10000c82:	daec      	bge.n	10000c5e <alarm_pool_irq_handler+0x162>
10000c84:	0023      	movs	r3, r4
10000c86:	4664      	mov	r4, ip
10000c88:	469c      	mov	ip, r3
10000c8a:	4653      	mov	r3, sl
10000c8c:	801a      	strh	r2, [r3, #0]
10000c8e:	4663      	mov	r3, ip
10000c90:	9d05      	ldr	r5, [sp, #20]
10000c92:	801d      	strh	r5, [r3, #0]
10000c94:	88a3      	ldrh	r3, [r4, #4]
10000c96:	b21b      	sxth	r3, r3
10000c98:	2b00      	cmp	r3, #0
10000c9a:	da00      	bge.n	10000c9e <alarm_pool_irq_handler+0x1a2>
10000c9c:	e751      	b.n	10000b42 <alarm_pool_irq_handler+0x46>
10000c9e:	6922      	ldr	r2, [r4, #16]
10000ca0:	f3ef 8110 	mrs	r1, PRIMASK
10000ca4:	b672      	cpsid	i
10000ca6:	6813      	ldr	r3, [r2, #0]
10000ca8:	2b00      	cmp	r3, #0
10000caa:	d0fc      	beq.n	10000ca6 <alarm_pool_irq_handler+0x1aa>
10000cac:	f3bf 8f5f 	dmb	sy
10000cb0:	2301      	movs	r3, #1
10000cb2:	88a7      	ldrh	r7, [r4, #4]
10000cb4:	425b      	negs	r3, r3
10000cb6:	80a3      	strh	r3, [r4, #4]
10000cb8:	b23f      	sxth	r7, r7
10000cba:	6923      	ldr	r3, [r4, #16]
10000cbc:	f3bf 8f5f 	dmb	sy
10000cc0:	2200      	movs	r2, #0
10000cc2:	601a      	str	r2, [r3, #0]
10000cc4:	f381 8810 	msr	PRIMASK, r1
10000cc8:	2f00      	cmp	r7, #0
10000cca:	da00      	bge.n	10000cce <alarm_pool_irq_handler+0x1d2>
10000ccc:	e739      	b.n	10000b42 <alarm_pool_irq_handler+0x46>
10000cce:	0023      	movs	r3, r4
10000cd0:	3308      	adds	r3, #8
10000cd2:	0022      	movs	r2, r4
10000cd4:	469a      	mov	sl, r3
10000cd6:	6966      	ldr	r6, [r4, #20]
10000cd8:	007b      	lsls	r3, r7, #1
10000cda:	19db      	adds	r3, r3, r7
10000cdc:	00db      	lsls	r3, r3, #3
10000cde:	18f3      	adds	r3, r6, r3
10000ce0:	6899      	ldr	r1, [r3, #8]
10000ce2:	4650      	mov	r0, sl
10000ce4:	468c      	mov	ip, r1
10000ce6:	2408      	movs	r4, #8
10000ce8:	5f11      	ldrsh	r1, [r2, r4]
10000cea:	68dd      	ldr	r5, [r3, #12]
10000cec:	2900      	cmp	r1, #0
10000cee:	db10      	blt.n	10000d12 <alarm_pool_irq_handler+0x216>
10000cf0:	9302      	str	r3, [sp, #8]
10000cf2:	e006      	b.n	10000d02 <alarm_pool_irq_handler+0x206>
10000cf4:	42ab      	cmp	r3, r5
10000cf6:	d044      	beq.n	10000d82 <alarm_pool_irq_handler+0x286>
10000cf8:	2300      	movs	r3, #0
10000cfa:	5ee1      	ldrsh	r1, [r4, r3]
10000cfc:	0020      	movs	r0, r4
10000cfe:	2900      	cmp	r1, #0
10000d00:	db06      	blt.n	10000d10 <alarm_pool_irq_handler+0x214>
10000d02:	004c      	lsls	r4, r1, #1
10000d04:	1864      	adds	r4, r4, r1
10000d06:	00e4      	lsls	r4, r4, #3
10000d08:	1934      	adds	r4, r6, r4
10000d0a:	68e3      	ldr	r3, [r4, #12]
10000d0c:	42ab      	cmp	r3, r5
10000d0e:	ddf1      	ble.n	10000cf4 <alarm_pool_irq_handler+0x1f8>
10000d10:	9b02      	ldr	r3, [sp, #8]
10000d12:	8007      	strh	r7, [r0, #0]
10000d14:	2000      	movs	r0, #0
10000d16:	5e1f      	ldrsh	r7, [r3, r0]
10000d18:	8019      	strh	r1, [r3, #0]
10000d1a:	2f00      	cmp	r7, #0
10000d1c:	dadc      	bge.n	10000cd8 <alarm_pool_irq_handler+0x1dc>
10000d1e:	0014      	movs	r4, r2
10000d20:	79a3      	ldrb	r3, [r4, #6]
10000d22:	2b00      	cmp	r3, #0
10000d24:	d100      	bne.n	10000d28 <alarm_pool_irq_handler+0x22c>
10000d26:	e710      	b.n	10000b4a <alarm_pool_irq_handler+0x4e>
10000d28:	2300      	movs	r3, #0
10000d2a:	71a3      	strb	r3, [r4, #6]
10000d2c:	0026      	movs	r6, r4
10000d2e:	2308      	movs	r3, #8
10000d30:	5ee1      	ldrsh	r1, [r4, r3]
10000d32:	3608      	adds	r6, #8
10000d34:	1c4b      	adds	r3, r1, #1
10000d36:	d100      	bne.n	10000d3a <alarm_pool_irq_handler+0x23e>
10000d38:	e72c      	b.n	10000b94 <alarm_pool_irq_handler+0x98>
10000d3a:	0008      	movs	r0, r1
10000d3c:	46a2      	mov	sl, r4
10000d3e:	6965      	ldr	r5, [r4, #20]
10000d40:	e002      	b.n	10000d48 <alarm_pool_irq_handler+0x24c>
10000d42:	003e      	movs	r6, r7
10000d44:	1c4b      	adds	r3, r1, #1
10000d46:	d01a      	beq.n	10000d7e <alarm_pool_irq_handler+0x282>
10000d48:	004b      	lsls	r3, r1, #1
10000d4a:	185b      	adds	r3, r3, r1
10000d4c:	00db      	lsls	r3, r3, #3
10000d4e:	18ef      	adds	r7, r5, r3
10000d50:	000a      	movs	r2, r1
10000d52:	468c      	mov	ip, r1
10000d54:	5ee9      	ldrsh	r1, [r5, r3]
10000d56:	887b      	ldrh	r3, [r7, #2]
10000d58:	b21b      	sxth	r3, r3
10000d5a:	2b00      	cmp	r3, #0
10000d5c:	daf1      	bge.n	10000d42 <alarm_pool_irq_handler+0x246>
10000d5e:	2301      	movs	r3, #1
10000d60:	425b      	negs	r3, r3
10000d62:	17dc      	asrs	r4, r3, #31
10000d64:	60bb      	str	r3, [r7, #8]
10000d66:	60fc      	str	r4, [r7, #12]
10000d68:	4282      	cmp	r2, r0
10000d6a:	d005      	beq.n	10000d78 <alarm_pool_irq_handler+0x27c>
10000d6c:	4653      	mov	r3, sl
10000d6e:	8031      	strh	r1, [r6, #0]
10000d70:	891b      	ldrh	r3, [r3, #8]
10000d72:	803b      	strh	r3, [r7, #0]
10000d74:	4653      	mov	r3, sl
10000d76:	811a      	strh	r2, [r3, #8]
10000d78:	4660      	mov	r0, ip
10000d7a:	1c4b      	adds	r3, r1, #1
10000d7c:	d1e4      	bne.n	10000d48 <alarm_pool_irq_handler+0x24c>
10000d7e:	4654      	mov	r4, sl
10000d80:	e6e5      	b.n	10000b4e <alarm_pool_irq_handler+0x52>
10000d82:	68a3      	ldr	r3, [r4, #8]
10000d84:	4563      	cmp	r3, ip
10000d86:	d9b7      	bls.n	10000cf8 <alarm_pool_irq_handler+0x1fc>
10000d88:	e7c2      	b.n	10000d10 <alarm_pool_irq_handler+0x214>
10000d8a:	1c6b      	adds	r3, r5, #1
10000d8c:	d000      	beq.n	10000d90 <alarm_pool_irq_handler+0x294>
10000d8e:	e6ea      	b.n	10000b66 <alarm_pool_irq_handler+0x6a>
10000d90:	e6f8      	b.n	10000b84 <alarm_pool_irq_handler+0x88>
10000d92:	465b      	mov	r3, fp
10000d94:	4658      	mov	r0, fp
10000d96:	691b      	ldr	r3, [r3, #16]
10000d98:	4798      	blx	r3
10000d9a:	2800      	cmp	r0, #0
10000d9c:	d11b      	bne.n	10000dd6 <alarm_pool_irq_handler+0x2da>
10000d9e:	4653      	mov	r3, sl
10000da0:	881b      	ldrh	r3, [r3, #0]
10000da2:	6922      	ldr	r2, [r4, #16]
10000da4:	8123      	strh	r3, [r4, #8]
10000da6:	f3ef 8310 	mrs	r3, PRIMASK
10000daa:	b672      	cpsid	i
10000dac:	6811      	ldr	r1, [r2, #0]
10000dae:	2900      	cmp	r1, #0
10000db0:	d0fc      	beq.n	10000dac <alarm_pool_irq_handler+0x2b0>
10000db2:	f3bf 8f5f 	dmb	sy
10000db6:	4651      	mov	r1, sl
10000db8:	8862      	ldrh	r2, [r4, #2]
10000dba:	800a      	strh	r2, [r1, #0]
10000dbc:	6922      	ldr	r2, [r4, #16]
10000dbe:	8065      	strh	r5, [r4, #2]
10000dc0:	f3bf 8f5f 	dmb	sy
10000dc4:	2100      	movs	r1, #0
10000dc6:	6011      	str	r1, [r2, #0]
10000dc8:	f383 8810 	msr	PRIMASK, r3
10000dcc:	e6b4      	b.n	10000b38 <alarm_pool_irq_handler+0x3c>
10000dce:	4286      	cmp	r6, r0
10000dd0:	d800      	bhi.n	10000dd4 <alarm_pool_irq_handler+0x2d8>
10000dd2:	e6f8      	b.n	10000bc6 <alarm_pool_irq_handler+0xca>
10000dd4:	e6b0      	b.n	10000b38 <alarm_pool_irq_handler+0x3c>
10000dd6:	465b      	mov	r3, fp
10000dd8:	681a      	ldr	r2, [r3, #0]
10000dda:	685b      	ldr	r3, [r3, #4]
10000ddc:	9200      	str	r2, [sp, #0]
10000dde:	9301      	str	r3, [sp, #4]
10000de0:	e707      	b.n	10000bf2 <alarm_pool_irq_handler+0xf6>
10000de2:	45b3      	cmp	fp, r6
10000de4:	d800      	bhi.n	10000de8 <alarm_pool_irq_handler+0x2ec>
10000de6:	e748      	b.n	10000c7a <alarm_pool_irq_handler+0x17e>
10000de8:	e74c      	b.n	10000c84 <alarm_pool_irq_handler+0x188>
10000dea:	46c0      	nop			@ (mov r8, r8)
10000dec:	20002100 	.word	0x20002100
10000df0:	4005703c 	.word	0x4005703c
10000df4:	10000afd 	.word	0x10000afd
10000df8:	40054000 	.word	0x40054000

10000dfc <runtime_init_default_alarm_pool>:
10000dfc:	b570      	push	{r4, r5, r6, lr}
10000dfe:	4c2e      	ldr	r4, [pc, #184]	@ (10000eb8 <runtime_init_default_alarm_pool+0xbc>)
10000e00:	6925      	ldr	r5, [r4, #16]
10000e02:	2d00      	cmp	r5, #0
10000e04:	d004      	beq.n	10000e10 <runtime_init_default_alarm_pool+0x14>
10000e06:	210a      	movs	r1, #10
10000e08:	482c      	ldr	r0, [pc, #176]	@ (10000ebc <runtime_init_default_alarm_pool+0xc0>)
10000e0a:	f7ff fe09 	bl	10000a20 <lock_init>
10000e0e:	bd70      	pop	{r4, r5, r6, pc}
10000e10:	4e2b      	ldr	r6, [pc, #172]	@ (10000ec0 <runtime_init_default_alarm_pool+0xc4>)
10000e12:	2103      	movs	r1, #3
10000e14:	0030      	movs	r0, r6
10000e16:	f000 fa63 	bl	100012e0 <timer_hardware_alarm_claim>
10000e1a:	60e6      	str	r6, [r4, #12]
10000e1c:	f7ff fbf6 	bl	1000060c <next_striped_spin_lock_num>
10000e20:	4b28      	ldr	r3, [pc, #160]	@ (10000ec4 <runtime_init_default_alarm_pool+0xc8>)
10000e22:	2203      	movs	r2, #3
10000e24:	469c      	mov	ip, r3
10000e26:	23d0      	movs	r3, #208	@ 0xd0
10000e28:	7022      	strb	r2, [r4, #0]
10000e2a:	061b      	lsls	r3, r3, #24
10000e2c:	681b      	ldr	r3, [r3, #0]
10000e2e:	2101      	movs	r1, #1
10000e30:	7063      	strb	r3, [r4, #1]
10000e32:	4b25      	ldr	r3, [pc, #148]	@ (10000ec8 <runtime_init_default_alarm_pool+0xcc>)
10000e34:	4460      	add	r0, ip
10000e36:	60a3      	str	r3, [r4, #8]
10000e38:	230f      	movs	r3, #15
10000e3a:	0080      	lsls	r0, r0, #2
10000e3c:	6120      	str	r0, [r4, #16]
10000e3e:	2002      	movs	r0, #2
10000e40:	8063      	strh	r3, [r4, #2]
10000e42:	6963      	ldr	r3, [r4, #20]
10000e44:	4249      	negs	r1, r1
10000e46:	80a1      	strh	r1, [r4, #4]
10000e48:	8019      	strh	r1, [r3, #0]
10000e4a:	3102      	adds	r1, #2
10000e4c:	8619      	strh	r1, [r3, #48]	@ 0x30
10000e4e:	3147      	adds	r1, #71	@ 0x47
10000e50:	831d      	strh	r5, [r3, #24]
10000e52:	5258      	strh	r0, [r3, r1]
10000e54:	3118      	adds	r1, #24
10000e56:	525a      	strh	r2, [r3, r1]
10000e58:	3275      	adds	r2, #117	@ 0x75
10000e5a:	395c      	subs	r1, #92	@ 0x5c
10000e5c:	5299      	strh	r1, [r3, r2]
10000e5e:	3218      	adds	r2, #24
10000e60:	3101      	adds	r1, #1
10000e62:	5299      	strh	r1, [r3, r2]
10000e64:	3218      	adds	r2, #24
10000e66:	3101      	adds	r1, #1
10000e68:	5299      	strh	r1, [r3, r2]
10000e6a:	3218      	adds	r2, #24
10000e6c:	3101      	adds	r1, #1
10000e6e:	5299      	strh	r1, [r3, r2]
10000e70:	3508      	adds	r5, #8
10000e72:	3218      	adds	r2, #24
10000e74:	529d      	strh	r5, [r3, r2]
10000e76:	3102      	adds	r1, #2
10000e78:	3218      	adds	r2, #24
10000e7a:	5299      	strh	r1, [r3, r2]
10000e7c:	3218      	adds	r2, #24
10000e7e:	3101      	adds	r1, #1
10000e80:	5299      	strh	r1, [r3, r2]
10000e82:	3218      	adds	r2, #24
10000e84:	3101      	adds	r1, #1
10000e86:	5299      	strh	r1, [r3, r2]
10000e88:	3218      	adds	r2, #24
10000e8a:	3101      	adds	r1, #1
10000e8c:	5299      	strh	r1, [r3, r2]
10000e8e:	3218      	adds	r2, #24
10000e90:	3101      	adds	r1, #1
10000e92:	5299      	strh	r1, [r3, r2]
10000e94:	3218      	adds	r2, #24
10000e96:	3101      	adds	r1, #1
10000e98:	5299      	strh	r1, [r3, r2]
10000e9a:	4b0c      	ldr	r3, [pc, #48]	@ (10000ecc <runtime_init_default_alarm_pool+0xd0>)
10000e9c:	490c      	ldr	r1, [pc, #48]	@ (10000ed0 <runtime_init_default_alarm_pool+0xd4>)
10000e9e:	60dc      	str	r4, [r3, #12]
10000ea0:	3001      	adds	r0, #1
10000ea2:	6235      	str	r5, [r6, #32]
10000ea4:	f7ff fc28 	bl	100006f8 <irq_set_exclusive_handler>
10000ea8:	2101      	movs	r1, #1
10000eaa:	2003      	movs	r0, #3
10000eac:	f7ff fbec 	bl	10000688 <irq_set_enabled>
10000eb0:	4b08      	ldr	r3, [pc, #32]	@ (10000ed4 <runtime_init_default_alarm_pool+0xd8>)
10000eb2:	601d      	str	r5, [r3, #0]
10000eb4:	e7a7      	b.n	10000e06 <runtime_init_default_alarm_pool+0xa>
10000eb6:	46c0      	nop			@ (mov r8, r8)
10000eb8:	2000102c 	.word	0x2000102c
10000ebc:	2000211c 	.word	0x2000211c
10000ec0:	40054000 	.word	0x40054000
10000ec4:	34000040 	.word	0x34000040
10000ec8:	0010ffff 	.word	0x0010ffff
10000ecc:	20002100 	.word	0x20002100
10000ed0:	10000afd 	.word	0x10000afd
10000ed4:	40056038 	.word	0x40056038

10000ed8 <alarm_pool_get_default>:
10000ed8:	4800      	ldr	r0, [pc, #0]	@ (10000edc <alarm_pool_get_default+0x4>)
10000eda:	4770      	bx	lr
10000edc:	2000102c 	.word	0x2000102c

10000ee0 <alarm_pool_add_alarm_at>:
10000ee0:	b5f8      	push	{r3, r4, r5, r6, r7, lr}
10000ee2:	001f      	movs	r7, r3
10000ee4:	ab08      	add	r3, sp, #32
10000ee6:	781b      	ldrb	r3, [r3, #0]
10000ee8:	0004      	movs	r4, r0
10000eea:	0016      	movs	r6, r2
10000eec:	2b00      	cmp	r3, #0
10000eee:	d108      	bne.n	10000f02 <alarm_pool_add_alarm_at+0x22>
10000ef0:	f000 fa08 	bl	10001304 <time_us_64>
10000ef4:	0032      	movs	r2, r6
10000ef6:	003b      	movs	r3, r7
10000ef8:	1a12      	subs	r2, r2, r0
10000efa:	418b      	sbcs	r3, r1
10000efc:	2b00      	cmp	r3, #0
10000efe:	da00      	bge.n	10000f02 <alarm_pool_add_alarm_at+0x22>
10000f00:	e052      	b.n	10000fa8 <alarm_pool_add_alarm_at+0xc8>
10000f02:	6922      	ldr	r2, [r4, #16]
10000f04:	f3ef 8010 	mrs	r0, PRIMASK
10000f08:	b672      	cpsid	i
10000f0a:	6813      	ldr	r3, [r2, #0]
10000f0c:	2b00      	cmp	r3, #0
10000f0e:	d0fc      	beq.n	10000f0a <alarm_pool_add_alarm_at+0x2a>
10000f10:	f3bf 8f5f 	dmb	sy
10000f14:	2302      	movs	r3, #2
10000f16:	5ee1      	ldrsh	r1, [r4, r3]
10000f18:	6963      	ldr	r3, [r4, #20]
10000f1a:	004a      	lsls	r2, r1, #1
10000f1c:	1852      	adds	r2, r2, r1
10000f1e:	00d2      	lsls	r2, r2, #3
10000f20:	189b      	adds	r3, r3, r2
10000f22:	6922      	ldr	r2, [r4, #16]
10000f24:	2900      	cmp	r1, #0
10000f26:	db36      	blt.n	10000f96 <alarm_pool_add_alarm_at+0xb6>
10000f28:	881d      	ldrh	r5, [r3, #0]
10000f2a:	8065      	strh	r5, [r4, #2]
10000f2c:	f3bf 8f5f 	dmb	sy
10000f30:	2500      	movs	r5, #0
10000f32:	6015      	str	r5, [r2, #0]
10000f34:	f380 8810 	msr	PRIMASK, r0
10000f38:	9a06      	ldr	r2, [sp, #24]
10000f3a:	609e      	str	r6, [r3, #8]
10000f3c:	60df      	str	r7, [r3, #12]
10000f3e:	611a      	str	r2, [r3, #16]
10000f40:	9a07      	ldr	r2, [sp, #28]
10000f42:	615a      	str	r2, [r3, #20]
10000f44:	885a      	ldrh	r2, [r3, #2]
10000f46:	3201      	adds	r2, #1
10000f48:	0452      	lsls	r2, r2, #17
10000f4a:	0c52      	lsrs	r2, r2, #17
10000f4c:	1c10      	adds	r0, r2, #0
10000f4e:	2a00      	cmp	r2, #0
10000f50:	d01f      	beq.n	10000f92 <alarm_pool_add_alarm_at+0xb2>
10000f52:	b282      	uxth	r2, r0
10000f54:	8058      	strh	r0, [r3, #2]
10000f56:	0408      	lsls	r0, r1, #16
10000f58:	4310      	orrs	r0, r2
10000f5a:	6926      	ldr	r6, [r4, #16]
10000f5c:	f3ef 8710 	mrs	r7, PRIMASK
10000f60:	b672      	cpsid	i
10000f62:	6832      	ldr	r2, [r6, #0]
10000f64:	2a00      	cmp	r2, #0
10000f66:	d0fc      	beq.n	10000f62 <alarm_pool_add_alarm_at+0x82>
10000f68:	f3bf 8f5f 	dmb	sy
10000f6c:	88a2      	ldrh	r2, [r4, #4]
10000f6e:	801a      	strh	r2, [r3, #0]
10000f70:	80a1      	strh	r1, [r4, #4]
10000f72:	6923      	ldr	r3, [r4, #16]
10000f74:	f3bf 8f5f 	dmb	sy
10000f78:	2200      	movs	r2, #0
10000f7a:	601a      	str	r2, [r3, #0]
10000f7c:	f387 8810 	msr	PRIMASK, r7
10000f80:	490a      	ldr	r1, [pc, #40]	@ (10000fac <alarm_pool_add_alarm_at+0xcc>)
10000f82:	7823      	ldrb	r3, [r4, #0]
10000f84:	468c      	mov	ip, r1
10000f86:	3201      	adds	r2, #1
10000f88:	409a      	lsls	r2, r3
10000f8a:	68e3      	ldr	r3, [r4, #12]
10000f8c:	4463      	add	r3, ip
10000f8e:	601a      	str	r2, [r3, #0]
10000f90:	bdf8      	pop	{r3, r4, r5, r6, r7, pc}
10000f92:	2001      	movs	r0, #1
10000f94:	e7dd      	b.n	10000f52 <alarm_pool_add_alarm_at+0x72>
10000f96:	f3bf 8f5f 	dmb	sy
10000f9a:	2300      	movs	r3, #0
10000f9c:	6013      	str	r3, [r2, #0]
10000f9e:	f380 8810 	msr	PRIMASK, r0
10000fa2:	2001      	movs	r0, #1
10000fa4:	4240      	negs	r0, r0
10000fa6:	e7f3      	b.n	10000f90 <alarm_pool_add_alarm_at+0xb0>
10000fa8:	2000      	movs	r0, #0
10000faa:	e7f1      	b.n	10000f90 <alarm_pool_add_alarm_at+0xb0>
10000fac:	0000203c 	.word	0x0000203c

10000fb0 <alarm_pool_add_alarm_at_force_in_context>:
10000fb0:	b570      	push	{r4, r5, r6, lr}
10000fb2:	0001      	movs	r1, r0
10000fb4:	6904      	ldr	r4, [r0, #16]
10000fb6:	f3ef 8c10 	mrs	ip, PRIMASK
10000fba:	b672      	cpsid	i
10000fbc:	6820      	ldr	r0, [r4, #0]
10000fbe:	2800      	cmp	r0, #0
10000fc0:	d0fc      	beq.n	10000fbc <alarm_pool_add_alarm_at_force_in_context+0xc>
10000fc2:	f3bf 8f5f 	dmb	sy
10000fc6:	2002      	movs	r0, #2
10000fc8:	5e0d      	ldrsh	r5, [r1, r0]
10000fca:	694c      	ldr	r4, [r1, #20]
10000fcc:	0068      	lsls	r0, r5, #1
10000fce:	1940      	adds	r0, r0, r5
10000fd0:	00c0      	lsls	r0, r0, #3
10000fd2:	1824      	adds	r4, r4, r0
10000fd4:	6908      	ldr	r0, [r1, #16]
10000fd6:	2d00      	cmp	r5, #0
10000fd8:	db36      	blt.n	10001048 <alarm_pool_add_alarm_at_force_in_context+0x98>
10000fda:	8826      	ldrh	r6, [r4, #0]
10000fdc:	804e      	strh	r6, [r1, #2]
10000fde:	f3bf 8f5f 	dmb	sy
10000fe2:	2600      	movs	r6, #0
10000fe4:	6006      	str	r6, [r0, #0]
10000fe6:	f38c 8810 	msr	PRIMASK, ip
10000fea:	60e3      	str	r3, [r4, #12]
10000fec:	8863      	ldrh	r3, [r4, #2]
10000fee:	9804      	ldr	r0, [sp, #16]
10000ff0:	3301      	adds	r3, #1
10000ff2:	6120      	str	r0, [r4, #16]
10000ff4:	045b      	lsls	r3, r3, #17
10000ff6:	9805      	ldr	r0, [sp, #20]
10000ff8:	0c5b      	lsrs	r3, r3, #17
10000ffa:	60a2      	str	r2, [r4, #8]
10000ffc:	6160      	str	r0, [r4, #20]
10000ffe:	1c1a      	adds	r2, r3, #0
10001000:	2b00      	cmp	r3, #0
10001002:	d01f      	beq.n	10001044 <alarm_pool_add_alarm_at_force_in_context+0x94>
10001004:	b293      	uxth	r3, r2
10001006:	0428      	lsls	r0, r5, #16
10001008:	8062      	strh	r2, [r4, #2]
1000100a:	4318      	orrs	r0, r3
1000100c:	690a      	ldr	r2, [r1, #16]
1000100e:	f3ef 8c10 	mrs	ip, PRIMASK
10001012:	b672      	cpsid	i
10001014:	6813      	ldr	r3, [r2, #0]
10001016:	2b00      	cmp	r3, #0
10001018:	d0fc      	beq.n	10001014 <alarm_pool_add_alarm_at_force_in_context+0x64>
1000101a:	f3bf 8f5f 	dmb	sy
1000101e:	888b      	ldrh	r3, [r1, #4]
10001020:	8023      	strh	r3, [r4, #0]
10001022:	808d      	strh	r5, [r1, #4]
10001024:	690b      	ldr	r3, [r1, #16]
10001026:	f3bf 8f5f 	dmb	sy
1000102a:	2200      	movs	r2, #0
1000102c:	601a      	str	r2, [r3, #0]
1000102e:	f38c 8810 	msr	PRIMASK, ip
10001032:	780b      	ldrb	r3, [r1, #0]
10001034:	3201      	adds	r2, #1
10001036:	409a      	lsls	r2, r3
10001038:	68cb      	ldr	r3, [r1, #12]
1000103a:	4908      	ldr	r1, [pc, #32]	@ (1000105c <alarm_pool_add_alarm_at_force_in_context+0xac>)
1000103c:	468c      	mov	ip, r1
1000103e:	4463      	add	r3, ip
10001040:	601a      	str	r2, [r3, #0]
10001042:	bd70      	pop	{r4, r5, r6, pc}
10001044:	2201      	movs	r2, #1
10001046:	e7dd      	b.n	10001004 <alarm_pool_add_alarm_at_force_in_context+0x54>
10001048:	f3bf 8f5f 	dmb	sy
1000104c:	2300      	movs	r3, #0
1000104e:	6003      	str	r3, [r0, #0]
10001050:	f38c 8810 	msr	PRIMASK, ip
10001054:	2001      	movs	r0, #1
10001056:	4240      	negs	r0, r0
10001058:	e7f3      	b.n	10001042 <alarm_pool_add_alarm_at_force_in_context+0x92>
1000105a:	46c0      	nop			@ (mov r8, r8)
1000105c:	0000203c 	.word	0x0000203c

10001060 <alarm_pool_cancel_alarm>:
10001060:	b510      	push	{r4, lr}
10001062:	8943      	ldrh	r3, [r0, #10]
10001064:	140a      	asrs	r2, r1, #16
10001066:	4293      	cmp	r3, r2
10001068:	dd1a      	ble.n	100010a0 <alarm_pool_cancel_alarm+0x40>
1000106a:	0053      	lsls	r3, r2, #1
1000106c:	189b      	adds	r3, r3, r2
1000106e:	6942      	ldr	r2, [r0, #20]
10001070:	00db      	lsls	r3, r3, #3
10001072:	18d3      	adds	r3, r2, r3
10001074:	6904      	ldr	r4, [r0, #16]
10001076:	f3ef 8c10 	mrs	ip, PRIMASK
1000107a:	b672      	cpsid	i
1000107c:	6822      	ldr	r2, [r4, #0]
1000107e:	2a00      	cmp	r2, #0
10001080:	d0fc      	beq.n	1000107c <alarm_pool_cancel_alarm+0x1c>
10001082:	f3bf 8f5f 	dmb	sy
10001086:	885a      	ldrh	r2, [r3, #2]
10001088:	0409      	lsls	r1, r1, #16
1000108a:	b294      	uxth	r4, r2
1000108c:	0c09      	lsrs	r1, r1, #16
1000108e:	428a      	cmp	r2, r1
10001090:	d008      	beq.n	100010a4 <alarm_pool_cancel_alarm+0x44>
10001092:	6903      	ldr	r3, [r0, #16]
10001094:	f3bf 8f5f 	dmb	sy
10001098:	2200      	movs	r2, #0
1000109a:	601a      	str	r2, [r3, #0]
1000109c:	f38c 8810 	msr	PRIMASK, ip
100010a0:	2000      	movs	r0, #0
100010a2:	bd10      	pop	{r4, pc}
100010a4:	2280      	movs	r2, #128	@ 0x80
100010a6:	0212      	lsls	r2, r2, #8
100010a8:	4314      	orrs	r4, r2
100010aa:	805c      	strh	r4, [r3, #2]
100010ac:	2301      	movs	r3, #1
100010ae:	6902      	ldr	r2, [r0, #16]
100010b0:	7183      	strb	r3, [r0, #6]
100010b2:	f3bf 8f5f 	dmb	sy
100010b6:	2100      	movs	r1, #0
100010b8:	6011      	str	r1, [r2, #0]
100010ba:	f38c 8810 	msr	PRIMASK, ip
100010be:	4904      	ldr	r1, [pc, #16]	@ (100010d0 <alarm_pool_cancel_alarm+0x70>)
100010c0:	7802      	ldrb	r2, [r0, #0]
100010c2:	468c      	mov	ip, r1
100010c4:	4093      	lsls	r3, r2
100010c6:	68c2      	ldr	r2, [r0, #12]
100010c8:	2001      	movs	r0, #1
100010ca:	4462      	add	r2, ip
100010cc:	6013      	str	r3, [r2, #0]
100010ce:	e7e8      	b.n	100010a2 <alarm_pool_cancel_alarm+0x42>
100010d0:	0000203c 	.word	0x0000203c

100010d4 <alarm_pool_core_num>:
100010d4:	7840      	ldrb	r0, [r0, #1]
100010d6:	4770      	bx	lr

100010d8 <sleep_ms>:
100010d8:	b5f0      	push	{r4, r5, r6, r7, lr}
100010da:	46c6      	mov	lr, r8
100010dc:	b500      	push	{lr}
100010de:	b082      	sub	sp, #8
100010e0:	0004      	movs	r4, r0
100010e2:	f000 f90f 	bl	10001304 <time_us_64>
100010e6:	22fa      	movs	r2, #250	@ 0xfa
100010e8:	0006      	movs	r6, r0
100010ea:	000f      	movs	r7, r1
100010ec:	0020      	movs	r0, r4
100010ee:	2300      	movs	r3, #0
100010f0:	2100      	movs	r1, #0
100010f2:	0092      	lsls	r2, r2, #2
100010f4:	f001 fb3a 	bl	1000276c <__wrap___aeabi_lmul>
100010f8:	1980      	adds	r0, r0, r6
100010fa:	4179      	adcs	r1, r7
100010fc:	0004      	movs	r4, r0
100010fe:	1e0d      	subs	r5, r1, #0
10001100:	da02      	bge.n	10001108 <sleep_ms+0x30>
10001102:	2401      	movs	r4, #1
10001104:	4d2e      	ldr	r5, [pc, #184]	@ (100011c0 <sleep_ms+0xe8>)
10001106:	4264      	negs	r4, r4
10001108:	2606      	movs	r6, #6
1000110a:	4276      	negs	r6, r6
1000110c:	17f7      	asrs	r7, r6, #31
1000110e:	1936      	adds	r6, r6, r4
10001110:	416f      	adcs	r7, r5
10001112:	42af      	cmp	r7, r5
10001114:	d814      	bhi.n	10001140 <sleep_ms+0x68>
10001116:	d011      	beq.n	1000113c <sleep_ms+0x64>
10001118:	f000 f8f4 	bl	10001304 <time_us_64>
1000111c:	0032      	movs	r2, r6
1000111e:	003b      	movs	r3, r7
10001120:	1a12      	subs	r2, r2, r0
10001122:	418b      	sbcs	r3, r1
10001124:	2b00      	cmp	r3, #0
10001126:	dc15      	bgt.n	10001154 <sleep_ms+0x7c>
10001128:	2b00      	cmp	r3, #0
1000112a:	d046      	beq.n	100011ba <sleep_ms+0xe2>
1000112c:	0020      	movs	r0, r4
1000112e:	0029      	movs	r1, r5
10001130:	f000 f8f2 	bl	10001318 <busy_wait_until>
10001134:	b002      	add	sp, #8
10001136:	bc80      	pop	{r7}
10001138:	46b8      	mov	r8, r7
1000113a:	bdf0      	pop	{r4, r5, r6, r7, pc}
1000113c:	42a6      	cmp	r6, r4
1000113e:	d9eb      	bls.n	10001118 <sleep_ms+0x40>
10001140:	2600      	movs	r6, #0
10001142:	2700      	movs	r7, #0
10001144:	f000 f8de 	bl	10001304 <time_us_64>
10001148:	0032      	movs	r2, r6
1000114a:	003b      	movs	r3, r7
1000114c:	1a12      	subs	r2, r2, r0
1000114e:	418b      	sbcs	r3, r1
10001150:	2b00      	cmp	r3, #0
10001152:	dde9      	ble.n	10001128 <sleep_ms+0x50>
10001154:	f000 f8d6 	bl	10001304 <time_us_64>
10001158:	0032      	movs	r2, r6
1000115a:	003b      	movs	r3, r7
1000115c:	1a12      	subs	r2, r2, r0
1000115e:	418b      	sbcs	r3, r1
10001160:	2b00      	cmp	r3, #0
10001162:	db0a      	blt.n	1000117a <sleep_ms+0xa2>
10001164:	2300      	movs	r3, #0
10001166:	9301      	str	r3, [sp, #4]
10001168:	4b16      	ldr	r3, [pc, #88]	@ (100011c4 <sleep_ms+0xec>)
1000116a:	0032      	movs	r2, r6
1000116c:	9300      	str	r3, [sp, #0]
1000116e:	4816      	ldr	r0, [pc, #88]	@ (100011c8 <sleep_ms+0xf0>)
10001170:	003b      	movs	r3, r7
10001172:	f7ff ff1d 	bl	10000fb0 <alarm_pool_add_alarm_at_force_in_context>
10001176:	3001      	adds	r0, #1
10001178:	d0d8      	beq.n	1000112c <sleep_ms+0x54>
1000117a:	2300      	movs	r3, #0
1000117c:	0039      	movs	r1, r7
1000117e:	46b0      	mov	r8, r6
10001180:	469c      	mov	ip, r3
10001182:	4a12      	ldr	r2, [pc, #72]	@ (100011cc <sleep_ms+0xf4>)
10001184:	4812      	ldr	r0, [pc, #72]	@ (100011d0 <sleep_ms+0xf8>)
10001186:	6a53      	ldr	r3, [r2, #36]	@ 0x24
10001188:	4299      	cmp	r1, r3
1000118a:	d804      	bhi.n	10001196 <sleep_ms+0xbe>
1000118c:	6a96      	ldr	r6, [r2, #40]	@ 0x28
1000118e:	4546      	cmp	r6, r8
10001190:	d2cc      	bcs.n	1000112c <sleep_ms+0x54>
10001192:	4299      	cmp	r1, r3
10001194:	d1ca      	bne.n	1000112c <sleep_ms+0x54>
10001196:	6806      	ldr	r6, [r0, #0]
10001198:	f3ef 8710 	mrs	r7, PRIMASK
1000119c:	b672      	cpsid	i
1000119e:	6833      	ldr	r3, [r6, #0]
100011a0:	2b00      	cmp	r3, #0
100011a2:	d0fc      	beq.n	1000119e <sleep_ms+0xc6>
100011a4:	f3bf 8f5f 	dmb	sy
100011a8:	6803      	ldr	r3, [r0, #0]
100011aa:	f3bf 8f5f 	dmb	sy
100011ae:	4666      	mov	r6, ip
100011b0:	601e      	str	r6, [r3, #0]
100011b2:	f387 8810 	msr	PRIMASK, r7
100011b6:	bf20      	wfe
100011b8:	e7e5      	b.n	10001186 <sleep_ms+0xae>
100011ba:	2a00      	cmp	r2, #0
100011bc:	d0b6      	beq.n	1000112c <sleep_ms+0x54>
100011be:	e7c9      	b.n	10001154 <sleep_ms+0x7c>
100011c0:	7fffffff 	.word	0x7fffffff
100011c4:	10000acd 	.word	0x10000acd
100011c8:	2000102c 	.word	0x2000102c
100011cc:	40054000 	.word	0x40054000
100011d0:	2000211c 	.word	0x2000211c

100011d4 <best_effort_wfe_or_timeout>:
100011d4:	b5f0      	push	{r4, r5, r6, r7, lr}
100011d6:	4657      	mov	r7, sl
100011d8:	464e      	mov	r6, r9
100011da:	46de      	mov	lr, fp
100011dc:	4645      	mov	r5, r8
100011de:	b5e0      	push	{r5, r6, r7, lr}
100011e0:	0006      	movs	r6, r0
100011e2:	000f      	movs	r7, r1
100011e4:	b085      	sub	sp, #20
100011e6:	f3ef 8305 	mrs	r3, IPSR
100011ea:	4699      	mov	r9, r3
100011ec:	468b      	mov	fp, r1
100011ee:	2b00      	cmp	r3, #0
100011f0:	d012      	beq.n	10001218 <best_effort_wfe_or_timeout+0x44>
100011f2:	4938      	ldr	r1, [pc, #224]	@ (100012d4 <best_effort_wfe_or_timeout+0x100>)
100011f4:	2000      	movs	r0, #0
100011f6:	6a4b      	ldr	r3, [r1, #36]	@ 0x24
100011f8:	42bb      	cmp	r3, r7
100011fa:	d306      	bcc.n	1000120a <best_effort_wfe_or_timeout+0x36>
100011fc:	6a8a      	ldr	r2, [r1, #40]	@ 0x28
100011fe:	1bdb      	subs	r3, r3, r7
10001200:	1e59      	subs	r1, r3, #1
10001202:	418b      	sbcs	r3, r1
10001204:	42b2      	cmp	r2, r6
10001206:	4140      	adcs	r0, r0
10001208:	4318      	orrs	r0, r3
1000120a:	b005      	add	sp, #20
1000120c:	bcf0      	pop	{r4, r5, r6, r7}
1000120e:	46bb      	mov	fp, r7
10001210:	46b2      	mov	sl, r6
10001212:	46a9      	mov	r9, r5
10001214:	46a0      	mov	r8, r4
10001216:	bdf0      	pop	{r4, r5, r6, r7, pc}
10001218:	4b2f      	ldr	r3, [pc, #188]	@ (100012d8 <best_effort_wfe_or_timeout+0x104>)
1000121a:	469a      	mov	sl, r3
1000121c:	68db      	ldr	r3, [r3, #12]
1000121e:	4698      	mov	r8, r3
10001220:	4653      	mov	r3, sl
10001222:	781b      	ldrb	r3, [r3, #0]
10001224:	4640      	mov	r0, r8
10001226:	9303      	str	r3, [sp, #12]
10001228:	f000 f864 	bl	100012f4 <timer_time_us_64>
1000122c:	4642      	mov	r2, r8
1000122e:	9b03      	ldr	r3, [sp, #12]
10001230:	0004      	movs	r4, r0
10001232:	3304      	adds	r3, #4
10001234:	009b      	lsls	r3, r3, #2
10001236:	589b      	ldr	r3, [r3, r2]
10001238:	000d      	movs	r5, r1
1000123a:	1a1b      	subs	r3, r3, r0
1000123c:	0039      	movs	r1, r7
1000123e:	0030      	movs	r0, r6
10001240:	1b00      	subs	r0, r0, r4
10001242:	41a9      	sbcs	r1, r5
10001244:	4589      	cmp	r9, r1
10001246:	dc10      	bgt.n	1000126a <best_effort_wfe_or_timeout+0x96>
10001248:	d00d      	beq.n	10001266 <best_effort_wfe_or_timeout+0x92>
1000124a:	bf20      	wfe
1000124c:	4a21      	ldr	r2, [pc, #132]	@ (100012d4 <best_effort_wfe_or_timeout+0x100>)
1000124e:	2000      	movs	r0, #0
10001250:	6a53      	ldr	r3, [r2, #36]	@ 0x24
10001252:	455b      	cmp	r3, fp
10001254:	d3d9      	bcc.n	1000120a <best_effort_wfe_or_timeout+0x36>
10001256:	6a92      	ldr	r2, [r2, #40]	@ 0x28
10001258:	1bdb      	subs	r3, r3, r7
1000125a:	1e59      	subs	r1, r3, #1
1000125c:	418b      	sbcs	r3, r1
1000125e:	42b2      	cmp	r2, r6
10001260:	4140      	adcs	r0, r0
10001262:	4318      	orrs	r0, r3
10001264:	e7d1      	b.n	1000120a <best_effort_wfe_or_timeout+0x36>
10001266:	4283      	cmp	r3, r0
10001268:	d9ef      	bls.n	1000124a <best_effort_wfe_or_timeout+0x76>
1000126a:	f000 f84b 	bl	10001304 <time_us_64>
1000126e:	0032      	movs	r2, r6
10001270:	003b      	movs	r3, r7
10001272:	1a12      	subs	r2, r2, r0
10001274:	418b      	sbcs	r3, r1
10001276:	2b00      	cmp	r3, #0
10001278:	db1a      	blt.n	100012b0 <best_effort_wfe_or_timeout+0xdc>
1000127a:	2300      	movs	r3, #0
1000127c:	9301      	str	r3, [sp, #4]
1000127e:	4b17      	ldr	r3, [pc, #92]	@ (100012dc <best_effort_wfe_or_timeout+0x108>)
10001280:	0032      	movs	r2, r6
10001282:	9300      	str	r3, [sp, #0]
10001284:	4650      	mov	r0, sl
10001286:	003b      	movs	r3, r7
10001288:	f7ff fe92 	bl	10000fb0 <alarm_pool_add_alarm_at_force_in_context>
1000128c:	1e01      	subs	r1, r0, #0
1000128e:	dd0f      	ble.n	100012b0 <best_effort_wfe_or_timeout+0xdc>
10001290:	4b10      	ldr	r3, [pc, #64]	@ (100012d4 <best_effort_wfe_or_timeout+0x100>)
10001292:	6a5a      	ldr	r2, [r3, #36]	@ 0x24
10001294:	455a      	cmp	r2, fp
10001296:	d31b      	bcc.n	100012d0 <best_effort_wfe_or_timeout+0xfc>
10001298:	6a9b      	ldr	r3, [r3, #40]	@ 0x28
1000129a:	42b3      	cmp	r3, r6
1000129c:	d316      	bcc.n	100012cc <best_effort_wfe_or_timeout+0xf8>
1000129e:	4650      	mov	r0, sl
100012a0:	f7ff fede 	bl	10001060 <alarm_pool_cancel_alarm>
100012a4:	4a0b      	ldr	r2, [pc, #44]	@ (100012d4 <best_effort_wfe_or_timeout+0x100>)
100012a6:	2000      	movs	r0, #0
100012a8:	6a53      	ldr	r3, [r2, #36]	@ 0x24
100012aa:	455b      	cmp	r3, fp
100012ac:	d3ad      	bcc.n	1000120a <best_effort_wfe_or_timeout+0x36>
100012ae:	e7d2      	b.n	10001256 <best_effort_wfe_or_timeout+0x82>
100012b0:	4a08      	ldr	r2, [pc, #32]	@ (100012d4 <best_effort_wfe_or_timeout+0x100>)
100012b2:	2000      	movs	r0, #0
100012b4:	6a53      	ldr	r3, [r2, #36]	@ 0x24
100012b6:	455b      	cmp	r3, fp
100012b8:	d3a7      	bcc.n	1000120a <best_effort_wfe_or_timeout+0x36>
100012ba:	2000      	movs	r0, #0
100012bc:	6a92      	ldr	r2, [r2, #40]	@ 0x28
100012be:	1bdb      	subs	r3, r3, r7
100012c0:	42b2      	cmp	r2, r6
100012c2:	4140      	adcs	r0, r0
100012c4:	1e5a      	subs	r2, r3, #1
100012c6:	4193      	sbcs	r3, r2
100012c8:	4318      	orrs	r0, r3
100012ca:	e79e      	b.n	1000120a <best_effort_wfe_or_timeout+0x36>
100012cc:	455a      	cmp	r2, fp
100012ce:	d1e6      	bne.n	1000129e <best_effort_wfe_or_timeout+0xca>
100012d0:	bf20      	wfe
100012d2:	e7e4      	b.n	1000129e <best_effort_wfe_or_timeout+0xca>
100012d4:	40054000 	.word	0x40054000
100012d8:	2000102c 	.word	0x2000102c
100012dc:	10000acd 	.word	0x10000acd

100012e0 <timer_hardware_alarm_claim>:
100012e0:	b510      	push	{r4, lr}
100012e2:	4a02      	ldr	r2, [pc, #8]	@ (100012ec <timer_hardware_alarm_claim+0xc>)
100012e4:	4802      	ldr	r0, [pc, #8]	@ (100012f0 <timer_hardware_alarm_claim+0x10>)
100012e6:	f7ff f92b 	bl	10000540 <hw_claim_or_assert>
100012ea:	bd10      	pop	{r4, pc}
100012ec:	100071c4 	.word	0x100071c4
100012f0:	20001c8c 	.word	0x20001c8c

100012f4 <timer_time_us_64>:
100012f4:	0003      	movs	r3, r0
100012f6:	6a41      	ldr	r1, [r0, #36]	@ 0x24
100012f8:	000a      	movs	r2, r1
100012fa:	6a98      	ldr	r0, [r3, #40]	@ 0x28
100012fc:	6a59      	ldr	r1, [r3, #36]	@ 0x24
100012fe:	428a      	cmp	r2, r1
10001300:	d1fa      	bne.n	100012f8 <timer_time_us_64+0x4>
10001302:	4770      	bx	lr

10001304 <time_us_64>:
10001304:	4b03      	ldr	r3, [pc, #12]	@ (10001314 <time_us_64+0x10>)
10001306:	6a59      	ldr	r1, [r3, #36]	@ 0x24
10001308:	000a      	movs	r2, r1
1000130a:	6a98      	ldr	r0, [r3, #40]	@ 0x28
1000130c:	6a59      	ldr	r1, [r3, #36]	@ 0x24
1000130e:	4291      	cmp	r1, r2
10001310:	d1fa      	bne.n	10001308 <time_us_64+0x4>
10001312:	4770      	bx	lr
10001314:	40054000 	.word	0x40054000

10001318 <busy_wait_until>:
10001318:	4a06      	ldr	r2, [pc, #24]	@ (10001334 <busy_wait_until+0x1c>)
1000131a:	6a53      	ldr	r3, [r2, #36]	@ 0x24
1000131c:	4299      	cmp	r1, r3
1000131e:	d8fc      	bhi.n	1000131a <busy_wait_until+0x2>
10001320:	d107      	bne.n	10001332 <busy_wait_until+0x1a>
10001322:	4b04      	ldr	r3, [pc, #16]	@ (10001334 <busy_wait_until+0x1c>)
10001324:	e002      	b.n	1000132c <busy_wait_until+0x14>
10001326:	6a5a      	ldr	r2, [r3, #36]	@ 0x24
10001328:	4291      	cmp	r1, r2
1000132a:	d102      	bne.n	10001332 <busy_wait_until+0x1a>
1000132c:	6a9a      	ldr	r2, [r3, #40]	@ 0x28
1000132e:	4290      	cmp	r0, r2
10001330:	d8f9      	bhi.n	10001326 <busy_wait_until+0xe>
10001332:	4770      	bx	lr
10001334:	40054000 	.word	0x40054000

10001338 <clock_configure>:
10001338:	b5f8      	push	{r3, r4, r5, r6, r7, lr}
1000133a:	4645      	mov	r5, r8
1000133c:	4657      	mov	r7, sl
1000133e:	464e      	mov	r6, r9
10001340:	46de      	mov	lr, fp
10001342:	b5e0      	push	{r5, r6, r7, lr}
10001344:	001e      	movs	r6, r3
10001346:	9b0a      	ldr	r3, [sp, #40]	@ 0x28
10001348:	0005      	movs	r5, r0
1000134a:	4688      	mov	r8, r1
1000134c:	0017      	movs	r7, r2
1000134e:	42b3      	cmp	r3, r6
10001350:	d900      	bls.n	10001354 <clock_configure+0x1c>
10001352:	e086      	b.n	10001462 <clock_configure+0x12a>
10001354:	001a      	movs	r2, r3
10001356:	0e33      	lsrs	r3, r6, #24
10001358:	4699      	mov	r9, r3
1000135a:	0233      	lsls	r3, r6, #8
1000135c:	469b      	mov	fp, r3
1000135e:	4649      	mov	r1, r9
10001360:	2300      	movs	r3, #0
10001362:	4658      	mov	r0, fp
10001364:	f000 fc1c 	bl	10001ba0 <__wrap___aeabi_uldivmod>
10001368:	4b41      	ldr	r3, [pc, #260]	@ (10001470 <clock_configure+0x138>)
1000136a:	006c      	lsls	r4, r5, #1
1000136c:	469c      	mov	ip, r3
1000136e:	1964      	adds	r4, r4, r5
10001370:	00a4      	lsls	r4, r4, #2
10001372:	0002      	movs	r2, r0
10001374:	4464      	add	r4, ip
10001376:	2900      	cmp	r1, #0
10001378:	d039      	beq.n	100013ee <clock_configure+0xb6>
1000137a:	6863      	ldr	r3, [r4, #4]
1000137c:	2300      	movs	r3, #0
1000137e:	464e      	mov	r6, r9
10001380:	469a      	mov	sl, r3
10001382:	1f2b      	subs	r3, r5, #4
10001384:	b2db      	uxtb	r3, r3
10001386:	4699      	mov	r9, r3
10001388:	2b01      	cmp	r3, #1
1000138a:	d945      	bls.n	10001418 <clock_configure+0xe0>
1000138c:	23c0      	movs	r3, #192	@ 0xc0
1000138e:	2280      	movs	r2, #128	@ 0x80
10001390:	019b      	lsls	r3, r3, #6
10001392:	18e3      	adds	r3, r4, r3
10001394:	0112      	lsls	r2, r2, #4
10001396:	601a      	str	r2, [r3, #0]
10001398:	4b36      	ldr	r3, [pc, #216]	@ (10001474 <clock_configure+0x13c>)
1000139a:	00ad      	lsls	r5, r5, #2
1000139c:	5959      	ldr	r1, [r3, r5]
1000139e:	469b      	mov	fp, r3
100013a0:	2900      	cmp	r1, #0
100013a2:	d007      	beq.n	100013b4 <clock_configure+0x7c>
100013a4:	6958      	ldr	r0, [r3, #20]
100013a6:	f000 fbbd 	bl	10001b24 <__wrap___aeabi_uidiv>
100013aa:	3001      	adds	r0, #1
100013ac:	0043      	lsls	r3, r0, #1
100013ae:	181b      	adds	r3, r3, r0
100013b0:	3b03      	subs	r3, #3
100013b2:	d2fd      	bcs.n	100013b0 <clock_configure+0x78>
100013b4:	017b      	lsls	r3, r7, #5
100013b6:	27e0      	movs	r7, #224	@ 0xe0
100013b8:	6822      	ldr	r2, [r4, #0]
100013ba:	4053      	eors	r3, r2
100013bc:	401f      	ands	r7, r3
100013be:	2380      	movs	r3, #128	@ 0x80
100013c0:	464a      	mov	r2, r9
100013c2:	015b      	lsls	r3, r3, #5
100013c4:	18e3      	adds	r3, r4, r3
100013c6:	601f      	str	r7, [r3, #0]
100013c8:	2a01      	cmp	r2, #1
100013ca:	d93d      	bls.n	10001448 <clock_configure+0x110>
100013cc:	2380      	movs	r3, #128	@ 0x80
100013ce:	2280      	movs	r2, #128	@ 0x80
100013d0:	019b      	lsls	r3, r3, #6
100013d2:	18e3      	adds	r3, r4, r3
100013d4:	0112      	lsls	r2, r2, #4
100013d6:	601a      	str	r2, [r3, #0]
100013d8:	4653      	mov	r3, sl
100013da:	6063      	str	r3, [r4, #4]
100013dc:	465b      	mov	r3, fp
100013de:	2001      	movs	r0, #1
100013e0:	515e      	str	r6, [r3, r5]
100013e2:	bcf0      	pop	{r4, r5, r6, r7}
100013e4:	46bb      	mov	fp, r7
100013e6:	46b2      	mov	sl, r6
100013e8:	46a9      	mov	r9, r5
100013ea:	46a0      	mov	r8, r4
100013ec:	bdf8      	pop	{r3, r4, r5, r6, r7, pc}
100013ee:	2380      	movs	r3, #128	@ 0x80
100013f0:	4682      	mov	sl, r0
100013f2:	009b      	lsls	r3, r3, #2
100013f4:	4298      	cmp	r0, r3
100013f6:	d336      	bcc.n	10001466 <clock_configure+0x12e>
100013f8:	2300      	movs	r3, #0
100013fa:	4658      	mov	r0, fp
100013fc:	4649      	mov	r1, r9
100013fe:	f000 fbcf 	bl	10001ba0 <__wrap___aeabi_uldivmod>
10001402:	0006      	movs	r6, r0
10001404:	6863      	ldr	r3, [r4, #4]
10001406:	459a      	cmp	sl, r3
10001408:	d9bb      	bls.n	10001382 <clock_configure+0x4a>
1000140a:	4653      	mov	r3, sl
1000140c:	6063      	str	r3, [r4, #4]
1000140e:	1f2b      	subs	r3, r5, #4
10001410:	b2db      	uxtb	r3, r3
10001412:	4699      	mov	r9, r3
10001414:	2b01      	cmp	r3, #1
10001416:	d8b9      	bhi.n	1000138c <clock_configure+0x54>
10001418:	4643      	mov	r3, r8
1000141a:	2b01      	cmp	r3, #1
1000141c:	d1b6      	bne.n	1000138c <clock_configure+0x54>
1000141e:	23c0      	movs	r3, #192	@ 0xc0
10001420:	2203      	movs	r2, #3
10001422:	019b      	lsls	r3, r3, #6
10001424:	18e3      	adds	r3, r4, r3
10001426:	601a      	str	r2, [r3, #0]
10001428:	3a02      	subs	r2, #2
1000142a:	68a3      	ldr	r3, [r4, #8]
1000142c:	421a      	tst	r2, r3
1000142e:	d0fc      	beq.n	1000142a <clock_configure+0xf2>
10001430:	017b      	lsls	r3, r7, #5
10001432:	27e0      	movs	r7, #224	@ 0xe0
10001434:	6822      	ldr	r2, [r4, #0]
10001436:	00ad      	lsls	r5, r5, #2
10001438:	4053      	eors	r3, r2
1000143a:	401f      	ands	r7, r3
1000143c:	2380      	movs	r3, #128	@ 0x80
1000143e:	4a0d      	ldr	r2, [pc, #52]	@ (10001474 <clock_configure+0x13c>)
10001440:	015b      	lsls	r3, r3, #5
10001442:	4693      	mov	fp, r2
10001444:	18e3      	adds	r3, r4, r3
10001446:	601f      	str	r7, [r3, #0]
10001448:	4642      	mov	r2, r8
1000144a:	6821      	ldr	r1, [r4, #0]
1000144c:	4051      	eors	r1, r2
1000144e:	2203      	movs	r2, #3
10001450:	400a      	ands	r2, r1
10001452:	601a      	str	r2, [r3, #0]
10001454:	2201      	movs	r2, #1
10001456:	4643      	mov	r3, r8
10001458:	409a      	lsls	r2, r3
1000145a:	68a3      	ldr	r3, [r4, #8]
1000145c:	421a      	tst	r2, r3
1000145e:	d0fc      	beq.n	1000145a <clock_configure+0x122>
10001460:	e7b4      	b.n	100013cc <clock_configure+0x94>
10001462:	2000      	movs	r0, #0
10001464:	e7bd      	b.n	100013e2 <clock_configure+0xaa>
10001466:	2380      	movs	r3, #128	@ 0x80
10001468:	005b      	lsls	r3, r3, #1
1000146a:	469a      	mov	sl, r3
1000146c:	e7ca      	b.n	10001404 <clock_configure+0xcc>
1000146e:	46c0      	nop			@ (mov r8, r8)
10001470:	40008000 	.word	0x40008000
10001474:	20001c90 	.word	0x20001c90

10001478 <clock_configure_int_divider>:
10001478:	b5f8      	push	{r3, r4, r5, r6, r7, lr}
1000147a:	46de      	mov	lr, fp
1000147c:	464e      	mov	r6, r9
1000147e:	4657      	mov	r7, sl
10001480:	4645      	mov	r5, r8
10001482:	b5e0      	push	{r5, r6, r7, lr}
10001484:	468b      	mov	fp, r1
10001486:	0005      	movs	r5, r0
10001488:	990a      	ldr	r1, [sp, #40]	@ 0x28
1000148a:	0018      	movs	r0, r3
1000148c:	0016      	movs	r6, r2
1000148e:	f000 fb49 	bl	10001b24 <__wrap___aeabi_uidiv>
10001492:	9b0a      	ldr	r3, [sp, #40]	@ 0x28
10001494:	006c      	lsls	r4, r5, #1
10001496:	021f      	lsls	r7, r3, #8
10001498:	4b32      	ldr	r3, [pc, #200]	@ (10001564 <clock_configure_int_divider+0xec>)
1000149a:	1964      	adds	r4, r4, r5
1000149c:	469c      	mov	ip, r3
1000149e:	00a4      	lsls	r4, r4, #2
100014a0:	4464      	add	r4, ip
100014a2:	6863      	ldr	r3, [r4, #4]
100014a4:	4681      	mov	r9, r0
100014a6:	429f      	cmp	r7, r3
100014a8:	d900      	bls.n	100014ac <clock_configure_int_divider+0x34>
100014aa:	6067      	str	r7, [r4, #4]
100014ac:	1f2b      	subs	r3, r5, #4
100014ae:	b2db      	uxtb	r3, r3
100014b0:	4698      	mov	r8, r3
100014b2:	2b01      	cmp	r3, #1
100014b4:	d930      	bls.n	10001518 <clock_configure_int_divider+0xa0>
100014b6:	23c0      	movs	r3, #192	@ 0xc0
100014b8:	2280      	movs	r2, #128	@ 0x80
100014ba:	019b      	lsls	r3, r3, #6
100014bc:	18e3      	adds	r3, r4, r3
100014be:	0112      	lsls	r2, r2, #4
100014c0:	601a      	str	r2, [r3, #0]
100014c2:	4b29      	ldr	r3, [pc, #164]	@ (10001568 <clock_configure_int_divider+0xf0>)
100014c4:	00ad      	lsls	r5, r5, #2
100014c6:	5959      	ldr	r1, [r3, r5]
100014c8:	469a      	mov	sl, r3
100014ca:	2900      	cmp	r1, #0
100014cc:	d11b      	bne.n	10001506 <clock_configure_int_divider+0x8e>
100014ce:	0173      	lsls	r3, r6, #5
100014d0:	26e0      	movs	r6, #224	@ 0xe0
100014d2:	6822      	ldr	r2, [r4, #0]
100014d4:	4053      	eors	r3, r2
100014d6:	401e      	ands	r6, r3
100014d8:	2380      	movs	r3, #128	@ 0x80
100014da:	4642      	mov	r2, r8
100014dc:	015b      	lsls	r3, r3, #5
100014de:	18e3      	adds	r3, r4, r3
100014e0:	601e      	str	r6, [r3, #0]
100014e2:	2a01      	cmp	r2, #1
100014e4:	d930      	bls.n	10001548 <clock_configure_int_divider+0xd0>
100014e6:	2380      	movs	r3, #128	@ 0x80
100014e8:	2280      	movs	r2, #128	@ 0x80
100014ea:	019b      	lsls	r3, r3, #6
100014ec:	18e3      	adds	r3, r4, r3
100014ee:	0112      	lsls	r2, r2, #4
100014f0:	601a      	str	r2, [r3, #0]
100014f2:	4653      	mov	r3, sl
100014f4:	464a      	mov	r2, r9
100014f6:	6067      	str	r7, [r4, #4]
100014f8:	515a      	str	r2, [r3, r5]
100014fa:	bcf0      	pop	{r4, r5, r6, r7}
100014fc:	46bb      	mov	fp, r7
100014fe:	46b2      	mov	sl, r6
10001500:	46a9      	mov	r9, r5
10001502:	46a0      	mov	r8, r4
10001504:	bdf8      	pop	{r3, r4, r5, r6, r7, pc}
10001506:	6958      	ldr	r0, [r3, #20]
10001508:	f000 fb0c 	bl	10001b24 <__wrap___aeabi_uidiv>
1000150c:	3001      	adds	r0, #1
1000150e:	0043      	lsls	r3, r0, #1
10001510:	181b      	adds	r3, r3, r0
10001512:	3b03      	subs	r3, #3
10001514:	d2fd      	bcs.n	10001512 <clock_configure_int_divider+0x9a>
10001516:	e7da      	b.n	100014ce <clock_configure_int_divider+0x56>
10001518:	465b      	mov	r3, fp
1000151a:	2b01      	cmp	r3, #1
1000151c:	d1cb      	bne.n	100014b6 <clock_configure_int_divider+0x3e>
1000151e:	23c0      	movs	r3, #192	@ 0xc0
10001520:	2203      	movs	r2, #3
10001522:	019b      	lsls	r3, r3, #6
10001524:	18e3      	adds	r3, r4, r3
10001526:	601a      	str	r2, [r3, #0]
10001528:	3a02      	subs	r2, #2
1000152a:	68a3      	ldr	r3, [r4, #8]
1000152c:	421a      	tst	r2, r3
1000152e:	d0fc      	beq.n	1000152a <clock_configure_int_divider+0xb2>
10001530:	0173      	lsls	r3, r6, #5
10001532:	26e0      	movs	r6, #224	@ 0xe0
10001534:	6822      	ldr	r2, [r4, #0]
10001536:	00ad      	lsls	r5, r5, #2
10001538:	4053      	eors	r3, r2
1000153a:	401e      	ands	r6, r3
1000153c:	2380      	movs	r3, #128	@ 0x80
1000153e:	4a0a      	ldr	r2, [pc, #40]	@ (10001568 <clock_configure_int_divider+0xf0>)
10001540:	015b      	lsls	r3, r3, #5
10001542:	4692      	mov	sl, r2
10001544:	18e3      	adds	r3, r4, r3
10001546:	601e      	str	r6, [r3, #0]
10001548:	465a      	mov	r2, fp
1000154a:	6821      	ldr	r1, [r4, #0]
1000154c:	4051      	eors	r1, r2
1000154e:	2203      	movs	r2, #3
10001550:	400a      	ands	r2, r1
10001552:	601a      	str	r2, [r3, #0]
10001554:	2201      	movs	r2, #1
10001556:	465b      	mov	r3, fp
10001558:	409a      	lsls	r2, r3
1000155a:	68a3      	ldr	r3, [r4, #8]
1000155c:	421a      	tst	r2, r3
1000155e:	d0fc      	beq.n	1000155a <clock_configure_int_divider+0xe2>
10001560:	e7c1      	b.n	100014e6 <clock_configure_int_divider+0x6e>
10001562:	46c0      	nop			@ (mov r8, r8)
10001564:	40008000 	.word	0x40008000
10001568:	20001c90 	.word	0x20001c90

1000156c <clock_configure_undivided>:
1000156c:	b5f0      	push	{r4, r5, r6, r7, lr}
1000156e:	4646      	mov	r6, r8
10001570:	464f      	mov	r7, r9
10001572:	46d6      	mov	lr, sl
10001574:	b5c0      	push	{r6, r7, lr}
10001576:	001f      	movs	r7, r3
10001578:	4b34      	ldr	r3, [pc, #208]	@ (1000164c <clock_configure_undivided+0xe0>)
1000157a:	0044      	lsls	r4, r0, #1
1000157c:	469c      	mov	ip, r3
1000157e:	1824      	adds	r4, r4, r0
10001580:	00a4      	lsls	r4, r4, #2
10001582:	4464      	add	r4, ip
10001584:	6863      	ldr	r3, [r4, #4]
10001586:	4688      	mov	r8, r1
10001588:	0016      	movs	r6, r2
1000158a:	2bff      	cmp	r3, #255	@ 0xff
1000158c:	d802      	bhi.n	10001594 <clock_configure_undivided+0x28>
1000158e:	2380      	movs	r3, #128	@ 0x80
10001590:	005b      	lsls	r3, r3, #1
10001592:	6063      	str	r3, [r4, #4]
10001594:	1f03      	subs	r3, r0, #4
10001596:	b2db      	uxtb	r3, r3
10001598:	469a      	mov	sl, r3
1000159a:	2b01      	cmp	r3, #1
1000159c:	d930      	bls.n	10001600 <clock_configure_undivided+0x94>
1000159e:	23c0      	movs	r3, #192	@ 0xc0
100015a0:	2280      	movs	r2, #128	@ 0x80
100015a2:	019b      	lsls	r3, r3, #6
100015a4:	18e3      	adds	r3, r4, r3
100015a6:	0112      	lsls	r2, r2, #4
100015a8:	601a      	str	r2, [r3, #0]
100015aa:	4b29      	ldr	r3, [pc, #164]	@ (10001650 <clock_configure_undivided+0xe4>)
100015ac:	0085      	lsls	r5, r0, #2
100015ae:	5959      	ldr	r1, [r3, r5]
100015b0:	4699      	mov	r9, r3
100015b2:	2900      	cmp	r1, #0
100015b4:	d11b      	bne.n	100015ee <clock_configure_undivided+0x82>
100015b6:	0173      	lsls	r3, r6, #5
100015b8:	26e0      	movs	r6, #224	@ 0xe0
100015ba:	6822      	ldr	r2, [r4, #0]
100015bc:	4053      	eors	r3, r2
100015be:	401e      	ands	r6, r3
100015c0:	2380      	movs	r3, #128	@ 0x80
100015c2:	4652      	mov	r2, sl
100015c4:	015b      	lsls	r3, r3, #5
100015c6:	18e3      	adds	r3, r4, r3
100015c8:	601e      	str	r6, [r3, #0]
100015ca:	2a01      	cmp	r2, #1
100015cc:	d930      	bls.n	10001630 <clock_configure_undivided+0xc4>
100015ce:	2380      	movs	r3, #128	@ 0x80
100015d0:	2280      	movs	r2, #128	@ 0x80
100015d2:	019b      	lsls	r3, r3, #6
100015d4:	18e3      	adds	r3, r4, r3
100015d6:	0112      	lsls	r2, r2, #4
100015d8:	601a      	str	r2, [r3, #0]
100015da:	2380      	movs	r3, #128	@ 0x80
100015dc:	005b      	lsls	r3, r3, #1
100015de:	6063      	str	r3, [r4, #4]
100015e0:	464b      	mov	r3, r9
100015e2:	515f      	str	r7, [r3, r5]
100015e4:	bce0      	pop	{r5, r6, r7}
100015e6:	46ba      	mov	sl, r7
100015e8:	46b1      	mov	r9, r6
100015ea:	46a8      	mov	r8, r5
100015ec:	bdf0      	pop	{r4, r5, r6, r7, pc}
100015ee:	6958      	ldr	r0, [r3, #20]
100015f0:	f000 fa98 	bl	10001b24 <__wrap___aeabi_uidiv>
100015f4:	3001      	adds	r0, #1
100015f6:	0043      	lsls	r3, r0, #1
100015f8:	181b      	adds	r3, r3, r0
100015fa:	3b03      	subs	r3, #3
100015fc:	d2fd      	bcs.n	100015fa <clock_configure_undivided+0x8e>
100015fe:	e7da      	b.n	100015b6 <clock_configure_undivided+0x4a>
10001600:	4643      	mov	r3, r8
10001602:	2b01      	cmp	r3, #1
10001604:	d1cb      	bne.n	1000159e <clock_configure_undivided+0x32>
10001606:	23c0      	movs	r3, #192	@ 0xc0
10001608:	2203      	movs	r2, #3
1000160a:	019b      	lsls	r3, r3, #6
1000160c:	18e3      	adds	r3, r4, r3
1000160e:	601a      	str	r2, [r3, #0]
10001610:	3a02      	subs	r2, #2
10001612:	68a3      	ldr	r3, [r4, #8]
10001614:	421a      	tst	r2, r3
10001616:	d0fc      	beq.n	10001612 <clock_configure_undivided+0xa6>
10001618:	0173      	lsls	r3, r6, #5
1000161a:	26e0      	movs	r6, #224	@ 0xe0
1000161c:	6822      	ldr	r2, [r4, #0]
1000161e:	0085      	lsls	r5, r0, #2
10001620:	4053      	eors	r3, r2
10001622:	401e      	ands	r6, r3
10001624:	2380      	movs	r3, #128	@ 0x80
10001626:	4a0a      	ldr	r2, [pc, #40]	@ (10001650 <clock_configure_undivided+0xe4>)
10001628:	015b      	lsls	r3, r3, #5
1000162a:	4691      	mov	r9, r2
1000162c:	18e3      	adds	r3, r4, r3
1000162e:	601e      	str	r6, [r3, #0]
10001630:	4642      	mov	r2, r8
10001632:	6821      	ldr	r1, [r4, #0]
10001634:	4051      	eors	r1, r2
10001636:	2203      	movs	r2, #3
10001638:	400a      	ands	r2, r1
1000163a:	601a      	str	r2, [r3, #0]
1000163c:	2301      	movs	r3, #1
1000163e:	4642      	mov	r2, r8
10001640:	4093      	lsls	r3, r2
10001642:	68a2      	ldr	r2, [r4, #8]
10001644:	4213      	tst	r3, r2
10001646:	d0fc      	beq.n	10001642 <clock_configure_undivided+0xd6>
10001648:	e7c1      	b.n	100015ce <clock_configure_undivided+0x62>
1000164a:	46c0      	nop			@ (mov r8, r8)
1000164c:	40008000 	.word	0x40008000
10001650:	20001c90 	.word	0x20001c90

10001654 <clock_get_hz>:
10001654:	4b01      	ldr	r3, [pc, #4]	@ (1000165c <clock_get_hz+0x8>)
10001656:	0080      	lsls	r0, r0, #2
10001658:	58c0      	ldr	r0, [r0, r3]
1000165a:	4770      	bx	lr
1000165c:	20001c90 	.word	0x20001c90

10001660 <pll_init>:
10001660:	b5f8      	push	{r3, r4, r5, r6, r7, lr}
10001662:	0004      	movs	r4, r0
10001664:	4821      	ldr	r0, [pc, #132]	@ (100016ec <pll_init+0x8c>)
10001666:	001e      	movs	r6, r3
10001668:	0017      	movs	r7, r2
1000166a:	000d      	movs	r5, r1
1000166c:	f000 fa5a 	bl	10001b24 <__wrap___aeabi_uidiv>
10001670:	0001      	movs	r1, r0
10001672:	0038      	movs	r0, r7
10001674:	f000 fa56 	bl	10001b24 <__wrap___aeabi_uidiv>
10001678:	9b06      	ldr	r3, [sp, #24]
1000167a:	0436      	lsls	r6, r6, #16
1000167c:	031b      	lsls	r3, r3, #12
1000167e:	431e      	orrs	r6, r3
10001680:	6823      	ldr	r3, [r4, #0]
10001682:	2b00      	cmp	r3, #0
10001684:	db20      	blt.n	100016c8 <pll_init+0x68>
10001686:	4b1a      	ldr	r3, [pc, #104]	@ (100016f0 <pll_init+0x90>)
10001688:	491a      	ldr	r1, [pc, #104]	@ (100016f4 <pll_init+0x94>)
1000168a:	18e3      	adds	r3, r4, r3
1000168c:	1e5a      	subs	r2, r3, #1
1000168e:	4193      	sbcs	r3, r2
10001690:	2280      	movs	r2, #128	@ 0x80
10001692:	0192      	lsls	r2, r2, #6
10001694:	4694      	mov	ip, r2
10001696:	425b      	negs	r3, r3
10001698:	0b1b      	lsrs	r3, r3, #12
1000169a:	4a17      	ldr	r2, [pc, #92]	@ (100016f8 <pll_init+0x98>)
1000169c:	031b      	lsls	r3, r3, #12
1000169e:	4463      	add	r3, ip
100016a0:	6013      	str	r3, [r2, #0]
100016a2:	4a16      	ldr	r2, [pc, #88]	@ (100016fc <pll_init+0x9c>)
100016a4:	6013      	str	r3, [r2, #0]
100016a6:	001f      	movs	r7, r3
100016a8:	680a      	ldr	r2, [r1, #0]
100016aa:	4397      	bics	r7, r2
100016ac:	d1fb      	bne.n	100016a6 <pll_init+0x46>
100016ae:	4b14      	ldr	r3, [pc, #80]	@ (10001700 <pll_init+0xa0>)
100016b0:	6025      	str	r5, [r4, #0]
100016b2:	18e2      	adds	r2, r4, r3
100016b4:	2321      	movs	r3, #33	@ 0x21
100016b6:	60a0      	str	r0, [r4, #8]
100016b8:	6013      	str	r3, [r2, #0]
100016ba:	6823      	ldr	r3, [r4, #0]
100016bc:	2b00      	cmp	r3, #0
100016be:	dafc      	bge.n	100016ba <pll_init+0x5a>
100016c0:	2308      	movs	r3, #8
100016c2:	60e6      	str	r6, [r4, #12]
100016c4:	6013      	str	r3, [r2, #0]
100016c6:	bdf8      	pop	{r3, r4, r5, r6, r7, pc}
100016c8:	233f      	movs	r3, #63	@ 0x3f
100016ca:	6822      	ldr	r2, [r4, #0]
100016cc:	4013      	ands	r3, r2
100016ce:	42ab      	cmp	r3, r5
100016d0:	d1d9      	bne.n	10001686 <pll_init+0x26>
100016d2:	68a3      	ldr	r3, [r4, #8]
100016d4:	051b      	lsls	r3, r3, #20
100016d6:	0d1b      	lsrs	r3, r3, #20
100016d8:	4283      	cmp	r3, r0
100016da:	d1d4      	bne.n	10001686 <pll_init+0x26>
100016dc:	22ee      	movs	r2, #238	@ 0xee
100016de:	68e3      	ldr	r3, [r4, #12]
100016e0:	02d2      	lsls	r2, r2, #11
100016e2:	4013      	ands	r3, r2
100016e4:	42b3      	cmp	r3, r6
100016e6:	d1ce      	bne.n	10001686 <pll_init+0x26>
100016e8:	e7ed      	b.n	100016c6 <pll_init+0x66>
100016ea:	46c0      	nop			@ (mov r8, r8)
100016ec:	00b71b00 	.word	0x00b71b00
100016f0:	bffd4000 	.word	0xbffd4000
100016f4:	4000c008 	.word	0x4000c008
100016f8:	4000e000 	.word	0x4000e000
100016fc:	4000f000 	.word	0x4000f000
10001700:	00003004 	.word	0x00003004

10001704 <vreg_set_voltage>:
10001704:	4b04      	ldr	r3, [pc, #16]	@ (10001718 <vreg_set_voltage+0x14>)
10001706:	0100      	lsls	r0, r0, #4
10001708:	681b      	ldr	r3, [r3, #0]
1000170a:	4a04      	ldr	r2, [pc, #16]	@ (1000171c <vreg_set_voltage+0x18>)
1000170c:	4058      	eors	r0, r3
1000170e:	23f0      	movs	r3, #240	@ 0xf0
10001710:	4003      	ands	r3, r0
10001712:	6013      	str	r3, [r2, #0]
10001714:	4770      	bx	lr
10001716:	46c0      	nop			@ (mov r8, r8)
10001718:	40064000 	.word	0x40064000
1000171c:	40065000 	.word	0x40065000

10001720 <watchdog_reboot>:
10001720:	b510      	push	{r4, lr}
10001722:	2480      	movs	r4, #128	@ 0x80
10001724:	4b1c      	ldr	r3, [pc, #112]	@ (10001798 <watchdog_reboot+0x78>)
10001726:	05e4      	lsls	r4, r4, #23
10001728:	601c      	str	r4, [r3, #0]
1000172a:	2800      	cmp	r0, #0
1000172c:	d01a      	beq.n	10001764 <watchdog_reboot+0x44>
1000172e:	2301      	movs	r3, #1
10001730:	4c1a      	ldr	r4, [pc, #104]	@ (1000179c <watchdog_reboot+0x7c>)
10001732:	4318      	orrs	r0, r3
10001734:	4b1a      	ldr	r3, [pc, #104]	@ (100017a0 <watchdog_reboot+0x80>)
10001736:	61dc      	str	r4, [r3, #28]
10001738:	4c1a      	ldr	r4, [pc, #104]	@ (100017a4 <watchdog_reboot+0x84>)
1000173a:	4044      	eors	r4, r0
1000173c:	621c      	str	r4, [r3, #32]
1000173e:	6259      	str	r1, [r3, #36]	@ 0x24
10001740:	6298      	str	r0, [r3, #40]	@ 0x28
10001742:	2180      	movs	r1, #128	@ 0x80
10001744:	4b14      	ldr	r3, [pc, #80]	@ (10001798 <watchdog_reboot+0x78>)
10001746:	05c9      	lsls	r1, r1, #23
10001748:	6019      	str	r1, [r3, #0]
1000174a:	4817      	ldr	r0, [pc, #92]	@ (100017a8 <watchdog_reboot+0x88>)
1000174c:	4917      	ldr	r1, [pc, #92]	@ (100017ac <watchdog_reboot+0x8c>)
1000174e:	6008      	str	r0, [r1, #0]
10001750:	21e0      	movs	r1, #224	@ 0xe0
10001752:	04c9      	lsls	r1, r1, #19
10001754:	6019      	str	r1, [r3, #0]
10001756:	2a00      	cmp	r2, #0
10001758:	d107      	bne.n	1000176a <watchdog_reboot+0x4a>
1000175a:	2280      	movs	r2, #128	@ 0x80
1000175c:	4b14      	ldr	r3, [pc, #80]	@ (100017b0 <watchdog_reboot+0x90>)
1000175e:	0612      	lsls	r2, r2, #24
10001760:	601a      	str	r2, [r3, #0]
10001762:	bd10      	pop	{r4, pc}
10001764:	4b0e      	ldr	r3, [pc, #56]	@ (100017a0 <watchdog_reboot+0x80>)
10001766:	61d8      	str	r0, [r3, #28]
10001768:	e7eb      	b.n	10001742 <watchdog_reboot+0x22>
1000176a:	0153      	lsls	r3, r2, #5
1000176c:	1a9b      	subs	r3, r3, r2
1000176e:	009b      	lsls	r3, r3, #2
10001770:	189a      	adds	r2, r3, r2
10001772:	2380      	movs	r3, #128	@ 0x80
10001774:	0112      	lsls	r2, r2, #4
10001776:	045b      	lsls	r3, r3, #17
10001778:	429a      	cmp	r2, r3
1000177a:	d209      	bcs.n	10001790 <watchdog_reboot+0x70>
1000177c:	0013      	movs	r3, r2
1000177e:	490d      	ldr	r1, [pc, #52]	@ (100017b4 <watchdog_reboot+0x94>)
10001780:	600b      	str	r3, [r1, #0]
10001782:	4b07      	ldr	r3, [pc, #28]	@ (100017a0 <watchdog_reboot+0x80>)
10001784:	605a      	str	r2, [r3, #4]
10001786:	2280      	movs	r2, #128	@ 0x80
10001788:	4b09      	ldr	r3, [pc, #36]	@ (100017b0 <watchdog_reboot+0x90>)
1000178a:	05d2      	lsls	r2, r2, #23
1000178c:	601a      	str	r2, [r3, #0]
1000178e:	e7e8      	b.n	10001762 <watchdog_reboot+0x42>
10001790:	4b09      	ldr	r3, [pc, #36]	@ (100017b8 <watchdog_reboot+0x98>)
10001792:	001a      	movs	r2, r3
10001794:	e7f3      	b.n	1000177e <watchdog_reboot+0x5e>
10001796:	46c0      	nop			@ (mov r8, r8)
10001798:	4005b000 	.word	0x4005b000
1000179c:	b007c0d3 	.word	0xb007c0d3
100017a0:	40058000 	.word	0x40058000
100017a4:	4ff83f2d 	.word	0x4ff83f2d
100017a8:	0001fffc 	.word	0x0001fffc
100017ac:	40012008 	.word	0x40012008
100017b0:	4005a000 	.word	0x4005a000
100017b4:	200020f0 	.word	0x200020f0
100017b8:	00ffffff 	.word	0x00ffffff

100017bc <tick_start>:
100017bc:	2380      	movs	r3, #128	@ 0x80
100017be:	4a02      	ldr	r2, [pc, #8]	@ (100017c8 <tick_start+0xc>)
100017c0:	009b      	lsls	r3, r3, #2
100017c2:	430b      	orrs	r3, r1
100017c4:	62d3      	str	r3, [r2, #44]	@ 0x2c
100017c6:	4770      	bx	lr
100017c8:	40058000 	.word	0x40058000

100017cc <rom_func_lookup>:
100017cc:	2300      	movs	r3, #0
100017ce:	b510      	push	{r4, lr}
100017d0:	0001      	movs	r1, r0
100017d2:	8a98      	ldrh	r0, [r3, #20]
100017d4:	8b1b      	ldrh	r3, [r3, #24]
100017d6:	4798      	blx	r3
100017d8:	bd10      	pop	{r4, pc}
100017da:	46c0      	nop			@ (mov r8, r8)

100017dc <rom_data_lookup>:
100017dc:	2316      	movs	r3, #22
100017de:	b510      	push	{r4, lr}
100017e0:	0001      	movs	r1, r0
100017e2:	8818      	ldrh	r0, [r3, #0]
100017e4:	3302      	adds	r3, #2
100017e6:	881b      	ldrh	r3, [r3, #0]
100017e8:	4798      	blx	r3
100017ea:	bd10      	pop	{r4, pc}

100017ec <rom_funcs_lookup>:
100017ec:	b5f8      	push	{r3, r4, r5, r6, r7, lr}
100017ee:	4647      	mov	r7, r8
100017f0:	46ce      	mov	lr, r9
100017f2:	b580      	push	{r7, lr}
100017f4:	1e0f      	subs	r7, r1, #0
100017f6:	d018      	beq.n	1000182a <rom_funcs_lookup+0x3e>
100017f8:	2314      	movs	r3, #20
100017fa:	4699      	mov	r9, r3
100017fc:	3304      	adds	r3, #4
100017fe:	0004      	movs	r4, r0
10001800:	2500      	movs	r5, #0
10001802:	2601      	movs	r6, #1
10001804:	4698      	mov	r8, r3
10001806:	464b      	mov	r3, r9
10001808:	8818      	ldrh	r0, [r3, #0]
1000180a:	4643      	mov	r3, r8
1000180c:	6821      	ldr	r1, [r4, #0]
1000180e:	881b      	ldrh	r3, [r3, #0]
10001810:	4798      	blx	r3
10001812:	c401      	stmia	r4!, {r0}
10001814:	1e43      	subs	r3, r0, #1
10001816:	4198      	sbcs	r0, r3
10001818:	3501      	adds	r5, #1
1000181a:	4006      	ands	r6, r0
1000181c:	42af      	cmp	r7, r5
1000181e:	d1f2      	bne.n	10001806 <rom_funcs_lookup+0x1a>
10001820:	0030      	movs	r0, r6
10001822:	bcc0      	pop	{r6, r7}
10001824:	46b9      	mov	r9, r7
10001826:	46b0      	mov	r8, r6
10001828:	bdf8      	pop	{r3, r4, r5, r6, r7, pc}
1000182a:	2601      	movs	r6, #1
1000182c:	e7f8      	b.n	10001820 <rom_funcs_lookup+0x34>
1000182e:	46c0      	nop			@ (mov r8, r8)

10001830 <rom_reset_usb_boot_extra>:
10001830:	2300      	movs	r3, #0
10001832:	b570      	push	{r4, r5, r6, lr}
10001834:	0004      	movs	r4, r0
10001836:	000d      	movs	r5, r1
10001838:	8a98      	ldrh	r0, [r3, #20]
1000183a:	4905      	ldr	r1, [pc, #20]	@ (10001850 <rom_reset_usb_boot_extra+0x20>)
1000183c:	8b1b      	ldrh	r3, [r3, #24]
1000183e:	4798      	blx	r3
10001840:	0003      	movs	r3, r0
10001842:	2000      	movs	r0, #0
10001844:	2c00      	cmp	r4, #0
10001846:	db01      	blt.n	1000184c <rom_reset_usb_boot_extra+0x1c>
10001848:	3001      	adds	r0, #1
1000184a:	40a0      	lsls	r0, r4
1000184c:	0029      	movs	r1, r5
1000184e:	4798      	blx	r3
10001850:	00004255 	.word	0x00004255

10001854 <xosc_init>:
10001854:	23aa      	movs	r3, #170	@ 0xaa
10001856:	4a06      	ldr	r2, [pc, #24]	@ (10001870 <xosc_init+0x1c>)
10001858:	011b      	lsls	r3, r3, #4
1000185a:	6013      	str	r3, [r2, #0]
1000185c:	238d      	movs	r3, #141	@ 0x8d
1000185e:	005b      	lsls	r3, r3, #1
10001860:	60d3      	str	r3, [r2, #12]
10001862:	4904      	ldr	r1, [pc, #16]	@ (10001874 <xosc_init+0x20>)
10001864:	4b04      	ldr	r3, [pc, #16]	@ (10001878 <xosc_init+0x24>)
10001866:	6019      	str	r1, [r3, #0]
10001868:	6853      	ldr	r3, [r2, #4]
1000186a:	2b00      	cmp	r3, #0
1000186c:	dafc      	bge.n	10001868 <xosc_init+0x14>
1000186e:	4770      	bx	lr
10001870:	40024000 	.word	0x40024000
10001874:	00fab000 	.word	0x00fab000
10001878:	40026000 	.word	0x40026000

1000187c <first_per_core_initializer>:
1000187c:	4770      	bx	lr
1000187e:	46c0      	nop			@ (mov r8, r8)

10001880 <hard_assertion_failure>:
10001880:	b510      	push	{r4, lr}
10001882:	4801      	ldr	r0, [pc, #4]	@ (10001888 <hard_assertion_failure+0x8>)
10001884:	f7fe fe44 	bl	10000510 <panic>
10001888:	100071e8 	.word	0x100071e8

1000188c <runtime_run_initializers>:
1000188c:	b570      	push	{r4, r5, r6, lr}
1000188e:	4d07      	ldr	r5, [pc, #28]	@ (100018ac <runtime_run_initializers+0x20>)
10001890:	4e07      	ldr	r6, [pc, #28]	@ (100018b0 <runtime_run_initializers+0x24>)
10001892:	42b5      	cmp	r5, r6
10001894:	d209      	bcs.n	100018aa <runtime_run_initializers+0x1e>
10001896:	2400      	movs	r4, #0
10001898:	3e01      	subs	r6, #1
1000189a:	1b76      	subs	r6, r6, r5
1000189c:	08b6      	lsrs	r6, r6, #2
1000189e:	cd08      	ldmia	r5!, {r3}
100018a0:	4798      	blx	r3
100018a2:	0023      	movs	r3, r4
100018a4:	3401      	adds	r4, #1
100018a6:	42b3      	cmp	r3, r6
100018a8:	d1f9      	bne.n	1000189e <runtime_run_initializers+0x12>
100018aa:	bd70      	pop	{r4, r5, r6, pc}
100018ac:	10006f20 	.word	0x10006f20
100018b0:	10006f5c 	.word	0x10006f5c

100018b4 <runtime_init_early_resets>:
100018b4:	4b05      	ldr	r3, [pc, #20]	@ (100018cc <runtime_init_early_resets+0x18>)
100018b6:	4a06      	ldr	r2, [pc, #24]	@ (100018d0 <runtime_init_early_resets+0x1c>)
100018b8:	4906      	ldr	r1, [pc, #24]	@ (100018d4 <runtime_init_early_resets+0x20>)
100018ba:	601a      	str	r2, [r3, #0]
100018bc:	4a06      	ldr	r2, [pc, #24]	@ (100018d8 <runtime_init_early_resets+0x24>)
100018be:	4b07      	ldr	r3, [pc, #28]	@ (100018dc <runtime_init_early_resets+0x28>)
100018c0:	601a      	str	r2, [r3, #0]
100018c2:	0010      	movs	r0, r2
100018c4:	680b      	ldr	r3, [r1, #0]
100018c6:	4398      	bics	r0, r3
100018c8:	d1fb      	bne.n	100018c2 <runtime_init_early_resets+0xe>
100018ca:	4770      	bx	lr
100018cc:	4000e000 	.word	0x4000e000
100018d0:	fefbcdbf 	.word	0xfefbcdbf
100018d4:	4000c008 	.word	0x4000c008
100018d8:	003c7ffe 	.word	0x003c7ffe
100018dc:	4000f000 	.word	0x4000f000

100018e0 <runtime_init_usb_power_down>:
100018e0:	4b04      	ldr	r3, [pc, #16]	@ (100018f4 <runtime_init_usb_power_down+0x14>)
100018e2:	6cdb      	ldr	r3, [r3, #76]	@ 0x4c
100018e4:	2b00      	cmp	r3, #0
100018e6:	d103      	bne.n	100018f0 <runtime_init_usb_power_down+0x10>
100018e8:	2280      	movs	r2, #128	@ 0x80
100018ea:	4b03      	ldr	r3, [pc, #12]	@ (100018f8 <runtime_init_usb_power_down+0x18>)
100018ec:	02d2      	lsls	r2, r2, #11
100018ee:	601a      	str	r2, [r3, #0]
100018f0:	4770      	bx	lr
100018f2:	46c0      	nop			@ (mov r8, r8)
100018f4:	50110000 	.word	0x50110000
100018f8:	5011204c 	.word	0x5011204c

100018fc <runtime_init_post_clock_resets>:
100018fc:	4a04      	ldr	r2, [pc, #16]	@ (10001910 <runtime_init_post_clock_resets+0x14>)
100018fe:	4b05      	ldr	r3, [pc, #20]	@ (10001914 <runtime_init_post_clock_resets+0x18>)
10001900:	601a      	str	r2, [r3, #0]
10001902:	4a05      	ldr	r2, [pc, #20]	@ (10001918 <runtime_init_post_clock_resets+0x1c>)
10001904:	6813      	ldr	r3, [r2, #0]
10001906:	01db      	lsls	r3, r3, #7
10001908:	3380      	adds	r3, #128	@ 0x80
1000190a:	d1fb      	bne.n	10001904 <runtime_init_post_clock_resets+0x8>
1000190c:	4770      	bx	lr
1000190e:	46c0      	nop			@ (mov r8, r8)
10001910:	01ffffff 	.word	0x01ffffff
10001914:	4000f000 	.word	0x4000f000
10001918:	4000c008 	.word	0x4000c008

1000191c <runtime_init_rp2040_gpio_ie_disable>:
1000191c:	2240      	movs	r2, #64	@ 0x40
1000191e:	4b03      	ldr	r3, [pc, #12]	@ (1000192c <runtime_init_rp2040_gpio_ie_disable+0x10>)
10001920:	679a      	str	r2, [r3, #120]	@ 0x78
10001922:	675a      	str	r2, [r3, #116]	@ 0x74
10001924:	671a      	str	r2, [r3, #112]	@ 0x70
10001926:	66da      	str	r2, [r3, #108]	@ 0x6c
10001928:	4770      	bx	lr
1000192a:	46c0      	nop			@ (mov r8, r8)
1000192c:	4001f000 	.word	0x4001f000

10001930 <runtime_init_spin_locks_reset>:
10001930:	b510      	push	{r4, lr}
10001932:	f7fe fe89 	bl	10000648 <spin_locks_reset>
10001936:	bd10      	pop	{r4, pc}

10001938 <runtime_init_install_ram_vector_table>:
10001938:	b5f8      	push	{r3, r4, r5, r6, r7, lr}
1000193a:	4927      	ldr	r1, [pc, #156]	@ (100019d8 <runtime_init_install_ram_vector_table+0xa0>)
1000193c:	4c27      	ldr	r4, [pc, #156]	@ (100019dc <runtime_init_install_ram_vector_table+0xa4>)
1000193e:	4d28      	ldr	r5, [pc, #160]	@ (100019e0 <runtime_init_install_ram_vector_table+0xa8>)
10001940:	1a64      	subs	r4, r4, r1
10001942:	10a6      	asrs	r6, r4, #2
10001944:	0032      	movs	r2, r6
10001946:	2e30      	cmp	r6, #48	@ 0x30
10001948:	d900      	bls.n	1000194c <runtime_init_install_ram_vector_table+0x14>
1000194a:	2230      	movs	r2, #48	@ 0x30
1000194c:	0028      	movs	r0, r5
1000194e:	0092      	lsls	r2, r2, #2
10001950:	f000 ff7c 	bl	1000284c <__wrap___aeabi_memcpy>
10001954:	2cbc      	cmp	r4, #188	@ 0xbc
10001956:	d83b      	bhi.n	100019d0 <runtime_init_install_ram_vector_table+0x98>
10001958:	2030      	movs	r0, #48	@ 0x30
1000195a:	232f      	movs	r3, #47	@ 0x2f
1000195c:	192c      	adds	r4, r5, r4
1000195e:	0764      	lsls	r4, r4, #29
10001960:	4a20      	ldr	r2, [pc, #128]	@ (100019e4 <runtime_init_install_ram_vector_table+0xac>)
10001962:	1b80      	subs	r0, r0, r6
10001964:	0fe4      	lsrs	r4, r4, #31
10001966:	1b9b      	subs	r3, r3, r6
10001968:	2b05      	cmp	r3, #5
1000196a:	d916      	bls.n	1000199a <runtime_init_install_ram_vector_table+0x62>
1000196c:	0037      	movs	r7, r6
1000196e:	2c00      	cmp	r4, #0
10001970:	d002      	beq.n	10001978 <runtime_init_install_ram_vector_table+0x40>
10001972:	00b3      	lsls	r3, r6, #2
10001974:	1c77      	adds	r7, r6, #1
10001976:	50ea      	str	r2, [r5, r3]
10001978:	1b00      	subs	r0, r0, r4
1000197a:	1933      	adds	r3, r6, r4
1000197c:	009b      	lsls	r3, r3, #2
1000197e:	0841      	lsrs	r1, r0, #1
10001980:	18eb      	adds	r3, r5, r3
10001982:	00c9      	lsls	r1, r1, #3
10001984:	18c9      	adds	r1, r1, r3
10001986:	601a      	str	r2, [r3, #0]
10001988:	605a      	str	r2, [r3, #4]
1000198a:	3308      	adds	r3, #8
1000198c:	4299      	cmp	r1, r3
1000198e:	d1fa      	bne.n	10001986 <runtime_init_install_ram_vector_table+0x4e>
10001990:	2301      	movs	r3, #1
10001992:	4203      	tst	r3, r0
10001994:	d01c      	beq.n	100019d0 <runtime_init_install_ram_vector_table+0x98>
10001996:	4398      	bics	r0, r3
10001998:	19c6      	adds	r6, r0, r7
1000199a:	00b3      	lsls	r3, r6, #2
1000199c:	50ea      	str	r2, [r5, r3]
1000199e:	1c73      	adds	r3, r6, #1
100019a0:	2e2f      	cmp	r6, #47	@ 0x2f
100019a2:	d015      	beq.n	100019d0 <runtime_init_install_ram_vector_table+0x98>
100019a4:	009b      	lsls	r3, r3, #2
100019a6:	50ea      	str	r2, [r5, r3]
100019a8:	1cb3      	adds	r3, r6, #2
100019aa:	2e2e      	cmp	r6, #46	@ 0x2e
100019ac:	d010      	beq.n	100019d0 <runtime_init_install_ram_vector_table+0x98>
100019ae:	009b      	lsls	r3, r3, #2
100019b0:	50ea      	str	r2, [r5, r3]
100019b2:	1cf3      	adds	r3, r6, #3
100019b4:	2e2d      	cmp	r6, #45	@ 0x2d
100019b6:	d00b      	beq.n	100019d0 <runtime_init_install_ram_vector_table+0x98>
100019b8:	009b      	lsls	r3, r3, #2
100019ba:	50ea      	str	r2, [r5, r3]
100019bc:	1d33      	adds	r3, r6, #4
100019be:	2e2c      	cmp	r6, #44	@ 0x2c
100019c0:	d006      	beq.n	100019d0 <runtime_init_install_ram_vector_table+0x98>
100019c2:	009b      	lsls	r3, r3, #2
100019c4:	50ea      	str	r2, [r5, r3]
100019c6:	1d73      	adds	r3, r6, #5
100019c8:	2e2b      	cmp	r6, #43	@ 0x2b
100019ca:	d001      	beq.n	100019d0 <runtime_init_install_ram_vector_table+0x98>
100019cc:	009b      	lsls	r3, r3, #2
100019ce:	50ea      	str	r2, [r5, r3]
100019d0:	4b05      	ldr	r3, [pc, #20]	@ (100019e8 <runtime_init_install_ram_vector_table+0xb0>)
100019d2:	609d      	str	r5, [r3, #8]
100019d4:	bdf8      	pop	{r3, r4, r5, r6, r7, pc}
100019d6:	46c0      	nop			@ (mov r8, r8)
100019d8:	10000100 	.word	0x10000100
100019dc:	100001c0 	.word	0x100001c0
100019e0:	20000000 	.word	0x20000000
100019e4:	100001c1 	.word	0x100001c1
100019e8:	e000ed00 	.word	0xe000ed00

100019ec <runtime_init_clocks>:
100019ec:	2300      	movs	r3, #0
100019ee:	b510      	push	{r4, lr}
100019f0:	4c29      	ldr	r4, [pc, #164]	@ (10001a98 <runtime_init_clocks+0xac>)
100019f2:	b082      	sub	sp, #8
100019f4:	67a3      	str	r3, [r4, #120]	@ 0x78
100019f6:	f7ff ff2d 	bl	10001854 <xosc_init>
100019fa:	2201      	movs	r2, #1
100019fc:	4b27      	ldr	r3, [pc, #156]	@ (10001a9c <runtime_init_clocks+0xb0>)
100019fe:	601a      	str	r2, [r3, #0]
10001a00:	6c63      	ldr	r3, [r4, #68]	@ 0x44
10001a02:	2b01      	cmp	r3, #1
10001a04:	d1fc      	bne.n	10001a00 <runtime_init_clocks+0x14>
10001a06:	2203      	movs	r2, #3
10001a08:	4b25      	ldr	r3, [pc, #148]	@ (10001aa0 <runtime_init_clocks+0xb4>)
10001a0a:	601a      	str	r2, [r3, #0]
10001a0c:	4a22      	ldr	r2, [pc, #136]	@ (10001a98 <runtime_init_clocks+0xac>)
10001a0e:	6b93      	ldr	r3, [r2, #56]	@ 0x38
10001a10:	2b01      	cmp	r3, #1
10001a12:	d1fc      	bne.n	10001a0e <runtime_init_clocks+0x22>
10001a14:	3301      	adds	r3, #1
10001a16:	9300      	str	r3, [sp, #0]
10001a18:	2101      	movs	r1, #1
10001a1a:	4a22      	ldr	r2, [pc, #136]	@ (10001aa4 <runtime_init_clocks+0xb8>)
10001a1c:	4822      	ldr	r0, [pc, #136]	@ (10001aa8 <runtime_init_clocks+0xbc>)
10001a1e:	3304      	adds	r3, #4
10001a20:	f7ff fe1e 	bl	10001660 <pll_init>
10001a24:	2305      	movs	r3, #5
10001a26:	2101      	movs	r1, #1
10001a28:	9300      	str	r3, [sp, #0]
10001a2a:	4a20      	ldr	r2, [pc, #128]	@ (10001aac <runtime_init_clocks+0xc0>)
10001a2c:	4820      	ldr	r0, [pc, #128]	@ (10001ab0 <runtime_init_clocks+0xc4>)
10001a2e:	f7ff fe17 	bl	10001660 <pll_init>
10001a32:	2200      	movs	r2, #0
10001a34:	2102      	movs	r1, #2
10001a36:	2004      	movs	r0, #4
10001a38:	4b1e      	ldr	r3, [pc, #120]	@ (10001ab4 <runtime_init_clocks+0xc8>)
10001a3a:	f7ff fd97 	bl	1000156c <clock_configure_undivided>
10001a3e:	2200      	movs	r2, #0
10001a40:	2101      	movs	r1, #1
10001a42:	2005      	movs	r0, #5
10001a44:	4b1c      	ldr	r3, [pc, #112]	@ (10001ab8 <runtime_init_clocks+0xcc>)
10001a46:	f7ff fd91 	bl	1000156c <clock_configure_undivided>
10001a4a:	2200      	movs	r2, #0
10001a4c:	2100      	movs	r1, #0
10001a4e:	2007      	movs	r0, #7
10001a50:	4b1a      	ldr	r3, [pc, #104]	@ (10001abc <runtime_init_clocks+0xd0>)
10001a52:	f7ff fd8b 	bl	1000156c <clock_configure_undivided>
10001a56:	2200      	movs	r2, #0
10001a58:	2100      	movs	r1, #0
10001a5a:	2008      	movs	r0, #8
10001a5c:	4b17      	ldr	r3, [pc, #92]	@ (10001abc <runtime_init_clocks+0xd0>)
10001a5e:	f7ff fd85 	bl	1000156c <clock_configure_undivided>
10001a62:	2380      	movs	r3, #128	@ 0x80
10001a64:	00db      	lsls	r3, r3, #3
10001a66:	9300      	str	r3, [sp, #0]
10001a68:	2200      	movs	r2, #0
10001a6a:	2100      	movs	r1, #0
10001a6c:	2009      	movs	r0, #9
10001a6e:	4b13      	ldr	r3, [pc, #76]	@ (10001abc <runtime_init_clocks+0xd0>)
10001a70:	f7ff fd02 	bl	10001478 <clock_configure_int_divider>
10001a74:	2200      	movs	r2, #0
10001a76:	4b10      	ldr	r3, [pc, #64]	@ (10001ab8 <runtime_init_clocks+0xcc>)
10001a78:	2100      	movs	r1, #0
10001a7a:	2006      	movs	r0, #6
10001a7c:	f7ff fd76 	bl	1000156c <clock_configure_undivided>
10001a80:	2004      	movs	r0, #4
10001a82:	f7ff fde7 	bl	10001654 <clock_get_hz>
10001a86:	490e      	ldr	r1, [pc, #56]	@ (10001ac0 <runtime_init_clocks+0xd4>)
10001a88:	f000 f84c 	bl	10001b24 <__wrap___aeabi_uidiv>
10001a8c:	0001      	movs	r1, r0
10001a8e:	2000      	movs	r0, #0
10001a90:	f7ff fe94 	bl	100017bc <tick_start>
10001a94:	b002      	add	sp, #8
10001a96:	bd10      	pop	{r4, pc}
10001a98:	40008000 	.word	0x40008000
10001a9c:	4000b03c 	.word	0x4000b03c
10001aa0:	4000b030 	.word	0x4000b030
10001aa4:	59682f00 	.word	0x59682f00
10001aa8:	40028000 	.word	0x40028000
10001aac:	47868c00 	.word	0x47868c00
10001ab0:	4002c000 	.word	0x4002c000
10001ab4:	00b71b00 	.word	0x00b71b00
10001ab8:	07735940 	.word	0x07735940
10001abc:	02dc6c00 	.word	0x02dc6c00
10001ac0:	000f4240 	.word	0x000f4240

10001ac4 <__aeabi_bits_init>:
10001ac4:	4801      	ldr	r0, [pc, #4]	@ (10001acc <__aeabi_bits_init+0x8>)
10001ac6:	2104      	movs	r1, #4
10001ac8:	4b01      	ldr	r3, [pc, #4]	@ (10001ad0 <__aeabi_bits_init+0xc>)
10001aca:	4718      	bx	r3
10001acc:	20001050 	.word	0x20001050
10001ad0:	100017ed 	.word	0x100017ed

10001ad4 <__wrap___aeabi_idiv>:
10001ad4:	4a12      	ldr	r2, [pc, #72]	@ (10001b20 <divmod_s32s32_savestate+0x18>)
10001ad6:	6f93      	ldr	r3, [r2, #120]	@ 0x78
10001ad8:	089b      	lsrs	r3, r3, #2
10001ada:	d215      	bcs.n	10001b08 <divmod_s32s32_savestate>

10001adc <divmod_s32s32_unsafe>:
10001adc:	6690      	str	r0, [r2, #104]	@ 0x68
10001ade:	66d1      	str	r1, [r2, #108]	@ 0x6c
10001ae0:	2900      	cmp	r1, #0
10001ae2:	d005      	beq.n	10001af0 <divmod_s32s32_unsafe+0x14>
10001ae4:	e7ff      	b.n	10001ae6 <divmod_s32s32_unsafe+0xa>
10001ae6:	e7ff      	b.n	10001ae8 <divmod_s32s32_unsafe+0xc>
10001ae8:	e7ff      	b.n	10001aea <divmod_s32s32_unsafe+0xe>
10001aea:	6f51      	ldr	r1, [r2, #116]	@ 0x74
10001aec:	6f10      	ldr	r0, [r2, #112]	@ 0x70
10001aee:	4770      	bx	lr
10001af0:	b504      	push	{r2, lr}
10001af2:	2180      	movs	r1, #128	@ 0x80
10001af4:	0609      	lsls	r1, r1, #24
10001af6:	17c2      	asrs	r2, r0, #31
10001af8:	4051      	eors	r1, r2
10001afa:	2800      	cmp	r0, #0
10001afc:	d000      	beq.n	10001b00 <divmod_s32s32_unsafe+0x24>
10001afe:	43c8      	mvns	r0, r1
10001b00:	f005 f9ce 	bl	10006ea0 <____aeabi_idiv0_veneer>
10001b04:	2100      	movs	r1, #0
10001b06:	bd04      	pop	{r2, pc}

10001b08 <divmod_s32s32_savestate>:
10001b08:	b5f0      	push	{r4, r5, r6, r7, lr}
10001b0a:	6e14      	ldr	r4, [r2, #96]	@ 0x60
10001b0c:	6e55      	ldr	r5, [r2, #100]	@ 0x64
10001b0e:	6f57      	ldr	r7, [r2, #116]	@ 0x74
10001b10:	6f16      	ldr	r6, [r2, #112]	@ 0x70
10001b12:	f7ff ffe3 	bl	10001adc <divmod_s32s32_unsafe>
10001b16:	6614      	str	r4, [r2, #96]	@ 0x60
10001b18:	6655      	str	r5, [r2, #100]	@ 0x64
10001b1a:	6757      	str	r7, [r2, #116]	@ 0x74
10001b1c:	6716      	str	r6, [r2, #112]	@ 0x70
10001b1e:	bdf0      	pop	{r4, r5, r6, r7, pc}
10001b20:	d0000000 	.word	0xd0000000

10001b24 <__wrap___aeabi_uidiv>:
10001b24:	4a11      	ldr	r2, [pc, #68]	@ (10001b6c <divmod_u32u32_savestate+0x18>)
10001b26:	6f93      	ldr	r3, [r2, #120]	@ 0x78
10001b28:	089b      	lsrs	r3, r3, #2
10001b2a:	d213      	bcs.n	10001b54 <divmod_u32u32_savestate>

10001b2c <divmod_u32u32_unsafe>:
10001b2c:	6610      	str	r0, [r2, #96]	@ 0x60
10001b2e:	6651      	str	r1, [r2, #100]	@ 0x64
10001b30:	2900      	cmp	r1, #0
10001b32:	d005      	beq.n	10001b40 <divmod_u32u32_unsafe+0x14>
10001b34:	e7ff      	b.n	10001b36 <divmod_u32u32_unsafe+0xa>
10001b36:	e7ff      	b.n	10001b38 <divmod_u32u32_unsafe+0xc>
10001b38:	e7ff      	b.n	10001b3a <divmod_u32u32_unsafe+0xe>
10001b3a:	6f51      	ldr	r1, [r2, #116]	@ 0x74
10001b3c:	6f10      	ldr	r0, [r2, #112]	@ 0x70
10001b3e:	4770      	bx	lr
10001b40:	b504      	push	{r2, lr}
10001b42:	2800      	cmp	r0, #0
10001b44:	d001      	beq.n	10001b4a <divmod_u32u32_unsafe+0x1e>
10001b46:	2000      	movs	r0, #0
10001b48:	43c0      	mvns	r0, r0
10001b4a:	f005 f9a9 	bl	10006ea0 <____aeabi_idiv0_veneer>
10001b4e:	2100      	movs	r1, #0
10001b50:	bd04      	pop	{r2, pc}
10001b52:	46c0      	nop			@ (mov r8, r8)

10001b54 <divmod_u32u32_savestate>:
10001b54:	b5f0      	push	{r4, r5, r6, r7, lr}
10001b56:	6e14      	ldr	r4, [r2, #96]	@ 0x60
10001b58:	6e55      	ldr	r5, [r2, #100]	@ 0x64
10001b5a:	6f57      	ldr	r7, [r2, #116]	@ 0x74
10001b5c:	6f16      	ldr	r6, [r2, #112]	@ 0x70
10001b5e:	f7ff ffe5 	bl	10001b2c <divmod_u32u32_unsafe>
10001b62:	6614      	str	r4, [r2, #96]	@ 0x60
10001b64:	6655      	str	r5, [r2, #100]	@ 0x64
10001b66:	6757      	str	r7, [r2, #116]	@ 0x74
10001b68:	6716      	str	r6, [r2, #112]	@ 0x70
10001b6a:	bdf0      	pop	{r4, r5, r6, r7, pc}
10001b6c:	d0000000 	.word	0xd0000000

10001b70 <__wrap___aeabi_ldivmod>:
10001b70:	4694      	mov	ip, r2
10001b72:	4a4a      	ldr	r2, [pc, #296]	@ (10001c9c <udiv0+0x1a>)
10001b74:	6f92      	ldr	r2, [r2, #120]	@ 0x78
10001b76:	0892      	lsrs	r2, r2, #2
10001b78:	4662      	mov	r2, ip
10001b7a:	d201      	bcs.n	10001b80 <divmod_s64s64_savestate>
10001b7c:	e028      	b.n	10001bd0 <divmod_s64s64_unsafe>
10001b7e:	46c0      	nop			@ (mov r8, r8)

10001b80 <divmod_s64s64_savestate>:
10001b80:	b5f0      	push	{r4, r5, r6, r7, lr}
10001b82:	4e46      	ldr	r6, [pc, #280]	@ (10001c9c <udiv0+0x1a>)
10001b84:	6e34      	ldr	r4, [r6, #96]	@ 0x60
10001b86:	6e75      	ldr	r5, [r6, #100]	@ 0x64
10001b88:	6f77      	ldr	r7, [r6, #116]	@ 0x74
10001b8a:	6f36      	ldr	r6, [r6, #112]	@ 0x70
10001b8c:	f000 f820 	bl	10001bd0 <divmod_s64s64_unsafe>
10001b90:	4694      	mov	ip, r2
10001b92:	4a42      	ldr	r2, [pc, #264]	@ (10001c9c <udiv0+0x1a>)
10001b94:	6614      	str	r4, [r2, #96]	@ 0x60
10001b96:	6655      	str	r5, [r2, #100]	@ 0x64
10001b98:	6757      	str	r7, [r2, #116]	@ 0x74
10001b9a:	6716      	str	r6, [r2, #112]	@ 0x70
10001b9c:	4662      	mov	r2, ip
10001b9e:	bdf0      	pop	{r4, r5, r6, r7, pc}

10001ba0 <__wrap___aeabi_uldivmod>:
10001ba0:	4694      	mov	ip, r2
10001ba2:	4a3e      	ldr	r2, [pc, #248]	@ (10001c9c <udiv0+0x1a>)
10001ba4:	6f92      	ldr	r2, [r2, #120]	@ 0x78
10001ba6:	0892      	lsrs	r2, r2, #2
10001ba8:	4662      	mov	r2, ip
10001baa:	d201      	bcs.n	10001bb0 <divmod_u64u64_savestate>
10001bac:	e054      	b.n	10001c58 <divmod_u64u64_unsafe>
10001bae:	46c0      	nop			@ (mov r8, r8)

10001bb0 <divmod_u64u64_savestate>:
10001bb0:	b5f0      	push	{r4, r5, r6, r7, lr}
10001bb2:	4e3a      	ldr	r6, [pc, #232]	@ (10001c9c <udiv0+0x1a>)
10001bb4:	6e34      	ldr	r4, [r6, #96]	@ 0x60
10001bb6:	6e75      	ldr	r5, [r6, #100]	@ 0x64
10001bb8:	6f77      	ldr	r7, [r6, #116]	@ 0x74
10001bba:	6f36      	ldr	r6, [r6, #112]	@ 0x70
10001bbc:	f000 f84c 	bl	10001c58 <divmod_u64u64_unsafe>
10001bc0:	4694      	mov	ip, r2
10001bc2:	4a36      	ldr	r2, [pc, #216]	@ (10001c9c <udiv0+0x1a>)
10001bc4:	6614      	str	r4, [r2, #96]	@ 0x60
10001bc6:	6655      	str	r5, [r2, #100]	@ 0x64
10001bc8:	6757      	str	r7, [r2, #116]	@ 0x74
10001bca:	6716      	str	r6, [r2, #112]	@ 0x70
10001bcc:	4662      	mov	r2, ip
10001bce:	bdf0      	pop	{r4, r5, r6, r7, pc}

10001bd0 <divmod_s64s64_unsafe>:
10001bd0:	2b00      	cmp	r3, #0
10001bd2:	db24      	blt.n	10001c1e <l42_1+0x26>
10001bd4:	d011      	beq.n	10001bfa <l42_1+0x2>
10001bd6:	2900      	cmp	r1, #0
10001bd8:	da3e      	bge.n	10001c58 <divmod_u64u64_unsafe>
10001bda:	b500      	push	{lr}
10001bdc:	43c9      	mvns	r1, r1
10001bde:	4240      	negs	r0, r0
10001be0:	d100      	bne.n	10001be4 <l40_1>
10001be2:	3101      	adds	r1, #1

10001be4 <l40_1>:
10001be4:	f000 f838 	bl	10001c58 <divmod_u64u64_unsafe>
10001be8:	43c9      	mvns	r1, r1
10001bea:	4240      	negs	r0, r0
10001bec:	d100      	bne.n	10001bf0 <l41_1>
10001bee:	3101      	adds	r1, #1

10001bf0 <l41_1>:
10001bf0:	43db      	mvns	r3, r3
10001bf2:	4252      	negs	r2, r2
10001bf4:	d100      	bne.n	10001bf8 <l42_1>
10001bf6:	3301      	adds	r3, #1

10001bf8 <l42_1>:
10001bf8:	bd00      	pop	{pc}
10001bfa:	2a00      	cmp	r2, #0
10001bfc:	d1eb      	bne.n	10001bd6 <divmod_s64s64_unsafe+0x6>
10001bfe:	2800      	cmp	r0, #0
10001c00:	d101      	bne.n	10001c06 <l42_1+0xe>
10001c02:	2900      	cmp	r1, #0
10001c04:	d005      	beq.n	10001c12 <l42_1+0x1a>
10001c06:	2000      	movs	r0, #0
10001c08:	0fc9      	lsrs	r1, r1, #31
10001c0a:	07c9      	lsls	r1, r1, #31
10001c0c:	d101      	bne.n	10001c12 <l42_1+0x1a>
10001c0e:	43c0      	mvns	r0, r0
10001c10:	0841      	lsrs	r1, r0, #1
10001c12:	b500      	push	{lr}
10001c14:	f005 f934 	bl	10006e80 <____aeabi_ldiv0_veneer>
10001c18:	2200      	movs	r2, #0
10001c1a:	2300      	movs	r3, #0
10001c1c:	bd00      	pop	{pc}
10001c1e:	b500      	push	{lr}
10001c20:	2900      	cmp	r1, #0
10001c22:	db0a      	blt.n	10001c3a <l44_1+0x2>
10001c24:	43db      	mvns	r3, r3
10001c26:	4252      	negs	r2, r2
10001c28:	d100      	bne.n	10001c2c <l43_1>
10001c2a:	3301      	adds	r3, #1

10001c2c <l43_1>:
10001c2c:	f000 f814 	bl	10001c58 <divmod_u64u64_unsafe>
10001c30:	43c9      	mvns	r1, r1
10001c32:	4240      	negs	r0, r0
10001c34:	d100      	bne.n	10001c38 <l44_1>
10001c36:	3101      	adds	r1, #1

10001c38 <l44_1>:
10001c38:	bd00      	pop	{pc}
10001c3a:	43c9      	mvns	r1, r1
10001c3c:	4240      	negs	r0, r0
10001c3e:	d100      	bne.n	10001c42 <l45_1>
10001c40:	3101      	adds	r1, #1

10001c42 <l45_1>:
10001c42:	43db      	mvns	r3, r3
10001c44:	4252      	negs	r2, r2
10001c46:	d100      	bne.n	10001c4a <l46_1>
10001c48:	3301      	adds	r3, #1

10001c4a <l46_1>:
10001c4a:	f000 f805 	bl	10001c58 <divmod_u64u64_unsafe>
10001c4e:	43db      	mvns	r3, r3
10001c50:	4252      	negs	r2, r2
10001c52:	d100      	bne.n	10001c56 <l47_1>
10001c54:	3301      	adds	r3, #1

10001c56 <l47_1>:
10001c56:	bd00      	pop	{pc}

10001c58 <divmod_u64u64_unsafe>:
10001c58:	2900      	cmp	r1, #0
10001c5a:	d123      	bne.n	10001ca4 <y64>
10001c5c:	2b00      	cmp	r3, #0
10001c5e:	d118      	bne.n	10001c92 <udiv0+0x10>
10001c60:	2a00      	cmp	r2, #0
10001c62:	d00c      	beq.n	10001c7e <divmod_u64u64_unsafe+0x26>
10001c64:	46bc      	mov	ip, r7
10001c66:	4f0d      	ldr	r7, [pc, #52]	@ (10001c9c <udiv0+0x1a>)
10001c68:	6638      	str	r0, [r7, #96]	@ 0x60
10001c6a:	667a      	str	r2, [r7, #100]	@ 0x64
10001c6c:	2100      	movs	r1, #0
10001c6e:	2300      	movs	r3, #0
10001c70:	e7ff      	b.n	10001c72 <divmod_u64u64_unsafe+0x1a>
10001c72:	e7ff      	b.n	10001c74 <divmod_u64u64_unsafe+0x1c>
10001c74:	e7ff      	b.n	10001c76 <divmod_u64u64_unsafe+0x1e>
10001c76:	6f7a      	ldr	r2, [r7, #116]	@ 0x74
10001c78:	6f38      	ldr	r0, [r7, #112]	@ 0x70
10001c7a:	4667      	mov	r7, ip
10001c7c:	4770      	bx	lr
10001c7e:	2800      	cmp	r0, #0
10001c80:	d001      	beq.n	10001c86 <udiv0+0x4>

10001c82 <udiv0>:
10001c82:	4807      	ldr	r0, [pc, #28]	@ (10001ca0 <udiv0+0x1e>)
10001c84:	0001      	movs	r1, r0
10001c86:	b500      	push	{lr}
10001c88:	f005 f8fa 	bl	10006e80 <____aeabi_ldiv0_veneer>
10001c8c:	2200      	movs	r2, #0
10001c8e:	2300      	movs	r3, #0
10001c90:	bd00      	pop	{pc}
10001c92:	0002      	movs	r2, r0
10001c94:	000b      	movs	r3, r1
10001c96:	2000      	movs	r0, #0
10001c98:	2100      	movs	r1, #0
10001c9a:	4770      	bx	lr
10001c9c:	d0000000 	.word	0xd0000000
10001ca0:	ffffffff 	.word	0xffffffff

10001ca4 <y64>:
10001ca4:	2b00      	cmp	r3, #0
10001ca6:	d000      	beq.n	10001caa <y64+0x6>
10001ca8:	e0bf      	b.n	10001e2a <y64_x48>
10001caa:	0c13      	lsrs	r3, r2, #16
10001cac:	d128      	bne.n	10001d00 <y64_x32>
10001cae:	2a00      	cmp	r2, #0
10001cb0:	d0e7      	beq.n	10001c82 <udiv0>
10001cb2:	b480      	push	{r7}
10001cb4:	4f11      	ldr	r7, [pc, #68]	@ (10001cfc <y64+0x58>)
10001cb6:	6639      	str	r1, [r7, #96]	@ 0x60
10001cb8:	667a      	str	r2, [r7, #100]	@ 0x64
10001cba:	e7ff      	b.n	10001cbc <y64+0x18>
10001cbc:	e7ff      	b.n	10001cbe <y64+0x1a>
10001cbe:	b430      	push	{r4, r5}
10001cc0:	0c04      	lsrs	r4, r0, #16
10001cc2:	6f7b      	ldr	r3, [r7, #116]	@ 0x74
10001cc4:	6f39      	ldr	r1, [r7, #112]	@ 0x70
10001cc6:	041b      	lsls	r3, r3, #16
10001cc8:	4323      	orrs	r3, r4
10001cca:	663b      	str	r3, [r7, #96]	@ 0x60
10001ccc:	667a      	str	r2, [r7, #100]	@ 0x64
10001cce:	e7ff      	b.n	10001cd0 <y64+0x2c>
10001cd0:	e7ff      	b.n	10001cd2 <y64+0x2e>
10001cd2:	e7ff      	b.n	10001cd4 <y64+0x30>
10001cd4:	46c0      	nop			@ (mov r8, r8)
10001cd6:	b284      	uxth	r4, r0
10001cd8:	6f7b      	ldr	r3, [r7, #116]	@ 0x74
10001cda:	6f3d      	ldr	r5, [r7, #112]	@ 0x70
10001cdc:	041b      	lsls	r3, r3, #16
10001cde:	4323      	orrs	r3, r4
10001ce0:	663b      	str	r3, [r7, #96]	@ 0x60
10001ce2:	667a      	str	r2, [r7, #100]	@ 0x64
10001ce4:	e7ff      	b.n	10001ce6 <y64+0x42>
10001ce6:	e7ff      	b.n	10001ce8 <y64+0x44>
10001ce8:	46c0      	nop			@ (mov r8, r8)
10001cea:	2300      	movs	r3, #0
10001cec:	042c      	lsls	r4, r5, #16
10001cee:	0c2d      	lsrs	r5, r5, #16
10001cf0:	6f7a      	ldr	r2, [r7, #116]	@ 0x74
10001cf2:	6f38      	ldr	r0, [r7, #112]	@ 0x70
10001cf4:	1900      	adds	r0, r0, r4
10001cf6:	4169      	adcs	r1, r5
10001cf8:	bcb0      	pop	{r4, r5, r7}
10001cfa:	4770      	bx	lr
10001cfc:	d0000000 	.word	0xd0000000

10001d00 <y64_x32>:
10001d00:	b5f0      	push	{r4, r5, r6, r7, lr}
10001d02:	4694      	mov	ip, r2
10001d04:	2500      	movs	r5, #0
10001d06:	0e14      	lsrs	r4, r2, #24
10001d08:	d101      	bne.n	10001d0e <y64_x32+0xe>
10001d0a:	0212      	lsls	r2, r2, #8
10001d0c:	3508      	adds	r5, #8
10001d0e:	0f14      	lsrs	r4, r2, #28
10001d10:	d101      	bne.n	10001d16 <y64_x32+0x16>
10001d12:	0112      	lsls	r2, r2, #4
10001d14:	3504      	adds	r5, #4
10001d16:	0f94      	lsrs	r4, r2, #30
10001d18:	d101      	bne.n	10001d1e <y64_x32+0x1e>
10001d1a:	0092      	lsls	r2, r2, #2
10001d1c:	3502      	adds	r5, #2
10001d1e:	0fd4      	lsrs	r4, r2, #31
10001d20:	d101      	bne.n	10001d26 <y64_x32+0x26>
10001d22:	0052      	lsls	r2, r2, #1
10001d24:	3501      	adds	r5, #1
10001d26:	0bd4      	lsrs	r4, r2, #15
10001d28:	3401      	adds	r4, #1
10001d2a:	4f25      	ldr	r7, [pc, #148]	@ (10001dc0 <y64_x32+0xc0>)
10001d2c:	667c      	str	r4, [r7, #100]	@ 0x64
10001d2e:	4c25      	ldr	r4, [pc, #148]	@ (10001dc4 <y64_x32+0xc4>)
10001d30:	663c      	str	r4, [r7, #96]	@ 0x60
10001d32:	0c0e      	lsrs	r6, r1, #16
10001d34:	b293      	uxth	r3, r2
10001d36:	e7ff      	b.n	10001d38 <y64_x32+0x38>
10001d38:	e7ff      	b.n	10001d3a <y64_x32+0x3a>
10001d3a:	e7ff      	b.n	10001d3c <y64_x32+0x3c>
10001d3c:	6f3c      	ldr	r4, [r7, #112]	@ 0x70
10001d3e:	4366      	muls	r6, r4
10001d40:	0c36      	lsrs	r6, r6, #16
10001d42:	0377      	lsls	r7, r6, #13
10001d44:	46be      	mov	lr, r7
10001d46:	4373      	muls	r3, r6
10001d48:	0bdf      	lsrs	r7, r3, #15
10001d4a:	045b      	lsls	r3, r3, #17
10001d4c:	1ac0      	subs	r0, r0, r3
10001d4e:	41b9      	sbcs	r1, r7
10001d50:	0c13      	lsrs	r3, r2, #16
10001d52:	4373      	muls	r3, r6
10001d54:	18db      	adds	r3, r3, r3
10001d56:	1ac9      	subs	r1, r1, r3
10001d58:	08ce      	lsrs	r6, r1, #3
10001d5a:	4366      	muls	r6, r4
10001d5c:	0c36      	lsrs	r6, r6, #16
10001d5e:	44b6      	add	lr, r6
10001d60:	b293      	uxth	r3, r2
10001d62:	4373      	muls	r3, r6
10001d64:	0f1f      	lsrs	r7, r3, #28
10001d66:	011b      	lsls	r3, r3, #4
10001d68:	1ac0      	subs	r0, r0, r3
10001d6a:	41b9      	sbcs	r1, r7
10001d6c:	0c13      	lsrs	r3, r2, #16
10001d6e:	4373      	muls	r3, r6
10001d70:	0b1f      	lsrs	r7, r3, #12
10001d72:	051b      	lsls	r3, r3, #20
10001d74:	1ac0      	subs	r0, r0, r3
10001d76:	41b9      	sbcs	r1, r7
10001d78:	0d86      	lsrs	r6, r0, #22
10001d7a:	028f      	lsls	r7, r1, #10
10001d7c:	433e      	orrs	r6, r7
10001d7e:	4366      	muls	r6, r4
10001d80:	0c36      	lsrs	r6, r6, #16
10001d82:	2d09      	cmp	r5, #9
10001d84:	db24      	blt.n	10001dd0 <last0>
10001d86:	0a52      	lsrs	r2, r2, #9
10001d88:	4372      	muls	r2, r6
10001d8a:	1a80      	subs	r0, r0, r2
10001d8c:	0377      	lsls	r7, r6, #13
10001d8e:	0a46      	lsrs	r6, r0, #9
10001d90:	4366      	muls	r6, r4
10001d92:	0c36      	lsrs	r6, r6, #16
10001d94:	2316      	movs	r3, #22
10001d96:	1b5b      	subs	r3, r3, r5
10001d98:	40de      	lsrs	r6, r3
10001d9a:	40df      	lsrs	r7, r3
10001d9c:	19bf      	adds	r7, r7, r6
10001d9e:	4664      	mov	r4, ip
10001da0:	4366      	muls	r6, r4
10001da2:	1b82      	subs	r2, r0, r6
10001da4:	4670      	mov	r0, lr
10001da6:	3504      	adds	r5, #4
10001da8:	3306      	adds	r3, #6
10001daa:	0001      	movs	r1, r0
10001dac:	40d9      	lsrs	r1, r3
10001dae:	40a8      	lsls	r0, r5
10001db0:	19c0      	adds	r0, r0, r7
10001db2:	d300      	bcc.n	10001db6 <y64_x32+0xb6>
10001db4:	3101      	adds	r1, #1
10001db6:	42a2      	cmp	r2, r4
10001db8:	d206      	bcs.n	10001dc8 <y64_x32+0xc8>
10001dba:	2300      	movs	r3, #0
10001dbc:	bdf0      	pop	{r4, r5, r6, r7, pc}
10001dbe:	0000      	.short	0x0000
10001dc0:	d0000000 	.word	0xd0000000
10001dc4:	ffffffff 	.word	0xffffffff
10001dc8:	1b12      	subs	r2, r2, r4
10001dca:	3001      	adds	r0, #1
10001dcc:	d3f3      	bcc.n	10001db6 <y64_x32+0xb6>
10001dce:	e7f1      	b.n	10001db4 <y64_x32+0xb4>

10001dd0 <last0>:
10001dd0:	2709      	movs	r7, #9
10001dd2:	1b7f      	subs	r7, r7, r5
10001dd4:	40fe      	lsrs	r6, r7
10001dd6:	4664      	mov	r4, ip
10001dd8:	b2a2      	uxth	r2, r4
10001dda:	4372      	muls	r2, r6
10001ddc:	1a80      	subs	r0, r0, r2
10001dde:	d200      	bcs.n	10001de2 <last0+0x12>
10001de0:	3901      	subs	r1, #1
10001de2:	0c22      	lsrs	r2, r4, #16
10001de4:	4372      	muls	r2, r6
10001de6:	0c13      	lsrs	r3, r2, #16
10001de8:	0412      	lsls	r2, r2, #16
10001dea:	1a82      	subs	r2, r0, r2
10001dec:	4199      	sbcs	r1, r3
10001dee:	000b      	movs	r3, r1
10001df0:	4670      	mov	r0, lr
10001df2:	3504      	adds	r5, #4
10001df4:	3713      	adds	r7, #19
10001df6:	0001      	movs	r1, r0
10001df8:	40f9      	lsrs	r1, r7
10001dfa:	40a8      	lsls	r0, r5
10001dfc:	1980      	adds	r0, r0, r6
10001dfe:	d300      	bcc.n	10001e02 <last0+0x32>
10001e00:	3101      	adds	r1, #1
10001e02:	2b00      	cmp	r3, #0
10001e04:	d102      	bne.n	10001e0c <last0+0x3c>
10001e06:	42a2      	cmp	r2, r4
10001e08:	d20a      	bcs.n	10001e20 <last0+0x50>
10001e0a:	bdf0      	pop	{r4, r5, r6, r7, pc}
10001e0c:	3001      	adds	r0, #1
10001e0e:	d300      	bcc.n	10001e12 <last0+0x42>
10001e10:	3101      	adds	r1, #1
10001e12:	1b12      	subs	r2, r2, r4
10001e14:	d2fa      	bcs.n	10001e0c <last0+0x3c>
10001e16:	3b01      	subs	r3, #1
10001e18:	d1f8      	bne.n	10001e0c <last0+0x3c>
10001e1a:	42a2      	cmp	r2, r4
10001e1c:	d200      	bcs.n	10001e20 <last0+0x50>
10001e1e:	bdf0      	pop	{r4, r5, r6, r7, pc}
10001e20:	3001      	adds	r0, #1
10001e22:	d300      	bcc.n	10001e26 <last0+0x56>
10001e24:	3101      	adds	r1, #1
10001e26:	1b12      	subs	r2, r2, r4
10001e28:	e7f7      	b.n	10001e1a <last0+0x4a>

10001e2a <y64_x48>:
10001e2a:	b5f0      	push	{r4, r5, r6, r7, lr}
10001e2c:	0c1c      	lsrs	r4, r3, #16
10001e2e:	d000      	beq.n	10001e32 <y64_x48+0x8>
10001e30:	e080      	b.n	10001f34 <y64_x64>
10001e32:	b40c      	push	{r2, r3}
10001e34:	2500      	movs	r5, #0
10001e36:	0a1c      	lsrs	r4, r3, #8
10001e38:	d104      	bne.n	10001e44 <y64_x48+0x1a>
10001e3a:	021b      	lsls	r3, r3, #8
10001e3c:	0e16      	lsrs	r6, r2, #24
10001e3e:	4333      	orrs	r3, r6
10001e40:	0212      	lsls	r2, r2, #8
10001e42:	3508      	adds	r5, #8
10001e44:	0b1c      	lsrs	r4, r3, #12
10001e46:	d104      	bne.n	10001e52 <y64_x48+0x28>
10001e48:	011b      	lsls	r3, r3, #4
10001e4a:	0f16      	lsrs	r6, r2, #28
10001e4c:	4333      	orrs	r3, r6
10001e4e:	0112      	lsls	r2, r2, #4
10001e50:	3504      	adds	r5, #4
10001e52:	0b9c      	lsrs	r4, r3, #14
10001e54:	d104      	bne.n	10001e60 <y64_x48+0x36>
10001e56:	009b      	lsls	r3, r3, #2
10001e58:	0f96      	lsrs	r6, r2, #30
10001e5a:	4333      	orrs	r3, r6
10001e5c:	0092      	lsls	r2, r2, #2
10001e5e:	3502      	adds	r5, #2
10001e60:	0bdc      	lsrs	r4, r3, #15
10001e62:	d102      	bne.n	10001e6a <y64_x48+0x40>
10001e64:	1892      	adds	r2, r2, r2
10001e66:	415b      	adcs	r3, r3
10001e68:	3501      	adds	r5, #1
10001e6a:	001c      	movs	r4, r3
10001e6c:	1897      	adds	r7, r2, r2
10001e6e:	4164      	adcs	r4, r4
10001e70:	3401      	adds	r4, #1
10001e72:	4f46      	ldr	r7, [pc, #280]	@ (10001f8c <y64_x64+0x58>)
10001e74:	667c      	str	r4, [r7, #100]	@ 0x64
10001e76:	4c46      	ldr	r4, [pc, #280]	@ (10001f90 <y64_x64+0x5c>)
10001e78:	663c      	str	r4, [r7, #96]	@ 0x60
10001e7a:	0c0e      	lsrs	r6, r1, #16
10001e7c:	e7ff      	b.n	10001e7e <y64_x48+0x54>
10001e7e:	e7ff      	b.n	10001e80 <y64_x48+0x56>
10001e80:	e7ff      	b.n	10001e82 <y64_x48+0x58>
10001e82:	46c0      	nop			@ (mov r8, r8)
10001e84:	6f3c      	ldr	r4, [r7, #112]	@ 0x70
10001e86:	4366      	muls	r6, r4
10001e88:	0c36      	lsrs	r6, r6, #16
10001e8a:	0377      	lsls	r7, r6, #13
10001e8c:	46be      	mov	lr, r7
10001e8e:	b297      	uxth	r7, r2
10001e90:	4377      	muls	r7, r6
10001e92:	1bc0      	subs	r0, r0, r7
10001e94:	d200      	bcs.n	10001e98 <y64_x48+0x6e>
10001e96:	3901      	subs	r1, #1
10001e98:	1bc0      	subs	r0, r0, r7
10001e9a:	d200      	bcs.n	10001e9e <y64_x48+0x74>
10001e9c:	3901      	subs	r1, #1
10001e9e:	b29f      	uxth	r7, r3
10001ea0:	4377      	muls	r7, r6
10001ea2:	1bc9      	subs	r1, r1, r7
10001ea4:	1bc9      	subs	r1, r1, r7
10001ea6:	0c17      	lsrs	r7, r2, #16
10001ea8:	4377      	muls	r7, r6
10001eaa:	047e      	lsls	r6, r7, #17
10001eac:	0bff      	lsrs	r7, r7, #15
10001eae:	1b80      	subs	r0, r0, r6
10001eb0:	41b9      	sbcs	r1, r7
10001eb2:	08ce      	lsrs	r6, r1, #3
10001eb4:	4366      	muls	r6, r4
10001eb6:	0c36      	lsrs	r6, r6, #16
10001eb8:	2d0c      	cmp	r5, #12
10001eba:	db33      	blt.n	10001f24 <last1>
10001ebc:	44b6      	add	lr, r6
10001ebe:	0b12      	lsrs	r2, r2, #12
10001ec0:	051f      	lsls	r7, r3, #20
10001ec2:	433a      	orrs	r2, r7
10001ec4:	0b1b      	lsrs	r3, r3, #12
10001ec6:	b297      	uxth	r7, r2
10001ec8:	4377      	muls	r7, r6
10001eca:	1bc0      	subs	r0, r0, r7
10001ecc:	d200      	bcs.n	10001ed0 <y64_x48+0xa6>
10001ece:	3901      	subs	r1, #1
10001ed0:	b29f      	uxth	r7, r3
10001ed2:	4377      	muls	r7, r6
10001ed4:	1bc9      	subs	r1, r1, r7
10001ed6:	0c17      	lsrs	r7, r2, #16
10001ed8:	4377      	muls	r7, r6
10001eda:	043e      	lsls	r6, r7, #16
10001edc:	0c3f      	lsrs	r7, r7, #16
10001ede:	1b80      	subs	r0, r0, r6
10001ee0:	41b9      	sbcs	r1, r7
10001ee2:	0d86      	lsrs	r6, r0, #22
10001ee4:	028f      	lsls	r7, r1, #10
10001ee6:	433e      	orrs	r6, r7
10001ee8:	4366      	muls	r6, r4
10001eea:	2729      	movs	r7, #41	@ 0x29
10001eec:	1b7f      	subs	r7, r7, r5
10001eee:	40fe      	lsrs	r6, r7
10001ef0:	3d0c      	subs	r5, #12
10001ef2:	4677      	mov	r7, lr
10001ef4:	40af      	lsls	r7, r5
10001ef6:	19bf      	adds	r7, r7, r6
10001ef8:	bc30      	pop	{r4, r5}
10001efa:	b2a2      	uxth	r2, r4
10001efc:	b2ab      	uxth	r3, r5
10001efe:	4372      	muls	r2, r6
10001f00:	4373      	muls	r3, r6
10001f02:	1a80      	subs	r0, r0, r2
10001f04:	4199      	sbcs	r1, r3
10001f06:	0c22      	lsrs	r2, r4, #16
10001f08:	4372      	muls	r2, r6
10001f0a:	0c13      	lsrs	r3, r2, #16
10001f0c:	0412      	lsls	r2, r2, #16
10001f0e:	1a80      	subs	r0, r0, r2
10001f10:	4199      	sbcs	r1, r3
10001f12:	0002      	movs	r2, r0
10001f14:	000b      	movs	r3, r1
10001f16:	3701      	adds	r7, #1
10001f18:	1b00      	subs	r0, r0, r4
10001f1a:	41a9      	sbcs	r1, r5
10001f1c:	d2f9      	bcs.n	10001f12 <y64_x48+0xe8>
10001f1e:	1e78      	subs	r0, r7, #1
10001f20:	2100      	movs	r1, #0
10001f22:	bdf0      	pop	{r4, r5, r6, r7, pc}

10001f24 <last1>:
10001f24:	270c      	movs	r7, #12
10001f26:	1b7f      	subs	r7, r7, r5
10001f28:	40fe      	lsrs	r6, r7
10001f2a:	4677      	mov	r7, lr
10001f2c:	0b7f      	lsrs	r7, r7, #13
10001f2e:	40af      	lsls	r7, r5
10001f30:	19ff      	adds	r7, r7, r7
10001f32:	e7e0      	b.n	10001ef6 <y64_x48+0xcc>

10001f34 <y64_x64>:
10001f34:	2400      	movs	r4, #0
10001f36:	1c5d      	adds	r5, r3, #1
10001f38:	d007      	beq.n	10001f4a <y64_x64+0x16>
10001f3a:	4f14      	ldr	r7, [pc, #80]	@ (10001f8c <y64_x64+0x58>)
10001f3c:	667d      	str	r5, [r7, #100]	@ 0x64
10001f3e:	6639      	str	r1, [r7, #96]	@ 0x60
10001f40:	e7ff      	b.n	10001f42 <y64_x64+0xe>
10001f42:	e7ff      	b.n	10001f44 <y64_x64+0x10>
10001f44:	e7ff      	b.n	10001f46 <y64_x64+0x12>
10001f46:	e7ff      	b.n	10001f48 <y64_x64+0x14>
10001f48:	6f3c      	ldr	r4, [r7, #112]	@ 0x70
10001f4a:	b295      	uxth	r5, r2
10001f4c:	b29e      	uxth	r6, r3
10001f4e:	4365      	muls	r5, r4
10001f50:	4366      	muls	r6, r4
10001f52:	1b40      	subs	r0, r0, r5
10001f54:	41b1      	sbcs	r1, r6
10001f56:	0c15      	lsrs	r5, r2, #16
10001f58:	0c1e      	lsrs	r6, r3, #16
10001f5a:	4365      	muls	r5, r4
10001f5c:	4366      	muls	r6, r4
10001f5e:	0436      	lsls	r6, r6, #16
10001f60:	0c2f      	lsrs	r7, r5, #16
10001f62:	433e      	orrs	r6, r7
10001f64:	042d      	lsls	r5, r5, #16
10001f66:	1b40      	subs	r0, r0, r5
10001f68:	41b1      	sbcs	r1, r6
10001f6a:	4299      	cmp	r1, r3
10001f6c:	d204      	bcs.n	10001f78 <y64_x64+0x44>
10001f6e:	0002      	movs	r2, r0
10001f70:	000b      	movs	r3, r1
10001f72:	0020      	movs	r0, r4
10001f74:	2100      	movs	r1, #0
10001f76:	bdf0      	pop	{r4, r5, r6, r7, pc}
10001f78:	d101      	bne.n	10001f7e <y64_x64+0x4a>
10001f7a:	4290      	cmp	r0, r2
10001f7c:	d3f7      	bcc.n	10001f6e <y64_x64+0x3a>
10001f7e:	1a80      	subs	r0, r0, r2
10001f80:	4199      	sbcs	r1, r3
10001f82:	3401      	adds	r4, #1
10001f84:	4299      	cmp	r1, r3
10001f86:	d3f2      	bcc.n	10001f6e <y64_x64+0x3a>
10001f88:	e7f6      	b.n	10001f78 <y64_x64+0x44>
10001f8a:	0000      	.short	0x0000
10001f8c:	d0000000 	.word	0xd0000000
10001f90:	ffffffff 	.word	0xffffffff

10001f94 <__wrap___aeabi_drsub>:
10001f94:	4048      	eors	r0, r1
10001f96:	4041      	eors	r1, r0
10001f98:	4048      	eors	r0, r1

10001f9a <__wrap___aeabi_dsub>:
10001f9a:	b418      	push	{r3, r4}
10001f9c:	4b1b      	ldr	r3, [pc, #108]	@ (1000200c <__wrap___aeabi_dmul+0x12>)
10001f9e:	685b      	ldr	r3, [r3, #4]
10001fa0:	46fc      	mov	ip, pc
10001fa2:	9301      	str	r3, [sp, #4]
10001fa4:	bd08      	pop	{r3, pc}
10001fa6:	df04      	.short	0xdf04
10001fa8:	1000223f 	.word	0x1000223f

10001fac <__wrap___aeabi_dadd>:
10001fac:	b418      	push	{r3, r4}
10001fae:	4b17      	ldr	r3, [pc, #92]	@ (1000200c <__wrap___aeabi_dmul+0x12>)
10001fb0:	681b      	ldr	r3, [r3, #0]
10001fb2:	46fc      	mov	ip, pc
10001fb4:	9301      	str	r3, [sp, #4]
10001fb6:	bd08      	pop	{r3, pc}
10001fb8:	2249df00 	.word	0x2249df00
10001fbc:	1000      	.short	0x1000

10001fbe <__wrap___aeabi_ddiv>:
10001fbe:	4694      	mov	ip, r2
10001fc0:	4a13      	ldr	r2, [pc, #76]	@ (10002010 <__wrap___aeabi_dmul+0x16>)
10001fc2:	6f92      	ldr	r2, [r2, #120]	@ 0x78
10001fc4:	0892      	lsrs	r2, r2, #2
10001fc6:	d209      	bcs.n	10001fdc <ddiv_save_state>
10001fc8:	4662      	mov	r2, ip

10001fca <ddiv_shim_call>:
10001fca:	b418      	push	{r3, r4}
10001fcc:	4b0f      	ldr	r3, [pc, #60]	@ (1000200c <__wrap___aeabi_dmul+0x12>)
10001fce:	68db      	ldr	r3, [r3, #12]
10001fd0:	46fc      	mov	ip, pc
10001fd2:	9301      	str	r3, [sp, #4]
10001fd4:	bd08      	pop	{r3, pc}
10001fd6:	df0c      	.short	0xdf0c
10001fd8:	10002501 	.word	0x10002501

10001fdc <ddiv_save_state>:
10001fdc:	4a0c      	ldr	r2, [pc, #48]	@ (10002010 <__wrap___aeabi_dmul+0x16>)
10001fde:	b5f0      	push	{r4, r5, r6, r7, lr}
10001fe0:	6e14      	ldr	r4, [r2, #96]	@ 0x60
10001fe2:	6e55      	ldr	r5, [r2, #100]	@ 0x64
10001fe4:	6f57      	ldr	r7, [r2, #116]	@ 0x74
10001fe6:	6f16      	ldr	r6, [r2, #112]	@ 0x70
10001fe8:	4662      	mov	r2, ip
10001fea:	f7ff ffee 	bl	10001fca <ddiv_shim_call>
10001fee:	4a08      	ldr	r2, [pc, #32]	@ (10002010 <__wrap___aeabi_dmul+0x16>)
10001ff0:	6614      	str	r4, [r2, #96]	@ 0x60
10001ff2:	6655      	str	r5, [r2, #100]	@ 0x64
10001ff4:	6757      	str	r7, [r2, #116]	@ 0x74
10001ff6:	6716      	str	r6, [r2, #112]	@ 0x70
10001ff8:	bdf0      	pop	{r4, r5, r6, r7, pc}

10001ffa <__wrap___aeabi_dmul>:
10001ffa:	b418      	push	{r3, r4}
10001ffc:	4b03      	ldr	r3, [pc, #12]	@ (1000200c <__wrap___aeabi_dmul+0x12>)
10001ffe:	689b      	ldr	r3, [r3, #8]
10002000:	46fc      	mov	ip, pc
10002002:	9301      	str	r3, [sp, #4]
10002004:	bd08      	pop	{r3, pc}
10002006:	df08      	.short	0xdf08
10002008:	100023a5 	.word	0x100023a5
1000200c:	20001238 	.word	0x20001238
10002010:	d0000000 	.word	0xd0000000

10002014 <__wrap___aeabi_cdrcmple>:
10002014:	b5ff      	push	{r0, r1, r2, r3, r4, r5, r6, r7, lr}
10002016:	4050      	eors	r0, r2
10002018:	4042      	eors	r2, r0
1000201a:	4050      	eors	r0, r2
1000201c:	4059      	eors	r1, r3
1000201e:	404b      	eors	r3, r1
10002020:	4059      	eors	r1, r3
10002022:	e000      	b.n	10002026 <__aeabi_dfcmple_guts>

10002024 <__wrap___aeabi_cdcmpeq>:
10002024:	b5ff      	push	{r0, r1, r2, r3, r4, r5, r6, r7, lr}

10002026 <__aeabi_dfcmple_guts>:
10002026:	4f15      	ldr	r7, [pc, #84]	@ (1000207c <__aeabi_dfcmple_guts+0x56>)
10002028:	004c      	lsls	r4, r1, #1
1000202a:	0d64      	lsrs	r4, r4, #21
1000202c:	d003      	beq.n	10002036 <__aeabi_dfcmple_guts+0x10>
1000202e:	42bc      	cmp	r4, r7
10002030:	d104      	bne.n	1000203c <__aeabi_dfcmple_guts+0x16>
10002032:	030c      	lsls	r4, r1, #12
10002034:	d814      	bhi.n	10002060 <__aeabi_dfcmple_guts+0x3a>
10002036:	2000      	movs	r0, #0
10002038:	0d09      	lsrs	r1, r1, #20
1000203a:	0509      	lsls	r1, r1, #20
1000203c:	005c      	lsls	r4, r3, #1
1000203e:	0d64      	lsrs	r4, r4, #21
10002040:	d003      	beq.n	1000204a <__aeabi_dfcmple_guts+0x24>
10002042:	42bc      	cmp	r4, r7
10002044:	d104      	bne.n	10002050 <__aeabi_dfcmple_guts+0x2a>
10002046:	031c      	lsls	r4, r3, #12
10002048:	d80a      	bhi.n	10002060 <__aeabi_dfcmple_guts+0x3a>
1000204a:	2200      	movs	r2, #0
1000204c:	0d1b      	lsrs	r3, r3, #20
1000204e:	051b      	lsls	r3, r3, #20
10002050:	2601      	movs	r6, #1
10002052:	404b      	eors	r3, r1
10002054:	d409      	bmi.n	1000206a <__aeabi_dfcmple_guts+0x44>
10002056:	404b      	eors	r3, r1
10002058:	d503      	bpl.n	10002062 <__aeabi_dfcmple_guts+0x3c>
1000205a:	428b      	cmp	r3, r1
1000205c:	d100      	bne.n	10002060 <__aeabi_dfcmple_guts+0x3a>
1000205e:	4282      	cmp	r2, r0
10002060:	bdff      	pop	{r0, r1, r2, r3, r4, r5, r6, r7, pc}
10002062:	4299      	cmp	r1, r3
10002064:	d1fc      	bne.n	10002060 <__aeabi_dfcmple_guts+0x3a>
10002066:	4290      	cmp	r0, r2
10002068:	bdff      	pop	{r0, r1, r2, r3, r4, r5, r6, r7, pc}
1000206a:	430b      	orrs	r3, r1
1000206c:	18db      	adds	r3, r3, r3
1000206e:	4303      	orrs	r3, r0
10002070:	4313      	orrs	r3, r2
10002072:	d0f5      	beq.n	10002060 <__aeabi_dfcmple_guts+0x3a>
10002074:	43c9      	mvns	r1, r1
10002076:	1849      	adds	r1, r1, r1
10002078:	bdff      	pop	{r0, r1, r2, r3, r4, r5, r6, r7, pc}
1000207a:	0000      	.short	0x0000
1000207c:	000007ff 	.word	0x000007ff

10002080 <__wrap___aeabi_dcmplt>:
10002080:	b500      	push	{lr}
10002082:	f7ff ffcf 	bl	10002024 <__wrap___aeabi_cdcmpeq>
10002086:	4180      	sbcs	r0, r0
10002088:	bd00      	pop	{pc}
1000208a:	46c0      	nop			@ (mov r8, r8)

1000208c <__wrap___aeabi_dcmple>:
1000208c:	b500      	push	{lr}
1000208e:	f7ff ffc9 	bl	10002024 <__wrap___aeabi_cdcmpeq>
10002092:	d901      	bls.n	10002098 <__wrap___aeabi_dcmple+0xc>
10002094:	2000      	movs	r0, #0
10002096:	bd00      	pop	{pc}
10002098:	2001      	movs	r0, #1
1000209a:	bd00      	pop	{pc}

1000209c <__wrap___aeabi_dcmpge>:
1000209c:	b500      	push	{lr}
1000209e:	f7ff ffb9 	bl	10002014 <__wrap___aeabi_cdrcmple>
100020a2:	d901      	bls.n	100020a8 <__wrap___aeabi_dcmpge+0xc>
100020a4:	2000      	movs	r0, #0
100020a6:	bd00      	pop	{pc}
100020a8:	2001      	movs	r0, #1
100020aa:	bd00      	pop	{pc}

100020ac <__wrap___aeabi_dcmpgt>:
100020ac:	b500      	push	{lr}
100020ae:	f7ff ffb1 	bl	10002014 <__wrap___aeabi_cdrcmple>
100020b2:	4180      	sbcs	r0, r0
100020b4:	bd00      	pop	{pc}

100020b6 <__wrap___aeabi_dcmpun>:
100020b6:	2001      	movs	r0, #1
100020b8:	0540      	lsls	r0, r0, #21
100020ba:	004a      	lsls	r2, r1, #1
100020bc:	1812      	adds	r2, r2, r0
100020be:	d804      	bhi.n	100020ca <__wrap___aeabi_dcmpun+0x14>
100020c0:	005a      	lsls	r2, r3, #1
100020c2:	1812      	adds	r2, r2, r0
100020c4:	d801      	bhi.n	100020ca <__wrap___aeabi_dcmpun+0x14>
100020c6:	2000      	movs	r0, #0
100020c8:	4770      	bx	lr
100020ca:	2001      	movs	r0, #1
100020cc:	4770      	bx	lr
	...

100020d0 <__wrap___aeabi_ui2d>:
100020d0:	2100      	movs	r1, #0
100020d2:	2800      	cmp	r0, #0
100020d4:	d105      	bne.n	100020e2 <__wrap___aeabi_i2d+0xa>
100020d6:	4770      	bx	lr

100020d8 <__wrap___aeabi_i2d>:
100020d8:	17c1      	asrs	r1, r0, #31
100020da:	4048      	eors	r0, r1
100020dc:	1a40      	subs	r0, r0, r1
100020de:	d0fa      	beq.n	100020d6 <__wrap___aeabi_ui2d+0x6>
100020e0:	07c9      	lsls	r1, r1, #31
100020e2:	b513      	push	{r0, r1, r4, lr}
100020e4:	4b06      	ldr	r3, [pc, #24]	@ (10002100 <__wrap___aeabi_i2d+0x28>)
100020e6:	681b      	ldr	r3, [r3, #0]
100020e8:	4798      	blx	r3
100020ea:	bc0c      	pop	{r2, r3}
100020ec:	1c44      	adds	r4, r0, #1
100020ee:	40a2      	lsls	r2, r4
100020f0:	0510      	lsls	r0, r2, #20
100020f2:	0b12      	lsrs	r2, r2, #12
100020f4:	4903      	ldr	r1, [pc, #12]	@ (10002104 <__wrap___aeabi_i2d+0x2c>)
100020f6:	1b09      	subs	r1, r1, r4
100020f8:	0509      	lsls	r1, r1, #20
100020fa:	4319      	orrs	r1, r3
100020fc:	4311      	orrs	r1, r2
100020fe:	bd10      	pop	{r4, pc}
10002100:	20002118 	.word	0x20002118
10002104:	0000041f 	.word	0x0000041f

10002108 <__wrap___aeabi_d2iz>:
10002108:	b510      	push	{r4, lr}
1000210a:	004c      	lsls	r4, r1, #1
1000210c:	0d62      	lsrs	r2, r4, #21
1000210e:	2380      	movs	r3, #128	@ 0x80
10002110:	18d2      	adds	r2, r2, r3
10002112:	00db      	lsls	r3, r3, #3
10002114:	1ad2      	subs	r2, r2, r3
10002116:	055b      	lsls	r3, r3, #21
10002118:	2a7e      	cmp	r2, #126	@ 0x7e
1000211a:	dd10      	ble.n	1000213e <__wrap___aeabi_d2iz+0x36>
1000211c:	3a9e      	subs	r2, #158	@ 0x9e
1000211e:	da13      	bge.n	10002148 <__wrap___aeabi_d2iz+0x40>
10002120:	17cc      	asrs	r4, r1, #31
10002122:	0309      	lsls	r1, r1, #12
10002124:	0849      	lsrs	r1, r1, #1
10002126:	4319      	orrs	r1, r3
10002128:	4252      	negs	r2, r2
1000212a:	40d1      	lsrs	r1, r2
1000212c:	0064      	lsls	r4, r4, #1
1000212e:	3401      	adds	r4, #1
10002130:	3215      	adds	r2, #21
10002132:	2a20      	cmp	r2, #32
10002134:	da05      	bge.n	10002142 <__wrap___aeabi_d2iz+0x3a>
10002136:	40d0      	lsrs	r0, r2
10002138:	4308      	orrs	r0, r1
1000213a:	4360      	muls	r0, r4
1000213c:	bd10      	pop	{r4, pc}
1000213e:	2000      	movs	r0, #0
10002140:	bd10      	pop	{r4, pc}
10002142:	4608      	mov	r0, r1
10002144:	4360      	muls	r0, r4
10002146:	bd10      	pop	{r4, pc}
10002148:	0fc8      	lsrs	r0, r1, #31
1000214a:	18c0      	adds	r0, r0, r3
1000214c:	3801      	subs	r0, #1
1000214e:	bd10      	pop	{r4, pc}

10002150 <__wrap___aeabi_d2uiz>:
10002150:	b418      	push	{r3, r4}
10002152:	4b04      	ldr	r3, [pc, #16]	@ (10002164 <__wrap___aeabi_d2uiz+0x14>)
10002154:	6a5b      	ldr	r3, [r3, #36]	@ 0x24
10002156:	46fc      	mov	ip, pc
10002158:	9301      	str	r3, [sp, #4]
1000215a:	bd08      	pop	{r3, pc}
1000215c:	26b1df24 	.word	0x26b1df24
10002160:	00001000 	.word	0x00001000
10002164:	20001238 	.word	0x20001238

10002168 <__aeabi_double_init>:
10002168:	2313      	movs	r3, #19
1000216a:	b570      	push	{r4, r5, r6, lr}
1000216c:	781d      	ldrb	r5, [r3, #0]
1000216e:	2d01      	cmp	r5, #1
10002170:	d019      	beq.n	100021a6 <__aeabi_double_init+0x3e>
10002172:	dd14      	ble.n	1000219e <__aeabi_double_init+0x36>
10002174:	481f      	ldr	r0, [pc, #124]	@ (100021f4 <__aeabi_double_init+0x8c>)
10002176:	f7ff fb31 	bl	100017dc <rom_data_lookup>
1000217a:	0006      	movs	r6, r0
1000217c:	481e      	ldr	r0, [pc, #120]	@ (100021f8 <__aeabi_double_init+0x90>)
1000217e:	f7ff fb2d 	bl	100017dc <rom_data_lookup>
10002182:	4c1e      	ldr	r4, [pc, #120]	@ (100021fc <__aeabi_double_init+0x94>)
10002184:	2280      	movs	r2, #128	@ 0x80
10002186:	0031      	movs	r1, r6
10002188:	0020      	movs	r0, r4
1000218a:	f000 fb5f 	bl	1000284c <__wrap___aeabi_memcpy>
1000218e:	2d02      	cmp	r5, #2
10002190:	d02d      	beq.n	100021ee <__aeabi_double_init+0x86>
10002192:	481b      	ldr	r0, [pc, #108]	@ (10002200 <__aeabi_double_init+0x98>)
10002194:	f7ff fb1a 	bl	100017cc <rom_func_lookup>
10002198:	4b1a      	ldr	r3, [pc, #104]	@ (10002204 <__aeabi_double_init+0x9c>)
1000219a:	6018      	str	r0, [r3, #0]
1000219c:	bd70      	pop	{r4, r5, r6, pc}
1000219e:	4b1a      	ldr	r3, [pc, #104]	@ (10002208 <__aeabi_double_init+0xa0>)
100021a0:	4c16      	ldr	r4, [pc, #88]	@ (100021fc <__aeabi_double_init+0x94>)
100021a2:	64a3      	str	r3, [r4, #72]	@ 0x48
100021a4:	e7f5      	b.n	10002192 <__aeabi_double_init+0x2a>
100021a6:	4b18      	ldr	r3, [pc, #96]	@ (10002208 <__aeabi_double_init+0xa0>)
100021a8:	4c14      	ldr	r4, [pc, #80]	@ (100021fc <__aeabi_double_init+0x94>)
100021aa:	6023      	str	r3, [r4, #0]
100021ac:	6063      	str	r3, [r4, #4]
100021ae:	60a3      	str	r3, [r4, #8]
100021b0:	60e3      	str	r3, [r4, #12]
100021b2:	6123      	str	r3, [r4, #16]
100021b4:	6163      	str	r3, [r4, #20]
100021b6:	61a3      	str	r3, [r4, #24]
100021b8:	61e3      	str	r3, [r4, #28]
100021ba:	6223      	str	r3, [r4, #32]
100021bc:	6263      	str	r3, [r4, #36]	@ 0x24
100021be:	62a3      	str	r3, [r4, #40]	@ 0x28
100021c0:	62e3      	str	r3, [r4, #44]	@ 0x2c
100021c2:	6323      	str	r3, [r4, #48]	@ 0x30
100021c4:	6363      	str	r3, [r4, #52]	@ 0x34
100021c6:	63a3      	str	r3, [r4, #56]	@ 0x38
100021c8:	63e3      	str	r3, [r4, #60]	@ 0x3c
100021ca:	6423      	str	r3, [r4, #64]	@ 0x40
100021cc:	6463      	str	r3, [r4, #68]	@ 0x44
100021ce:	64a3      	str	r3, [r4, #72]	@ 0x48
100021d0:	64e3      	str	r3, [r4, #76]	@ 0x4c
100021d2:	6523      	str	r3, [r4, #80]	@ 0x50
100021d4:	6563      	str	r3, [r4, #84]	@ 0x54
100021d6:	65a3      	str	r3, [r4, #88]	@ 0x58
100021d8:	65e3      	str	r3, [r4, #92]	@ 0x5c
100021da:	6623      	str	r3, [r4, #96]	@ 0x60
100021dc:	6663      	str	r3, [r4, #100]	@ 0x64
100021de:	66a3      	str	r3, [r4, #104]	@ 0x68
100021e0:	66e3      	str	r3, [r4, #108]	@ 0x6c
100021e2:	6723      	str	r3, [r4, #112]	@ 0x70
100021e4:	6763      	str	r3, [r4, #116]	@ 0x74
100021e6:	67a3      	str	r3, [r4, #120]	@ 0x78
100021e8:	67e3      	str	r3, [r4, #124]	@ 0x7c
100021ea:	64a3      	str	r3, [r4, #72]	@ 0x48
100021ec:	e7d1      	b.n	10002192 <__aeabi_double_init+0x2a>
100021ee:	4b06      	ldr	r3, [pc, #24]	@ (10002208 <__aeabi_double_init+0xa0>)
100021f0:	64a3      	str	r3, [r4, #72]	@ 0x48
100021f2:	e7ce      	b.n	10002192 <__aeabi_double_init+0x2a>
100021f4:	00004453 	.word	0x00004453
100021f8:	00004653 	.word	0x00004653
100021fc:	20001238 	.word	0x20001238
10002200:	0000334c 	.word	0x0000334c
10002204:	20002118 	.word	0x20002118
10002208:	1000220d 	.word	0x1000220d

1000220c <double_table_shim_on_use_helper>:
1000220c:	b507      	push	{r0, r1, r2, lr}
1000220e:	4660      	mov	r0, ip
10002210:	8801      	ldrh	r1, [r0, #0]
10002212:	0a0a      	lsrs	r2, r1, #8
10002214:	3002      	adds	r0, #2
10002216:	2adf      	cmp	r2, #223	@ 0xdf
10002218:	d1fa      	bne.n	10002210 <double_table_shim_on_use_helper+0x4>
1000221a:	b2c9      	uxtb	r1, r1
1000221c:	0882      	lsrs	r2, r0, #2
1000221e:	d304      	bcc.n	1000222a <double_table_shim_on_use_helper+0x1e>
10002220:	8802      	ldrh	r2, [r0, #0]
10002222:	8840      	ldrh	r0, [r0, #2]
10002224:	0400      	lsls	r0, r0, #16
10002226:	4310      	orrs	r0, r2
10002228:	e000      	b.n	1000222c <double_table_shim_on_use_helper+0x20>
1000222a:	6800      	ldr	r0, [r0, #0]
1000222c:	4a01      	ldr	r2, [pc, #4]	@ (10002234 <double_table_shim_on_use_helper+0x28>)
1000222e:	5050      	str	r0, [r2, r1]
10002230:	9003      	str	r0, [sp, #12]
10002232:	bd07      	pop	{r0, r1, r2, pc}
10002234:	20001238 	.word	0x20001238

10002238 <drsub_shim>:
10002238:	b40f      	push	{r0, r1, r2, r3}
1000223a:	bc03      	pop	{r0, r1}
1000223c:	bc0c      	pop	{r2, r3}

1000223e <dsub_shim>:
1000223e:	b5f0      	push	{r4, r5, r6, r7, lr}
10002240:	2401      	movs	r4, #1
10002242:	07e4      	lsls	r4, r4, #31
10002244:	4063      	eors	r3, r4
10002246:	e000      	b.n	1000224a <da_entry>

10002248 <dadd_shim>:
10002248:	b5f0      	push	{r4, r5, r6, r7, lr}

1000224a <da_entry>:
1000224a:	0d0c      	lsrs	r4, r1, #20
1000224c:	0fcf      	lsrs	r7, r1, #31
1000224e:	1e66      	subs	r6, r4, #1
10002250:	0536      	lsls	r6, r6, #20
10002252:	1b89      	subs	r1, r1, r6
10002254:	0564      	lsls	r4, r4, #21
10002256:	d303      	bcc.n	10002260 <l8_1>
10002258:	43c9      	mvns	r1, r1
1000225a:	4240      	negs	r0, r0
1000225c:	d300      	bcc.n	10002260 <l8_1>
1000225e:	3101      	adds	r1, #1

10002260 <l8_1>:
10002260:	0d64      	lsrs	r4, r4, #21
10002262:	d003      	beq.n	1000226c <l8_2>
10002264:	1c66      	adds	r6, r4, #1
10002266:	0af6      	lsrs	r6, r6, #11
10002268:	d007      	beq.n	1000227a <l8_3>
1000226a:	1be4      	subs	r4, r4, r7

1000226c <l8_2>:
1000226c:	2000      	movs	r0, #0
1000226e:	007f      	lsls	r7, r7, #1
10002270:	1c79      	adds	r1, r7, #1
10002272:	0789      	lsls	r1, r1, #30
10002274:	1289      	asrs	r1, r1, #10
10002276:	3c80      	subs	r4, #128	@ 0x80
10002278:	0324      	lsls	r4, r4, #12

1000227a <l8_3>:
1000227a:	0d1d      	lsrs	r5, r3, #20
1000227c:	0fdf      	lsrs	r7, r3, #31
1000227e:	1e6e      	subs	r6, r5, #1
10002280:	0536      	lsls	r6, r6, #20
10002282:	1b9b      	subs	r3, r3, r6
10002284:	056d      	lsls	r5, r5, #21
10002286:	d303      	bcc.n	10002290 <l9_1>
10002288:	43db      	mvns	r3, r3
1000228a:	4252      	negs	r2, r2
1000228c:	d300      	bcc.n	10002290 <l9_1>
1000228e:	3301      	adds	r3, #1

10002290 <l9_1>:
10002290:	0d6d      	lsrs	r5, r5, #21
10002292:	d003      	beq.n	1000229c <l9_2>
10002294:	1c6e      	adds	r6, r5, #1
10002296:	0af6      	lsrs	r6, r6, #11
10002298:	d007      	beq.n	100022aa <l9_3>
1000229a:	1bed      	subs	r5, r5, r7

1000229c <l9_2>:
1000229c:	2200      	movs	r2, #0
1000229e:	007f      	lsls	r7, r7, #1
100022a0:	1c7b      	adds	r3, r7, #1
100022a2:	079b      	lsls	r3, r3, #30
100022a4:	129b      	asrs	r3, r3, #10
100022a6:	3d80      	subs	r5, #128	@ 0x80
100022a8:	032d      	lsls	r5, r5, #12

100022aa <l9_3>:
100022aa:	1b2f      	subs	r7, r5, r4
100022ac:	1b66      	subs	r6, r4, r5
100022ae:	d458      	bmi.n	10002362 <da_ygtx>
100022b0:	46a4      	mov	ip, r4
100022b2:	2e20      	cmp	r6, #32
100022b4:	da46      	bge.n	10002344 <da_xrgty>
100022b6:	3720      	adds	r7, #32
100022b8:	0014      	movs	r4, r2
100022ba:	40bc      	lsls	r4, r7

100022bc <da_xgty0>:
100022bc:	001d      	movs	r5, r3
100022be:	40bd      	lsls	r5, r7
100022c0:	40f2      	lsrs	r2, r6
100022c2:	4133      	asrs	r3, r6
100022c4:	432a      	orrs	r2, r5

100022c6 <da_add>:
100022c6:	1880      	adds	r0, r0, r2
100022c8:	4159      	adcs	r1, r3

100022ca <da_pack>:
100022ca:	0fcb      	lsrs	r3, r1, #31
100022cc:	d005      	beq.n	100022da <da_pack+0x10>
100022ce:	43c9      	mvns	r1, r1
100022d0:	43c0      	mvns	r0, r0
100022d2:	2200      	movs	r2, #0
100022d4:	4264      	negs	r4, r4
100022d6:	4150      	adcs	r0, r2
100022d8:	4151      	adcs	r1, r2
100022da:	4662      	mov	r2, ip
100022dc:	0d4d      	lsrs	r5, r1, #21
100022de:	d128      	bne.n	10002332 <da_0>
100022e0:	0d0d      	lsrs	r5, r1, #20
100022e2:	d107      	bne.n	100022f4 <da_1>
100022e4:	2800      	cmp	r0, #0
100022e6:	d01f      	beq.n	10002328 <da_5>

100022e8 <da_2>:
100022e8:	1924      	adds	r4, r4, r4
100022ea:	4140      	adcs	r0, r0
100022ec:	4149      	adcs	r1, r1
100022ee:	3a01      	subs	r2, #1
100022f0:	0d0d      	lsrs	r5, r1, #20
100022f2:	d0f9      	beq.n	100022e8 <da_2>

100022f4 <da_1>:
100022f4:	0064      	lsls	r4, r4, #1
100022f6:	d306      	bcc.n	10002306 <da_3>

100022f8 <da_4>:
100022f8:	3001      	adds	r0, #1
100022fa:	d300      	bcc.n	100022fe <da_4+0x6>
100022fc:	3101      	adds	r1, #1
100022fe:	2c00      	cmp	r4, #0
10002300:	d101      	bne.n	10002306 <da_3>
10002302:	0840      	lsrs	r0, r0, #1
10002304:	0040      	lsls	r0, r0, #1

10002306 <da_3>:
10002306:	3a01      	subs	r2, #1
10002308:	d40b      	bmi.n	10002322 <da_6>
1000230a:	1c94      	adds	r4, r2, #2
1000230c:	0ae4      	lsrs	r4, r4, #11
1000230e:	d104      	bne.n	1000231a <da_7>
10002310:	0512      	lsls	r2, r2, #20
10002312:	4411      	add	r1, r2
10002314:	07db      	lsls	r3, r3, #31
10002316:	4419      	add	r1, r3
10002318:	bdf0      	pop	{r4, r5, r6, r7, pc}

1000231a <da_7>:
1000231a:	07d9      	lsls	r1, r3, #31
1000231c:	4b20      	ldr	r3, [pc, #128]	@ (100023a0 <da_xmgty+0x4>)
1000231e:	4319      	orrs	r1, r3
10002320:	e000      	b.n	10002324 <da_6+0x2>

10002322 <da_6>:
10002322:	07d9      	lsls	r1, r3, #31
10002324:	2000      	movs	r0, #0
10002326:	bdf0      	pop	{r4, r5, r6, r7, pc}

10002328 <da_5>:
10002328:	2900      	cmp	r1, #0
1000232a:	d1dd      	bne.n	100022e8 <da_2>
1000232c:	2c00      	cmp	r4, #0
1000232e:	d1db      	bne.n	100022e8 <da_2>
10002330:	bdf0      	pop	{r4, r5, r6, r7, pc}

10002332 <da_0>:
10002332:	3201      	adds	r2, #1
10002334:	07c6      	lsls	r6, r0, #31
10002336:	0840      	lsrs	r0, r0, #1
10002338:	07cd      	lsls	r5, r1, #31
1000233a:	4328      	orrs	r0, r5
1000233c:	0849      	lsrs	r1, r1, #1
1000233e:	2e00      	cmp	r6, #0
10002340:	d0e1      	beq.n	10002306 <da_3>
10002342:	e7d9      	b.n	100022f8 <da_4>

10002344 <da_xrgty>:
10002344:	2e3c      	cmp	r6, #60	@ 0x3c
10002346:	da29      	bge.n	1000239c <da_xmgty>
10002348:	3e20      	subs	r6, #32
1000234a:	3740      	adds	r7, #64	@ 0x40
1000234c:	0014      	movs	r4, r2
1000234e:	40bc      	lsls	r4, r7
10002350:	d000      	beq.n	10002354 <da_xrgty+0x10>
10002352:	2401      	movs	r4, #1
10002354:	40f2      	lsrs	r2, r6
10002356:	4314      	orrs	r4, r2
10002358:	001a      	movs	r2, r3
1000235a:	40bb      	lsls	r3, r7
1000235c:	431c      	orrs	r4, r3
1000235e:	17d3      	asrs	r3, r2, #31
10002360:	e7ac      	b.n	100022bc <da_xgty0>

10002362 <da_ygtx>:
10002362:	46ac      	mov	ip, r5
10002364:	2f20      	cmp	r7, #32
10002366:	da08      	bge.n	1000237a <da_yrgtx>
10002368:	3620      	adds	r6, #32
1000236a:	0004      	movs	r4, r0
1000236c:	40b4      	lsls	r4, r6

1000236e <da_ygtx0>:
1000236e:	000d      	movs	r5, r1
10002370:	40b5      	lsls	r5, r6
10002372:	40f8      	lsrs	r0, r7
10002374:	4139      	asrs	r1, r7
10002376:	4328      	orrs	r0, r5
10002378:	e7a5      	b.n	100022c6 <da_add>

1000237a <da_yrgtx>:
1000237a:	2f3c      	cmp	r7, #60	@ 0x3c
1000237c:	da0c      	bge.n	10002398 <da_ymgtx>
1000237e:	3f20      	subs	r7, #32
10002380:	3640      	adds	r6, #64	@ 0x40
10002382:	0004      	movs	r4, r0
10002384:	40b4      	lsls	r4, r6
10002386:	d000      	beq.n	1000238a <da_yrgtx+0x10>
10002388:	2401      	movs	r4, #1
1000238a:	40f8      	lsrs	r0, r7
1000238c:	4304      	orrs	r4, r0
1000238e:	0008      	movs	r0, r1
10002390:	40b1      	lsls	r1, r6
10002392:	430c      	orrs	r4, r1
10002394:	17c1      	asrs	r1, r0, #31
10002396:	e7ea      	b.n	1000236e <da_ygtx0>

10002398 <da_ymgtx>:
10002398:	0010      	movs	r0, r2
1000239a:	0019      	movs	r1, r3

1000239c <da_xmgty>:
1000239c:	2400      	movs	r4, #0
1000239e:	e794      	b.n	100022ca <da_pack>
100023a0:	7ff00000 	.word	0x7ff00000

100023a4 <dmul_shim>:
100023a4:	b5f0      	push	{r4, r5, r6, r7, lr}
100023a6:	0d0c      	lsrs	r4, r1, #20
100023a8:	1e66      	subs	r6, r4, #1
100023aa:	0536      	lsls	r6, r6, #20
100023ac:	1b89      	subs	r1, r1, r6
100023ae:	0ae6      	lsrs	r6, r4, #11
100023b0:	0564      	lsls	r4, r4, #21
100023b2:	0d64      	lsrs	r4, r4, #21
100023b4:	d002      	beq.n	100023bc <l12_1>
100023b6:	1c65      	adds	r5, r4, #1
100023b8:	0aed      	lsrs	r5, r5, #11
100023ba:	d004      	beq.n	100023c6 <l12_2>

100023bc <l12_1>:
100023bc:	2000      	movs	r0, #0
100023be:	2101      	movs	r1, #1
100023c0:	0509      	lsls	r1, r1, #20
100023c2:	3c80      	subs	r4, #128	@ 0x80
100023c4:	0324      	lsls	r4, r4, #12

100023c6 <l12_2>:
100023c6:	46a4      	mov	ip, r4
100023c8:	0d1c      	lsrs	r4, r3, #20
100023ca:	1e67      	subs	r7, r4, #1
100023cc:	053f      	lsls	r7, r7, #20
100023ce:	1bdb      	subs	r3, r3, r7
100023d0:	0ae7      	lsrs	r7, r4, #11
100023d2:	0564      	lsls	r4, r4, #21
100023d4:	0d64      	lsrs	r4, r4, #21
100023d6:	d002      	beq.n	100023de <l13_1>
100023d8:	1c65      	adds	r5, r4, #1
100023da:	0aed      	lsrs	r5, r5, #11
100023dc:	d004      	beq.n	100023e8 <l13_2>

100023de <l13_1>:
100023de:	2200      	movs	r2, #0
100023e0:	2301      	movs	r3, #1
100023e2:	051b      	lsls	r3, r3, #20
100023e4:	3c80      	subs	r4, #128	@ 0x80
100023e6:	0324      	lsls	r4, r4, #12

100023e8 <l13_2>:
100023e8:	4077      	eors	r7, r6
100023ea:	4464      	add	r4, ip
100023ec:	b497      	push	{r0, r1, r2, r4, r7}
100023ee:	b284      	uxth	r4, r0
100023f0:	b296      	uxth	r6, r2
100023f2:	4374      	muls	r4, r6
100023f4:	0c07      	lsrs	r7, r0, #16
100023f6:	437e      	muls	r6, r7
100023f8:	0c15      	lsrs	r5, r2, #16
100023fa:	436f      	muls	r7, r5
100023fc:	b280      	uxth	r0, r0
100023fe:	4368      	muls	r0, r5
10002400:	1836      	adds	r6, r6, r0
10002402:	d302      	bcc.n	1000240a <l14_1>
10002404:	2001      	movs	r0, #1
10002406:	0400      	lsls	r0, r0, #16
10002408:	183f      	adds	r7, r7, r0

1000240a <l14_1>:
1000240a:	0430      	lsls	r0, r6, #16
1000240c:	0c35      	lsrs	r5, r6, #16
1000240e:	1900      	adds	r0, r0, r4
10002410:	417d      	adcs	r5, r7
10002412:	4684      	mov	ip, r0
10002414:	b288      	uxth	r0, r1
10002416:	b29a      	uxth	r2, r3
10002418:	4350      	muls	r0, r2
1000241a:	0c0c      	lsrs	r4, r1, #16
1000241c:	4362      	muls	r2, r4
1000241e:	0c1f      	lsrs	r7, r3, #16
10002420:	437c      	muls	r4, r7
10002422:	b28e      	uxth	r6, r1
10002424:	437e      	muls	r6, r7
10002426:	1992      	adds	r2, r2, r6
10002428:	d302      	bcc.n	10002430 <l15_1>
1000242a:	2601      	movs	r6, #1
1000242c:	0436      	lsls	r6, r6, #16
1000242e:	19a4      	adds	r4, r4, r6

10002430 <l15_1>:
10002430:	0416      	lsls	r6, r2, #16
10002432:	0c17      	lsrs	r7, r2, #16
10002434:	1836      	adds	r6, r6, r0
10002436:	4167      	adcs	r7, r4
10002438:	bc01      	pop	{r0}
1000243a:	b281      	uxth	r1, r0
1000243c:	b29a      	uxth	r2, r3
1000243e:	4351      	muls	r1, r2
10002440:	0c04      	lsrs	r4, r0, #16
10002442:	4362      	muls	r2, r4
10002444:	0c1b      	lsrs	r3, r3, #16
10002446:	435c      	muls	r4, r3
10002448:	b280      	uxth	r0, r0
1000244a:	4358      	muls	r0, r3
1000244c:	1812      	adds	r2, r2, r0
1000244e:	d302      	bcc.n	10002456 <l16_1>
10002450:	2001      	movs	r0, #1
10002452:	0400      	lsls	r0, r0, #16
10002454:	1824      	adds	r4, r4, r0

10002456 <l16_1>:
10002456:	0410      	lsls	r0, r2, #16
10002458:	0c13      	lsrs	r3, r2, #16
1000245a:	1840      	adds	r0, r0, r1
1000245c:	4163      	adcs	r3, r4
1000245e:	182d      	adds	r5, r5, r0
10002460:	415e      	adcs	r6, r3
10002462:	2000      	movs	r0, #0
10002464:	4147      	adcs	r7, r0
10002466:	bc06      	pop	{r1, r2}
10002468:	b288      	uxth	r0, r1
1000246a:	b293      	uxth	r3, r2
1000246c:	4358      	muls	r0, r3
1000246e:	0c0c      	lsrs	r4, r1, #16
10002470:	4363      	muls	r3, r4
10002472:	0c12      	lsrs	r2, r2, #16
10002474:	4354      	muls	r4, r2
10002476:	b289      	uxth	r1, r1
10002478:	4351      	muls	r1, r2
1000247a:	185b      	adds	r3, r3, r1
1000247c:	d302      	bcc.n	10002484 <l17_1>
1000247e:	2101      	movs	r1, #1
10002480:	0409      	lsls	r1, r1, #16
10002482:	1864      	adds	r4, r4, r1

10002484 <l17_1>:
10002484:	0419      	lsls	r1, r3, #16
10002486:	0c1a      	lsrs	r2, r3, #16
10002488:	1809      	adds	r1, r1, r0
1000248a:	4162      	adcs	r2, r4
1000248c:	186d      	adds	r5, r5, r1
1000248e:	4156      	adcs	r6, r2
10002490:	2000      	movs	r0, #0
10002492:	4147      	adcs	r7, r0
10002494:	bc18      	pop	{r3, r4}
10002496:	02f9      	lsls	r1, r7, #11
10002498:	0d72      	lsrs	r2, r6, #21
1000249a:	4311      	orrs	r1, r2
1000249c:	02f0      	lsls	r0, r6, #11
1000249e:	0d6a      	lsrs	r2, r5, #21
100024a0:	4310      	orrs	r0, r2
100024a2:	02ed      	lsls	r5, r5, #11
100024a4:	0d0a      	lsrs	r2, r1, #20
100024a6:	d103      	bne.n	100024b0 <l17_1+0x2c>
100024a8:	196d      	adds	r5, r5, r5
100024aa:	4140      	adcs	r0, r0
100024ac:	4149      	adcs	r1, r1
100024ae:	3b01      	subs	r3, #1
100024b0:	4e12      	ldr	r6, [pc, #72]	@ (100024fc <dm_1+0xa>)
100024b2:	1b9b      	subs	r3, r3, r6
100024b4:	0076      	lsls	r6, r6, #1
100024b6:	42b3      	cmp	r3, r6
100024b8:	d20e      	bcs.n	100024d8 <dm_0>
100024ba:	006d      	lsls	r5, r5, #1
100024bc:	d307      	bcc.n	100024ce <l17_1+0x4a>
100024be:	3001      	adds	r0, #1
100024c0:	2600      	movs	r6, #0
100024c2:	4171      	adcs	r1, r6
100024c4:	4666      	mov	r6, ip
100024c6:	4335      	orrs	r5, r6
100024c8:	d101      	bne.n	100024ce <l17_1+0x4a>
100024ca:	0840      	lsrs	r0, r0, #1
100024cc:	0040      	lsls	r0, r0, #1
100024ce:	051b      	lsls	r3, r3, #20
100024d0:	18c9      	adds	r1, r1, r3

100024d2 <dm_2>:
100024d2:	07e4      	lsls	r4, r4, #31
100024d4:	4421      	add	r1, r4
100024d6:	bdf0      	pop	{r4, r5, r6, r7, pc}

100024d8 <dm_0>:
100024d8:	da0b      	bge.n	100024f2 <dm_1>
100024da:	3301      	adds	r3, #1
100024dc:	d106      	bne.n	100024ec <dm_0+0x14>
100024de:	3001      	adds	r0, #1
100024e0:	d104      	bne.n	100024ec <dm_0+0x14>
100024e2:	3101      	adds	r1, #1
100024e4:	0d4f      	lsrs	r7, r1, #21
100024e6:	d001      	beq.n	100024ec <dm_0+0x14>
100024e8:	0849      	lsrs	r1, r1, #1
100024ea:	e7f2      	b.n	100024d2 <dm_2>
100024ec:	07e1      	lsls	r1, r4, #31
100024ee:	2000      	movs	r0, #0
100024f0:	bdf0      	pop	{r4, r5, r6, r7, pc}

100024f2 <dm_1>:
100024f2:	3601      	adds	r6, #1
100024f4:	0531      	lsls	r1, r6, #20
100024f6:	2000      	movs	r0, #0
100024f8:	e7eb      	b.n	100024d2 <dm_2>
100024fa:	0000      	.short	0x0000
100024fc:	000003ff 	.word	0x000003ff

10002500 <ddiv_shim>:
10002500:	b5f0      	push	{r4, r5, r6, r7, lr}

10002502 <ddiv0>:
10002502:	0d1c      	lsrs	r4, r3, #20
10002504:	1e67      	subs	r7, r4, #1
10002506:	053f      	lsls	r7, r7, #20
10002508:	1bdb      	subs	r3, r3, r7
1000250a:	0ae7      	lsrs	r7, r4, #11
1000250c:	0564      	lsls	r4, r4, #21
1000250e:	0d64      	lsrs	r4, r4, #21
10002510:	d002      	beq.n	10002518 <l20_1>
10002512:	1c66      	adds	r6, r4, #1
10002514:	0af6      	lsrs	r6, r6, #11
10002516:	d004      	beq.n	10002522 <l20_2>

10002518 <l20_1>:
10002518:	2200      	movs	r2, #0
1000251a:	2301      	movs	r3, #1
1000251c:	051b      	lsls	r3, r3, #20
1000251e:	3c80      	subs	r4, #128	@ 0x80
10002520:	0324      	lsls	r4, r4, #12

10002522 <l20_2>:
10002522:	25d0      	movs	r5, #208	@ 0xd0
10002524:	062d      	lsls	r5, r5, #24
10002526:	2600      	movs	r6, #0
10002528:	43f6      	mvns	r6, r6
1000252a:	662e      	str	r6, [r5, #96]	@ 0x60
1000252c:	091e      	lsrs	r6, r3, #4
1000252e:	666e      	str	r6, [r5, #100]	@ 0x64
10002530:	0fce      	lsrs	r6, r1, #31
10002532:	19f6      	adds	r6, r6, r7
10002534:	46b4      	mov	ip, r6
10002536:	0049      	lsls	r1, r1, #1
10002538:	0d4f      	lsrs	r7, r1, #21
1000253a:	d002      	beq.n	10002542 <l20_2+0x20>
1000253c:	1c7e      	adds	r6, r7, #1
1000253e:	0af6      	lsrs	r6, r6, #11
10002540:	d003      	beq.n	1000254a <l20_2+0x28>
10002542:	2000      	movs	r0, #0
10002544:	2100      	movs	r1, #0
10002546:	3f40      	subs	r7, #64	@ 0x40
10002548:	033f      	lsls	r7, r7, #12
1000254a:	1b3e      	subs	r6, r7, r4
1000254c:	00b6      	lsls	r6, r6, #2
1000254e:	44b4      	add	ip, r6
10002550:	3f01      	subs	r7, #1
10002552:	057f      	lsls	r7, r7, #21
10002554:	1bc9      	subs	r1, r1, r7
10002556:	0849      	lsrs	r1, r1, #1
10002558:	6f2e      	ldr	r6, [r5, #112]	@ 0x70
1000255a:	3601      	adds	r6, #1
1000255c:	0876      	lsrs	r6, r6, #1
1000255e:	029c      	lsls	r4, r3, #10
10002560:	0d95      	lsrs	r5, r2, #22
10002562:	4325      	orrs	r5, r4
10002564:	4375      	muls	r5, r6
10002566:	13ed      	asrs	r5, r5, #15
10002568:	4375      	muls	r5, r6
1000256a:	13ad      	asrs	r5, r5, #14
1000256c:	3501      	adds	r5, #1
1000256e:	106d      	asrs	r5, r5, #1
10002570:	03f6      	lsls	r6, r6, #15
10002572:	1b76      	subs	r6, r6, r5
10002574:	b40c      	push	{r2, r3}
10002576:	02cc      	lsls	r4, r1, #11
10002578:	0d45      	lsrs	r5, r0, #21
1000257a:	432c      	orrs	r4, r5
1000257c:	b2a2      	uxth	r2, r4
1000257e:	b2b3      	uxth	r3, r6
10002580:	435a      	muls	r2, r3
10002582:	0c27      	lsrs	r7, r4, #16
10002584:	437b      	muls	r3, r7
10002586:	0c35      	lsrs	r5, r6, #16
10002588:	436f      	muls	r7, r5
1000258a:	b2a4      	uxth	r4, r4
1000258c:	436c      	muls	r4, r5
1000258e:	191b      	adds	r3, r3, r4
10002590:	d302      	bcc.n	10002598 <l21_1>
10002592:	2401      	movs	r4, #1
10002594:	0424      	lsls	r4, r4, #16
10002596:	193f      	adds	r7, r7, r4

10002598 <l21_1>:
10002598:	041c      	lsls	r4, r3, #16
1000259a:	0c1d      	lsrs	r5, r3, #16
1000259c:	18a4      	adds	r4, r4, r2
1000259e:	417d      	adcs	r5, r7
100025a0:	1924      	adds	r4, r4, r4
100025a2:	416d      	adcs	r5, r5
100025a4:	9a00      	ldr	r2, [sp, #0]
100025a6:	b291      	uxth	r1, r2
100025a8:	b2ac      	uxth	r4, r5
100025aa:	4361      	muls	r1, r4
100025ac:	0c17      	lsrs	r7, r2, #16
100025ae:	437c      	muls	r4, r7
100025b0:	0c2b      	lsrs	r3, r5, #16
100025b2:	435f      	muls	r7, r3
100025b4:	b292      	uxth	r2, r2
100025b6:	435a      	muls	r2, r3
100025b8:	18a4      	adds	r4, r4, r2
100025ba:	d302      	bcc.n	100025c2 <l22_1>
100025bc:	2201      	movs	r2, #1
100025be:	0412      	lsls	r2, r2, #16
100025c0:	18bf      	adds	r7, r7, r2

100025c2 <l22_1>:
100025c2:	0422      	lsls	r2, r4, #16
100025c4:	0c23      	lsrs	r3, r4, #16
100025c6:	1852      	adds	r2, r2, r1
100025c8:	417b      	adcs	r3, r7
100025ca:	9c01      	ldr	r4, [sp, #4]
100025cc:	436c      	muls	r4, r5
100025ce:	191b      	adds	r3, r3, r4
100025d0:	0e52      	lsrs	r2, r2, #25
100025d2:	01d9      	lsls	r1, r3, #7
100025d4:	430a      	orrs	r2, r1
100025d6:	0144      	lsls	r4, r0, #5
100025d8:	1aa0      	subs	r0, r4, r2
100025da:	b281      	uxth	r1, r0
100025dc:	b2b2      	uxth	r2, r6
100025de:	4351      	muls	r1, r2
100025e0:	1403      	asrs	r3, r0, #16
100025e2:	435a      	muls	r2, r3
100025e4:	0c36      	lsrs	r6, r6, #16
100025e6:	4373      	muls	r3, r6
100025e8:	b287      	uxth	r7, r0
100025ea:	4377      	muls	r7, r6
100025ec:	17d6      	asrs	r6, r2, #31
100025ee:	19d2      	adds	r2, r2, r7
100025f0:	2700      	movs	r7, #0
100025f2:	417e      	adcs	r6, r7
100025f4:	0436      	lsls	r6, r6, #16
100025f6:	199b      	adds	r3, r3, r6
100025f8:	0417      	lsls	r7, r2, #16
100025fa:	0c16      	lsrs	r6, r2, #16
100025fc:	187f      	adds	r7, r7, r1
100025fe:	415e      	adcs	r6, r3
10002600:	1673      	asrs	r3, r6, #25
10002602:	18ed      	adds	r5, r5, r3
10002604:	01f3      	lsls	r3, r6, #7
10002606:	2600      	movs	r6, #0
10002608:	3380      	adds	r3, #128	@ 0x80
1000260a:	4175      	adcs	r5, r6
1000260c:	0fa9      	lsrs	r1, r5, #30
1000260e:	d106      	bne.n	1000261e <dd_0>
10002610:	0064      	lsls	r4, r4, #1
10002612:	0a69      	lsrs	r1, r5, #9
10002614:	05e8      	lsls	r0, r5, #23
10002616:	0a5b      	lsrs	r3, r3, #9
10002618:	4318      	orrs	r0, r3
1000261a:	d209      	bcs.n	10002630 <dd_1>
1000261c:	e02f      	b.n	1000267e <dd_2>

1000261e <dd_0>:
1000261e:	2204      	movs	r2, #4
10002620:	4494      	add	ip, r2
10002622:	3380      	adds	r3, #128	@ 0x80
10002624:	4175      	adcs	r5, r6
10002626:	0aa9      	lsrs	r1, r5, #10
10002628:	05a8      	lsls	r0, r5, #22
1000262a:	0a9b      	lsrs	r3, r3, #10
1000262c:	4318      	orrs	r0, r3
1000262e:	d326      	bcc.n	1000267e <dd_2>

10002630 <dd_1>:
10002630:	4140      	adcs	r0, r0
10002632:	4149      	adcs	r1, r1
10002634:	0424      	lsls	r4, r4, #16
10002636:	9a00      	ldr	r2, [sp, #0]
10002638:	9b01      	ldr	r3, [sp, #4]
1000263a:	000d      	movs	r5, r1
1000263c:	4355      	muls	r5, r2
1000263e:	1b64      	subs	r4, r4, r5
10002640:	4343      	muls	r3, r0
10002642:	1ae4      	subs	r4, r4, r3
10002644:	b295      	uxth	r5, r2
10002646:	b286      	uxth	r6, r0
10002648:	4375      	muls	r5, r6
1000264a:	0c17      	lsrs	r7, r2, #16
1000264c:	437e      	muls	r6, r7
1000264e:	0c03      	lsrs	r3, r0, #16
10002650:	435f      	muls	r7, r3
10002652:	b292      	uxth	r2, r2
10002654:	435a      	muls	r2, r3
10002656:	18b6      	adds	r6, r6, r2
10002658:	d302      	bcc.n	10002660 <l24_1>
1000265a:	2201      	movs	r2, #1
1000265c:	0412      	lsls	r2, r2, #16
1000265e:	18bf      	adds	r7, r7, r2

10002660 <l24_1>:
10002660:	0432      	lsls	r2, r6, #16
10002662:	0c33      	lsrs	r3, r6, #16
10002664:	1952      	adds	r2, r2, r5
10002666:	417b      	adcs	r3, r7
10002668:	4252      	negs	r2, r2
1000266a:	419c      	sbcs	r4, r3
1000266c:	2c00      	cmp	r4, #0
1000266e:	d402      	bmi.n	10002676 <l24_1+0x16>
10002670:	2200      	movs	r2, #0
10002672:	3001      	adds	r0, #1
10002674:	4151      	adcs	r1, r2
10002676:	0840      	lsrs	r0, r0, #1
10002678:	07ca      	lsls	r2, r1, #31
1000267a:	4310      	orrs	r0, r2
1000267c:	0849      	lsrs	r1, r1, #1

1000267e <dd_2>:
1000267e:	b002      	add	sp, #8
10002680:	4662      	mov	r2, ip
10002682:	07d7      	lsls	r7, r2, #31
10002684:	1092      	asrs	r2, r2, #2
10002686:	4b08      	ldr	r3, [pc, #32]	@ (100026a8 <dd_4+0x6>)
10002688:	18d2      	adds	r2, r2, r3
1000268a:	4b08      	ldr	r3, [pc, #32]	@ (100026ac <dd_4+0xa>)
1000268c:	429a      	cmp	r2, r3
1000268e:	d203      	bcs.n	10002698 <dd_3>
10002690:	0512      	lsls	r2, r2, #20
10002692:	1889      	adds	r1, r1, r2

10002694 <dd_5>:
10002694:	19c9      	adds	r1, r1, r7
10002696:	bdf0      	pop	{r4, r5, r6, r7, pc}

10002698 <dd_3>:
10002698:	2000      	movs	r0, #0
1000269a:	2a00      	cmp	r2, #0
1000269c:	dc01      	bgt.n	100026a2 <dd_4>
1000269e:	0039      	movs	r1, r7
100026a0:	bdf0      	pop	{r4, r5, r6, r7, pc}

100026a2 <dd_4>:
100026a2:	3301      	adds	r3, #1
100026a4:	0519      	lsls	r1, r3, #20
100026a6:	e7f5      	b.n	10002694 <dd_5>
100026a8:	000003fd 	.word	0x000003fd
100026ac:	000007fe 	.word	0x000007fe

100026b0 <double2uint_shim>:
100026b0:	2200      	movs	r2, #0

100026b2 <double2ufix_shim>:
100026b2:	b500      	push	{lr}
100026b4:	3220      	adds	r2, #32
100026b6:	f000 f804 	bl	100026c2 <double2ufix64_shim>
100026ba:	0008      	movs	r0, r1
100026bc:	bd00      	pop	{pc}
	...

100026c0 <double2uint64_shim>:
100026c0:	2200      	movs	r2, #0

100026c2 <double2ufix64_shim>:
100026c2:	150b      	asrs	r3, r1, #20
100026c4:	d40a      	bmi.n	100026dc <ret_dzero>

100026c6 <d2fix>:
100026c6:	b510      	push	{r4, lr}
100026c8:	4694      	mov	ip, r2
100026ca:	f000 f831 	bl	10002730 <dunpacks>
100026ce:	1414      	asrs	r4, r2, #16
100026d0:	3401      	adds	r4, #1
100026d2:	da00      	bge.n	100026d6 <d2fix+0x10>
100026d4:	2100      	movs	r1, #0
100026d6:	17cb      	asrs	r3, r1, #31
100026d8:	4c14      	ldr	r4, [pc, #80]	@ (1000272c <d2fix_a+0x4a>)
100026da:	4720      	bx	r4

100026dc <ret_dzero>:
100026dc:	2000      	movs	r0, #0
100026de:	2100      	movs	r1, #0
100026e0:	4770      	bx	lr

100026e2 <d2fix_a>:
100026e2:	4462      	add	r2, ip
100026e4:	3a34      	subs	r2, #52	@ 0x34
100026e6:	d40c      	bmi.n	10002702 <d2fix_a+0x20>
100026e8:	2a0c      	cmp	r2, #12
100026ea:	da07      	bge.n	100026fc <d2fix_a+0x1a>
100026ec:	0004      	movs	r4, r0
100026ee:	4091      	lsls	r1, r2
100026f0:	4090      	lsls	r0, r2
100026f2:	4252      	negs	r2, r2
100026f4:	3220      	adds	r2, #32
100026f6:	40d4      	lsrs	r4, r2
100026f8:	4321      	orrs	r1, r4
100026fa:	bd10      	pop	{r4, pc}
100026fc:	43d8      	mvns	r0, r3
100026fe:	43d9      	mvns	r1, r3
10002700:	bd10      	pop	{r4, pc}
10002702:	3220      	adds	r2, #32
10002704:	d407      	bmi.n	10002716 <d2fix_a+0x34>
10002706:	460c      	mov	r4, r1
10002708:	4094      	lsls	r4, r2
1000270a:	4252      	negs	r2, r2
1000270c:	3220      	adds	r2, #32
1000270e:	4111      	asrs	r1, r2
10002710:	40d0      	lsrs	r0, r2
10002712:	4320      	orrs	r0, r4
10002714:	bd10      	pop	{r4, pc}
10002716:	0008      	movs	r0, r1
10002718:	17c9      	asrs	r1, r1, #31
1000271a:	3220      	adds	r2, #32
1000271c:	d403      	bmi.n	10002726 <d2fix_a+0x44>
1000271e:	4252      	negs	r2, r2
10002720:	3220      	adds	r2, #32
10002722:	4110      	asrs	r0, r2
10002724:	bd10      	pop	{r4, pc}
10002726:	0018      	movs	r0, r3
10002728:	0019      	movs	r1, r3
1000272a:	bd10      	pop	{r4, pc}
1000272c:	100026e3 	.word	0x100026e3

10002730 <dunpacks>:
10002730:	0d0a      	lsrs	r2, r1, #20
10002732:	0fcc      	lsrs	r4, r1, #31
10002734:	1e53      	subs	r3, r2, #1
10002736:	051b      	lsls	r3, r3, #20
10002738:	1ac9      	subs	r1, r1, r3
1000273a:	0552      	lsls	r2, r2, #21
1000273c:	d303      	bcc.n	10002746 <l60_1>
1000273e:	43c9      	mvns	r1, r1
10002740:	4240      	negs	r0, r0
10002742:	d300      	bcc.n	10002746 <l60_1>
10002744:	3101      	adds	r1, #1

10002746 <l60_1>:
10002746:	0d52      	lsrs	r2, r2, #21
10002748:	d003      	beq.n	10002752 <l60_2>
1000274a:	1c53      	adds	r3, r2, #1
1000274c:	0adb      	lsrs	r3, r3, #11
1000274e:	d007      	beq.n	10002760 <l60_3>
10002750:	1b12      	subs	r2, r2, r4

10002752 <l60_2>:
10002752:	2000      	movs	r0, #0
10002754:	0064      	lsls	r4, r4, #1
10002756:	1c61      	adds	r1, r4, #1
10002758:	0789      	lsls	r1, r1, #30
1000275a:	1289      	asrs	r1, r1, #10
1000275c:	3a80      	subs	r2, #128	@ 0x80
1000275e:	0312      	lsls	r2, r2, #12

10002760 <l60_3>:
10002760:	4b01      	ldr	r3, [pc, #4]	@ (10002768 <l60_3+0x8>)
10002762:	1ad2      	subs	r2, r2, r3
10002764:	4770      	bx	lr
10002766:	0000      	.short	0x0000
10002768:	000003ff 	.word	0x000003ff

1000276c <__wrap___aeabi_lmul>:
1000276c:	4351      	muls	r1, r2
1000276e:	4343      	muls	r3, r0
10002770:	18c9      	adds	r1, r1, r3
10002772:	468c      	mov	ip, r1
10002774:	0c11      	lsrs	r1, r2, #16
10002776:	b283      	uxth	r3, r0
10002778:	434b      	muls	r3, r1
1000277a:	b410      	push	{r4}
1000277c:	0c04      	lsrs	r4, r0, #16
1000277e:	4361      	muls	r1, r4
10002780:	b292      	uxth	r2, r2
10002782:	b280      	uxth	r0, r0
10002784:	4350      	muls	r0, r2
10002786:	4362      	muls	r2, r4
10002788:	041c      	lsls	r4, r3, #16
1000278a:	0c1b      	lsrs	r3, r3, #16
1000278c:	1900      	adds	r0, r0, r4
1000278e:	bc10      	pop	{r4}
10002790:	4159      	adcs	r1, r3
10002792:	0413      	lsls	r3, r2, #16
10002794:	0c12      	lsrs	r2, r2, #16
10002796:	18c0      	adds	r0, r0, r3
10002798:	4151      	adcs	r1, r2
1000279a:	4461      	add	r1, ip
1000279c:	4770      	bx	lr
	...

100027a0 <__aeabi_float_init>:
100027a0:	2313      	movs	r3, #19
100027a2:	b510      	push	{r4, lr}
100027a4:	4812      	ldr	r0, [pc, #72]	@ (100027f0 <__aeabi_float_init+0x50>)
100027a6:	781c      	ldrb	r4, [r3, #0]
100027a8:	f7ff f818 	bl	100017dc <rom_data_lookup>
100027ac:	0001      	movs	r1, r0
100027ae:	2c01      	cmp	r4, #1
100027b0:	d00a      	beq.n	100027c8 <__aeabi_float_init+0x28>
100027b2:	dd03      	ble.n	100027bc <__aeabi_float_init+0x1c>
100027b4:	2280      	movs	r2, #128	@ 0x80
100027b6:	480f      	ldr	r0, [pc, #60]	@ (100027f4 <__aeabi_float_init+0x54>)
100027b8:	f000 f848 	bl	1000284c <__wrap___aeabi_memcpy>
100027bc:	480e      	ldr	r0, [pc, #56]	@ (100027f8 <__aeabi_float_init+0x58>)
100027be:	f7ff f805 	bl	100017cc <rom_func_lookup>
100027c2:	4b0e      	ldr	r3, [pc, #56]	@ (100027fc <__aeabi_float_init+0x5c>)
100027c4:	6018      	str	r0, [r3, #0]
100027c6:	bd10      	pop	{r4, pc}
100027c8:	4c0a      	ldr	r4, [pc, #40]	@ (100027f4 <__aeabi_float_init+0x54>)
100027ca:	2254      	movs	r2, #84	@ 0x54
100027cc:	0020      	movs	r0, r4
100027ce:	f000 f83d 	bl	1000284c <__wrap___aeabi_memcpy>
100027d2:	4b0b      	ldr	r3, [pc, #44]	@ (10002800 <__aeabi_float_init+0x60>)
100027d4:	6563      	str	r3, [r4, #84]	@ 0x54
100027d6:	65a3      	str	r3, [r4, #88]	@ 0x58
100027d8:	65e3      	str	r3, [r4, #92]	@ 0x5c
100027da:	6623      	str	r3, [r4, #96]	@ 0x60
100027dc:	6663      	str	r3, [r4, #100]	@ 0x64
100027de:	66a3      	str	r3, [r4, #104]	@ 0x68
100027e0:	66e3      	str	r3, [r4, #108]	@ 0x6c
100027e2:	6723      	str	r3, [r4, #112]	@ 0x70
100027e4:	6763      	str	r3, [r4, #116]	@ 0x74
100027e6:	67a3      	str	r3, [r4, #120]	@ 0x78
100027e8:	67e3      	str	r3, [r4, #124]	@ 0x7c
100027ea:	6223      	str	r3, [r4, #32]
100027ec:	61e3      	str	r3, [r4, #28]
100027ee:	e7e5      	b.n	100027bc <__aeabi_float_init+0x1c>
100027f0:	00004653 	.word	0x00004653
100027f4:	20001338 	.word	0x20001338
100027f8:	0000334c 	.word	0x0000334c
100027fc:	20002118 	.word	0x20002118
10002800:	10002805 	.word	0x10002805

10002804 <float_table_shim_on_use_helper>:
10002804:	b507      	push	{r0, r1, r2, lr}
10002806:	4660      	mov	r0, ip
10002808:	8801      	ldrh	r1, [r0, #0]
1000280a:	0a0a      	lsrs	r2, r1, #8
1000280c:	3002      	adds	r0, #2
1000280e:	2adf      	cmp	r2, #223	@ 0xdf
10002810:	d1fa      	bne.n	10002808 <float_table_shim_on_use_helper+0x4>
10002812:	b2c9      	uxtb	r1, r1
10002814:	0882      	lsrs	r2, r0, #2
10002816:	d304      	bcc.n	10002822 <float_table_shim_on_use_helper+0x1e>
10002818:	8802      	ldrh	r2, [r0, #0]
1000281a:	8840      	ldrh	r0, [r0, #2]
1000281c:	0400      	lsls	r0, r0, #16
1000281e:	4310      	orrs	r0, r2
10002820:	e000      	b.n	10002824 <float_table_shim_on_use_helper+0x20>
10002822:	6800      	ldr	r0, [r0, #0]
10002824:	4a01      	ldr	r2, [pc, #4]	@ (1000282c <float_table_shim_on_use_helper+0x28>)
10002826:	5050      	str	r0, [r2, r1]
10002828:	9003      	str	r0, [sp, #12]
1000282a:	bd07      	pop	{r0, r1, r2, pc}
1000282c:	20001338 	.word	0x20001338

10002830 <__aeabi_mem_init>:
10002830:	4801      	ldr	r0, [pc, #4]	@ (10002838 <__aeabi_mem_init+0x8>)
10002832:	2104      	movs	r1, #4
10002834:	4b01      	ldr	r3, [pc, #4]	@ (1000283c <__aeabi_mem_init+0xc>)
10002836:	4718      	bx	r3
10002838:	20001060 	.word	0x20001060
1000283c:	100017ed 	.word	0x100017ed

10002840 <__wrap_memset>:
10002840:	4b01      	ldr	r3, [pc, #4]	@ (10002848 <__wrap_memset+0x8>)
10002842:	681b      	ldr	r3, [r3, #0]
10002844:	4718      	bx	r3
10002846:	0000      	.short	0x0000
10002848:	20001060 	.word	0x20001060

1000284c <__wrap___aeabi_memcpy>:
1000284c:	4b01      	ldr	r3, [pc, #4]	@ (10002854 <__wrap___aeabi_memcpy+0x8>)
1000284e:	685b      	ldr	r3, [r3, #4]
10002850:	4718      	bx	r3
10002852:	0000      	.short	0x0000
10002854:	20001060 	.word	0x20001060

10002858 <_out_null>:
10002858:	4770      	bx	lr
1000285a:	46c0      	nop			@ (mov r8, r8)

1000285c <_out_rev>:
1000285c:	b5f8      	push	{r3, r4, r5, r6, r7, lr}
1000285e:	4657      	mov	r7, sl
10002860:	46de      	mov	lr, fp
10002862:	464e      	mov	r6, r9
10002864:	4645      	mov	r5, r8
10002866:	b5e0      	push	{r5, r6, r7, lr}
10002868:	4699      	mov	r9, r3
1000286a:	9b0a      	ldr	r3, [sp, #40]	@ 0x28
1000286c:	0007      	movs	r7, r0
1000286e:	469a      	mov	sl, r3
10002870:	9b0d      	ldr	r3, [sp, #52]	@ 0x34
10002872:	4688      	mov	r8, r1
10002874:	4693      	mov	fp, r2
10002876:	9c0b      	ldr	r4, [sp, #44]	@ 0x2c
10002878:	079b      	lsls	r3, r3, #30
1000287a:	d13b      	bne.n	100028f4 <_out_rev+0x98>
1000287c:	9b0c      	ldr	r3, [sp, #48]	@ 0x30
1000287e:	429c      	cmp	r4, r3
10002880:	d23d      	bcs.n	100028fe <_out_rev+0xa2>
10002882:	1b1e      	subs	r6, r3, r4
10002884:	940b      	str	r4, [sp, #44]	@ 0x2c
10002886:	0015      	movs	r5, r2
10002888:	000c      	movs	r4, r1
1000288a:	445e      	add	r6, fp
1000288c:	002a      	movs	r2, r5
1000288e:	464b      	mov	r3, r9
10002890:	3501      	adds	r5, #1
10002892:	0021      	movs	r1, r4
10002894:	2020      	movs	r0, #32
10002896:	47b8      	blx	r7
10002898:	42b5      	cmp	r5, r6
1000289a:	d1f7      	bne.n	1000288c <_out_rev+0x30>
1000289c:	46a0      	mov	r8, r4
1000289e:	9c0b      	ldr	r4, [sp, #44]	@ 0x2c
100028a0:	2c00      	cmp	r4, #0
100028a2:	d020      	beq.n	100028e6 <_out_rev+0x8a>
100028a4:	4645      	mov	r5, r8
100028a6:	1936      	adds	r6, r6, r4
100028a8:	4653      	mov	r3, sl
100028aa:	1b32      	subs	r2, r6, r4
100028ac:	3c01      	subs	r4, #1
100028ae:	5d18      	ldrb	r0, [r3, r4]
100028b0:	0029      	movs	r1, r5
100028b2:	464b      	mov	r3, r9
100028b4:	47b8      	blx	r7
100028b6:	2c00      	cmp	r4, #0
100028b8:	d1f6      	bne.n	100028a8 <_out_rev+0x4c>
100028ba:	002b      	movs	r3, r5
100028bc:	0035      	movs	r5, r6
100028be:	4698      	mov	r8, r3
100028c0:	9b0d      	ldr	r3, [sp, #52]	@ 0x34
100028c2:	079b      	lsls	r3, r3, #30
100028c4:	d50f      	bpl.n	100028e6 <_out_rev+0x8a>
100028c6:	465b      	mov	r3, fp
100028c8:	1aec      	subs	r4, r5, r3
100028ca:	9b0c      	ldr	r3, [sp, #48]	@ 0x30
100028cc:	42a3      	cmp	r3, r4
100028ce:	d90a      	bls.n	100028e6 <_out_rev+0x8a>
100028d0:	4646      	mov	r6, r8
100028d2:	4698      	mov	r8, r3
100028d4:	002a      	movs	r2, r5
100028d6:	464b      	mov	r3, r9
100028d8:	0031      	movs	r1, r6
100028da:	2020      	movs	r0, #32
100028dc:	3401      	adds	r4, #1
100028de:	47b8      	blx	r7
100028e0:	3501      	adds	r5, #1
100028e2:	4544      	cmp	r4, r8
100028e4:	d3f6      	bcc.n	100028d4 <_out_rev+0x78>
100028e6:	0028      	movs	r0, r5
100028e8:	bcf0      	pop	{r4, r5, r6, r7}
100028ea:	46bb      	mov	fp, r7
100028ec:	46b2      	mov	sl, r6
100028ee:	46a9      	mov	r9, r5
100028f0:	46a0      	mov	r8, r4
100028f2:	bdf8      	pop	{r3, r4, r5, r6, r7, pc}
100028f4:	0016      	movs	r6, r2
100028f6:	0015      	movs	r5, r2
100028f8:	2c00      	cmp	r4, #0
100028fa:	d1d3      	bne.n	100028a4 <_out_rev+0x48>
100028fc:	e7e0      	b.n	100028c0 <_out_rev+0x64>
100028fe:	0016      	movs	r6, r2
10002900:	0015      	movs	r5, r2
10002902:	2c00      	cmp	r4, #0
10002904:	d1ce      	bne.n	100028a4 <_out_rev+0x48>
10002906:	e7ee      	b.n	100028e6 <_out_rev+0x8a>

10002908 <_ntoa_format>:
10002908:	b5f0      	push	{r4, r5, r6, r7, lr}
1000290a:	4645      	mov	r5, r8
1000290c:	46de      	mov	lr, fp
1000290e:	4657      	mov	r7, sl
10002910:	464e      	mov	r6, r9
10002912:	b5e0      	push	{r5, r6, r7, lr}
10002914:	b085      	sub	sp, #20
10002916:	469c      	mov	ip, r3
10002918:	ab10      	add	r3, sp, #64	@ 0x40
1000291a:	781b      	ldrb	r3, [r3, #0]
1000291c:	9f14      	ldr	r7, [sp, #80]	@ 0x50
1000291e:	4693      	mov	fp, r2
10002920:	4698      	mov	r8, r3
10002922:	9c0f      	ldr	r4, [sp, #60]	@ 0x3c
10002924:	9e12      	ldr	r6, [sp, #72]	@ 0x48
10002926:	9d13      	ldr	r5, [sp, #76]	@ 0x4c
10002928:	07bb      	lsls	r3, r7, #30
1000292a:	d44c      	bmi.n	100029c6 <_ntoa_format+0xbe>
1000292c:	2d00      	cmp	r5, #0
1000292e:	d142      	bne.n	100029b6 <_ntoa_format+0xae>
10002930:	42b4      	cmp	r4, r6
10002932:	d248      	bcs.n	100029c6 <_ntoa_format+0xbe>
10002934:	2301      	movs	r3, #1
10002936:	403b      	ands	r3, r7
10002938:	4699      	mov	r9, r3
1000293a:	9b0e      	ldr	r3, [sp, #56]	@ 0x38
1000293c:	3b01      	subs	r3, #1
1000293e:	469a      	mov	sl, r3
10002940:	2330      	movs	r3, #48	@ 0x30
10002942:	e004      	b.n	1000294e <_ntoa_format+0x46>
10002944:	4652      	mov	r2, sl
10002946:	3401      	adds	r4, #1
10002948:	5513      	strb	r3, [r2, r4]
1000294a:	42a6      	cmp	r6, r4
1000294c:	d901      	bls.n	10002952 <_ntoa_format+0x4a>
1000294e:	2c20      	cmp	r4, #32
10002950:	d1f8      	bne.n	10002944 <_ntoa_format+0x3c>
10002952:	464b      	mov	r3, r9
10002954:	2b00      	cmp	r3, #0
10002956:	d100      	bne.n	1000295a <_ntoa_format+0x52>
10002958:	e083      	b.n	10002a62 <_ntoa_format+0x15a>
1000295a:	9b0e      	ldr	r3, [sp, #56]	@ 0x38
1000295c:	3b01      	subs	r3, #1
1000295e:	4699      	mov	r9, r3
10002960:	2330      	movs	r3, #48	@ 0x30
10002962:	42a5      	cmp	r5, r4
10002964:	d805      	bhi.n	10002972 <_ntoa_format+0x6a>
10002966:	e02e      	b.n	100029c6 <_ntoa_format+0xbe>
10002968:	464a      	mov	r2, r9
1000296a:	3401      	adds	r4, #1
1000296c:	5513      	strb	r3, [r2, r4]
1000296e:	42ac      	cmp	r4, r5
10002970:	d029      	beq.n	100029c6 <_ntoa_format+0xbe>
10002972:	2c20      	cmp	r4, #32
10002974:	d1f8      	bne.n	10002968 <_ntoa_format+0x60>
10002976:	06fb      	lsls	r3, r7, #27
10002978:	d50c      	bpl.n	10002994 <_ntoa_format+0x8c>
1000297a:	057b      	lsls	r3, r7, #21
1000297c:	d454      	bmi.n	10002a28 <_ntoa_format+0x120>
1000297e:	42a6      	cmp	r6, r4
10002980:	d063      	beq.n	10002a4a <_ntoa_format+0x142>
10002982:	42a5      	cmp	r5, r4
10002984:	d061      	beq.n	10002a4a <_ntoa_format+0x142>
10002986:	9b11      	ldr	r3, [sp, #68]	@ 0x44
10002988:	2b10      	cmp	r3, #16
1000298a:	d050      	beq.n	10002a2e <_ntoa_format+0x126>
1000298c:	2b02      	cmp	r3, #2
1000298e:	d057      	beq.n	10002a40 <_ntoa_format+0x138>
10002990:	2c20      	cmp	r4, #32
10002992:	d132      	bne.n	100029fa <_ntoa_format+0xf2>
10002994:	2320      	movs	r3, #32
10002996:	9301      	str	r3, [sp, #4]
10002998:	9b0e      	ldr	r3, [sp, #56]	@ 0x38
1000299a:	465a      	mov	r2, fp
1000299c:	9300      	str	r3, [sp, #0]
1000299e:	9703      	str	r7, [sp, #12]
100029a0:	4663      	mov	r3, ip
100029a2:	9502      	str	r5, [sp, #8]
100029a4:	f7ff ff5a 	bl	1000285c <_out_rev>
100029a8:	b005      	add	sp, #20
100029aa:	bcf0      	pop	{r4, r5, r6, r7}
100029ac:	46bb      	mov	fp, r7
100029ae:	46b2      	mov	sl, r6
100029b0:	46a9      	mov	r9, r5
100029b2:	46a0      	mov	r8, r4
100029b4:	bdf0      	pop	{r4, r5, r6, r7, pc}
100029b6:	2301      	movs	r3, #1
100029b8:	403b      	ands	r3, r7
100029ba:	4699      	mov	r9, r3
100029bc:	2301      	movs	r3, #1
100029be:	423b      	tst	r3, r7
100029c0:	d12a      	bne.n	10002a18 <_ntoa_format+0x110>
100029c2:	42b4      	cmp	r4, r6
100029c4:	d3b9      	bcc.n	1000293a <_ntoa_format+0x32>
100029c6:	06fb      	lsls	r3, r7, #27
100029c8:	d51c      	bpl.n	10002a04 <_ntoa_format+0xfc>
100029ca:	057b      	lsls	r3, r7, #21
100029cc:	d4db      	bmi.n	10002986 <_ntoa_format+0x7e>
100029ce:	2c00      	cmp	r4, #0
100029d0:	d1d5      	bne.n	1000297e <_ntoa_format+0x76>
100029d2:	9b11      	ldr	r3, [sp, #68]	@ 0x44
100029d4:	2b10      	cmp	r3, #16
100029d6:	d05b      	beq.n	10002a90 <_ntoa_format+0x188>
100029d8:	9b11      	ldr	r3, [sp, #68]	@ 0x44
100029da:	2b02      	cmp	r3, #2
100029dc:	d06b      	beq.n	10002ab6 <_ntoa_format+0x1ae>
100029de:	2330      	movs	r3, #48	@ 0x30
100029e0:	2401      	movs	r4, #1
100029e2:	9a0e      	ldr	r2, [sp, #56]	@ 0x38
100029e4:	7013      	strb	r3, [r2, #0]
100029e6:	4643      	mov	r3, r8
100029e8:	2b00      	cmp	r3, #0
100029ea:	d110      	bne.n	10002a0e <_ntoa_format+0x106>
100029ec:	077b      	lsls	r3, r7, #29
100029ee:	d53e      	bpl.n	10002a6e <_ntoa_format+0x166>
100029f0:	262b      	movs	r6, #43	@ 0x2b
100029f2:	9a0e      	ldr	r2, [sp, #56]	@ 0x38
100029f4:	1c63      	adds	r3, r4, #1
100029f6:	5516      	strb	r6, [r2, r4]
100029f8:	e7cd      	b.n	10002996 <_ntoa_format+0x8e>
100029fa:	0023      	movs	r3, r4
100029fc:	3401      	adds	r4, #1
100029fe:	2630      	movs	r6, #48	@ 0x30
10002a00:	9a0e      	ldr	r2, [sp, #56]	@ 0x38
10002a02:	54d6      	strb	r6, [r2, r3]
10002a04:	2c20      	cmp	r4, #32
10002a06:	d0c5      	beq.n	10002994 <_ntoa_format+0x8c>
10002a08:	4643      	mov	r3, r8
10002a0a:	2b00      	cmp	r3, #0
10002a0c:	d0ee      	beq.n	100029ec <_ntoa_format+0xe4>
10002a0e:	262d      	movs	r6, #45	@ 0x2d
10002a10:	9a0e      	ldr	r2, [sp, #56]	@ 0x38
10002a12:	1c63      	adds	r3, r4, #1
10002a14:	5516      	strb	r6, [r2, r4]
10002a16:	e7be      	b.n	10002996 <_ntoa_format+0x8e>
10002a18:	4643      	mov	r3, r8
10002a1a:	2b00      	cmp	r3, #0
10002a1c:	d02f      	beq.n	10002a7e <_ntoa_format+0x176>
10002a1e:	3d01      	subs	r5, #1
10002a20:	42b4      	cmp	r4, r6
10002a22:	d200      	bcs.n	10002a26 <_ntoa_format+0x11e>
10002a24:	e789      	b.n	1000293a <_ntoa_format+0x32>
10002a26:	e798      	b.n	1000295a <_ntoa_format+0x52>
10002a28:	9b11      	ldr	r3, [sp, #68]	@ 0x44
10002a2a:	2b10      	cmp	r3, #16
10002a2c:	d1b2      	bne.n	10002994 <_ntoa_format+0x8c>
10002a2e:	06bb      	lsls	r3, r7, #26
10002a30:	d537      	bpl.n	10002aa2 <_ntoa_format+0x19a>
10002a32:	2c20      	cmp	r4, #32
10002a34:	d0ae      	beq.n	10002994 <_ntoa_format+0x8c>
10002a36:	2358      	movs	r3, #88	@ 0x58
10002a38:	9a0e      	ldr	r2, [sp, #56]	@ 0x38
10002a3a:	5513      	strb	r3, [r2, r4]
10002a3c:	3401      	adds	r4, #1
10002a3e:	e7a7      	b.n	10002990 <_ntoa_format+0x88>
10002a40:	2c20      	cmp	r4, #32
10002a42:	d0a7      	beq.n	10002994 <_ntoa_format+0x8c>
10002a44:	0023      	movs	r3, r4
10002a46:	3401      	adds	r4, #1
10002a48:	e007      	b.n	10002a5a <_ntoa_format+0x152>
10002a4a:	1e63      	subs	r3, r4, #1
10002a4c:	2c01      	cmp	r4, #1
10002a4e:	d0c0      	beq.n	100029d2 <_ntoa_format+0xca>
10002a50:	9a11      	ldr	r2, [sp, #68]	@ 0x44
10002a52:	2a10      	cmp	r2, #16
10002a54:	d031      	beq.n	10002aba <_ntoa_format+0x1b2>
10002a56:	2a02      	cmp	r2, #2
10002a58:	d1d1      	bne.n	100029fe <_ntoa_format+0xf6>
10002a5a:	2662      	movs	r6, #98	@ 0x62
10002a5c:	9a0e      	ldr	r2, [sp, #56]	@ 0x38
10002a5e:	54d6      	strb	r6, [r2, r3]
10002a60:	e796      	b.n	10002990 <_ntoa_format+0x88>
10002a62:	06fb      	lsls	r3, r7, #27
10002a64:	d5ce      	bpl.n	10002a04 <_ntoa_format+0xfc>
10002a66:	057b      	lsls	r3, r7, #21
10002a68:	d400      	bmi.n	10002a6c <_ntoa_format+0x164>
10002a6a:	e788      	b.n	1000297e <_ntoa_format+0x76>
10002a6c:	e78b      	b.n	10002986 <_ntoa_format+0x7e>
10002a6e:	0023      	movs	r3, r4
10002a70:	073e      	lsls	r6, r7, #28
10002a72:	d590      	bpl.n	10002996 <_ntoa_format+0x8e>
10002a74:	2620      	movs	r6, #32
10002a76:	9a0e      	ldr	r2, [sp, #56]	@ 0x38
10002a78:	3301      	adds	r3, #1
10002a7a:	5516      	strb	r6, [r2, r4]
10002a7c:	e78b      	b.n	10002996 <_ntoa_format+0x8e>
10002a7e:	230c      	movs	r3, #12
10002a80:	403b      	ands	r3, r7
10002a82:	1e5a      	subs	r2, r3, #1
10002a84:	4193      	sbcs	r3, r2
10002a86:	1aed      	subs	r5, r5, r3
10002a88:	42b4      	cmp	r4, r6
10002a8a:	d200      	bcs.n	10002a8e <_ntoa_format+0x186>
10002a8c:	e755      	b.n	1000293a <_ntoa_format+0x32>
10002a8e:	e764      	b.n	1000295a <_ntoa_format+0x52>
10002a90:	06bb      	lsls	r3, r7, #26
10002a92:	d40e      	bmi.n	10002ab2 <_ntoa_format+0x1aa>
10002a94:	2378      	movs	r3, #120	@ 0x78
10002a96:	9a0e      	ldr	r2, [sp, #56]	@ 0x38
10002a98:	2402      	movs	r4, #2
10002a9a:	7013      	strb	r3, [r2, #0]
10002a9c:	2330      	movs	r3, #48	@ 0x30
10002a9e:	7053      	strb	r3, [r2, #1]
10002aa0:	e7a1      	b.n	100029e6 <_ntoa_format+0xde>
10002aa2:	2c20      	cmp	r4, #32
10002aa4:	d100      	bne.n	10002aa8 <_ntoa_format+0x1a0>
10002aa6:	e775      	b.n	10002994 <_ntoa_format+0x8c>
10002aa8:	2378      	movs	r3, #120	@ 0x78
10002aaa:	9a0e      	ldr	r2, [sp, #56]	@ 0x38
10002aac:	5513      	strb	r3, [r2, r4]
10002aae:	3401      	adds	r4, #1
10002ab0:	e76e      	b.n	10002990 <_ntoa_format+0x88>
10002ab2:	2358      	movs	r3, #88	@ 0x58
10002ab4:	e7ef      	b.n	10002a96 <_ntoa_format+0x18e>
10002ab6:	3360      	adds	r3, #96	@ 0x60
10002ab8:	e7ed      	b.n	10002a96 <_ntoa_format+0x18e>
10002aba:	9a0e      	ldr	r2, [sp, #56]	@ 0x38
10002abc:	1ea6      	subs	r6, r4, #2
10002abe:	4691      	mov	r9, r2
10002ac0:	444e      	add	r6, r9
10002ac2:	06ba      	lsls	r2, r7, #26
10002ac4:	d502      	bpl.n	10002acc <_ntoa_format+0x1c4>
10002ac6:	2258      	movs	r2, #88	@ 0x58
10002ac8:	7032      	strb	r2, [r6, #0]
10002aca:	e798      	b.n	100029fe <_ntoa_format+0xf6>
10002acc:	2278      	movs	r2, #120	@ 0x78
10002ace:	7032      	strb	r2, [r6, #0]
10002ad0:	e795      	b.n	100029fe <_ntoa_format+0xf6>
10002ad2:	46c0      	nop			@ (mov r8, r8)

10002ad4 <_out_char>:
10002ad4:	b510      	push	{r4, lr}
10002ad6:	2800      	cmp	r0, #0
10002ad8:	d100      	bne.n	10002adc <_out_char+0x8>
10002ada:	bd10      	pop	{r4, pc}
10002adc:	f001 fc7e 	bl	100043dc <__wrap_putchar>
10002ae0:	e7fb      	b.n	10002ada <_out_char+0x6>
10002ae2:	46c0      	nop			@ (mov r8, r8)

10002ae4 <_out_fct>:
10002ae4:	000b      	movs	r3, r1
10002ae6:	b510      	push	{r4, lr}
10002ae8:	2800      	cmp	r0, #0
10002aea:	d002      	beq.n	10002af2 <_out_fct+0xe>
10002aec:	6849      	ldr	r1, [r1, #4]
10002aee:	681b      	ldr	r3, [r3, #0]
10002af0:	4798      	blx	r3
10002af2:	bd10      	pop	{r4, pc}

10002af4 <_ftoa>:
10002af4:	b5f0      	push	{r4, r5, r6, r7, lr}
10002af6:	4657      	mov	r7, sl
10002af8:	46de      	mov	lr, fp
10002afa:	464e      	mov	r6, r9
10002afc:	4645      	mov	r5, r8
10002afe:	b5e0      	push	{r5, r6, r7, lr}
10002b00:	b095      	sub	sp, #84	@ 0x54
10002b02:	4683      	mov	fp, r0
10002b04:	000f      	movs	r7, r1
10002b06:	4692      	mov	sl, r2
10002b08:	4698      	mov	r8, r3
10002b0a:	9a1e      	ldr	r2, [sp, #120]	@ 0x78
10002b0c:	9b1f      	ldr	r3, [sp, #124]	@ 0x7c
10002b0e:	0010      	movs	r0, r2
10002b10:	0019      	movs	r1, r3
10002b12:	9e20      	ldr	r6, [sp, #128]	@ 0x80
10002b14:	f7ff facf 	bl	100020b6 <__wrap___aeabi_dcmpun>
10002b18:	2800      	cmp	r0, #0
10002b1a:	d000      	beq.n	10002b1e <_ftoa+0x2a>
10002b1c:	e1ea      	b.n	10002ef4 <_ftoa+0x400>
10002b1e:	981e      	ldr	r0, [sp, #120]	@ 0x78
10002b20:	991f      	ldr	r1, [sp, #124]	@ 0x7c
10002b22:	2201      	movs	r2, #1
10002b24:	4bc5      	ldr	r3, [pc, #788]	@ (10002e3c <_ftoa+0x348>)
10002b26:	4252      	negs	r2, r2
10002b28:	f7ff faaa 	bl	10002080 <__wrap___aeabi_dcmplt>
10002b2c:	2800      	cmp	r0, #0
10002b2e:	d000      	beq.n	10002b32 <_ftoa+0x3e>
10002b30:	e114      	b.n	10002d5c <_ftoa+0x268>
10002b32:	981e      	ldr	r0, [sp, #120]	@ 0x78
10002b34:	991f      	ldr	r1, [sp, #124]	@ 0x7c
10002b36:	2201      	movs	r2, #1
10002b38:	4bc1      	ldr	r3, [pc, #772]	@ (10002e40 <_ftoa+0x34c>)
10002b3a:	4252      	negs	r2, r2
10002b3c:	f7ff fab6 	bl	100020ac <__wrap___aeabi_dcmpgt>
10002b40:	2800      	cmp	r0, #0
10002b42:	d000      	beq.n	10002b46 <_ftoa+0x52>
10002b44:	e0e9      	b.n	10002d1a <_ftoa+0x226>
10002b46:	981e      	ldr	r0, [sp, #120]	@ 0x78
10002b48:	991f      	ldr	r1, [sp, #124]	@ 0x7c
10002b4a:	2200      	movs	r2, #0
10002b4c:	4bbd      	ldr	r3, [pc, #756]	@ (10002e44 <_ftoa+0x350>)
10002b4e:	f7ff faad 	bl	100020ac <__wrap___aeabi_dcmpgt>
10002b52:	2800      	cmp	r0, #0
10002b54:	d000      	beq.n	10002b58 <_ftoa+0x64>
10002b56:	e0c8      	b.n	10002cea <_ftoa+0x1f6>
10002b58:	981e      	ldr	r0, [sp, #120]	@ 0x78
10002b5a:	991f      	ldr	r1, [sp, #124]	@ 0x7c
10002b5c:	2200      	movs	r2, #0
10002b5e:	4bba      	ldr	r3, [pc, #744]	@ (10002e48 <_ftoa+0x354>)
10002b60:	f7ff fa8e 	bl	10002080 <__wrap___aeabi_dcmplt>
10002b64:	2800      	cmp	r0, #0
10002b66:	d000      	beq.n	10002b6a <_ftoa+0x76>
10002b68:	e0bf      	b.n	10002cea <_ftoa+0x1f6>
10002b6a:	981e      	ldr	r0, [sp, #120]	@ 0x78
10002b6c:	991f      	ldr	r1, [sp, #124]	@ 0x7c
10002b6e:	2200      	movs	r2, #0
10002b70:	2300      	movs	r3, #0
10002b72:	f7ff fa85 	bl	10002080 <__wrap___aeabi_dcmplt>
10002b76:	2800      	cmp	r0, #0
10002b78:	d000      	beq.n	10002b7c <_ftoa+0x88>
10002b7a:	e0e4      	b.n	10002d46 <_ftoa+0x252>
10002b7c:	2300      	movs	r3, #0
10002b7e:	930b      	str	r3, [sp, #44]	@ 0x2c
10002b80:	9b22      	ldr	r3, [sp, #136]	@ 0x88
10002b82:	055b      	lsls	r3, r3, #21
10002b84:	d400      	bmi.n	10002b88 <_ftoa+0x94>
10002b86:	2606      	movs	r6, #6
10002b88:	2400      	movs	r4, #0
10002b8a:	2330      	movs	r3, #48	@ 0x30
10002b8c:	e007      	b.n	10002b9e <_ftoa+0xaa>
10002b8e:	2117      	movs	r1, #23
10002b90:	aa06      	add	r2, sp, #24
10002b92:	3401      	adds	r4, #1
10002b94:	1852      	adds	r2, r2, r1
10002b96:	5513      	strb	r3, [r2, r4]
10002b98:	3e01      	subs	r6, #1
10002b9a:	2c20      	cmp	r4, #32
10002b9c:	d001      	beq.n	10002ba2 <_ftoa+0xae>
10002b9e:	2e09      	cmp	r6, #9
10002ba0:	d8f5      	bhi.n	10002b8e <_ftoa+0x9a>
10002ba2:	981e      	ldr	r0, [sp, #120]	@ 0x78
10002ba4:	991f      	ldr	r1, [sp, #124]	@ 0x7c
10002ba6:	f7ff faaf 	bl	10002108 <__wrap___aeabi_d2iz>
10002baa:	4ba8      	ldr	r3, [pc, #672]	@ (10002e4c <_ftoa+0x358>)
10002bac:	00f2      	lsls	r2, r6, #3
10002bae:	189b      	adds	r3, r3, r2
10002bb0:	681a      	ldr	r2, [r3, #0]
10002bb2:	685b      	ldr	r3, [r3, #4]
10002bb4:	0005      	movs	r5, r0
10002bb6:	9208      	str	r2, [sp, #32]
10002bb8:	9309      	str	r3, [sp, #36]	@ 0x24
10002bba:	f7ff fa8d 	bl	100020d8 <__wrap___aeabi_i2d>
10002bbe:	0002      	movs	r2, r0
10002bc0:	000b      	movs	r3, r1
10002bc2:	981e      	ldr	r0, [sp, #120]	@ 0x78
10002bc4:	991f      	ldr	r1, [sp, #124]	@ 0x7c
10002bc6:	f7ff f9e8 	bl	10001f9a <__wrap___aeabi_dsub>
10002bca:	9a08      	ldr	r2, [sp, #32]
10002bcc:	9b09      	ldr	r3, [sp, #36]	@ 0x24
10002bce:	f7ff fa14 	bl	10001ffa <__wrap___aeabi_dmul>
10002bd2:	9006      	str	r0, [sp, #24]
10002bd4:	9107      	str	r1, [sp, #28]
10002bd6:	f7ff fabb 	bl	10002150 <__wrap___aeabi_d2uiz>
10002bda:	4681      	mov	r9, r0
10002bdc:	f7ff fa78 	bl	100020d0 <__wrap___aeabi_ui2d>
10002be0:	0002      	movs	r2, r0
10002be2:	000b      	movs	r3, r1
10002be4:	9806      	ldr	r0, [sp, #24]
10002be6:	9907      	ldr	r1, [sp, #28]
10002be8:	f7ff f9d7 	bl	10001f9a <__wrap___aeabi_dsub>
10002bec:	2200      	movs	r2, #0
10002bee:	4b98      	ldr	r3, [pc, #608]	@ (10002e50 <_ftoa+0x35c>)
10002bf0:	9006      	str	r0, [sp, #24]
10002bf2:	9107      	str	r1, [sp, #28]
10002bf4:	f7ff fa5a 	bl	100020ac <__wrap___aeabi_dcmpgt>
10002bf8:	2800      	cmp	r0, #0
10002bfa:	d100      	bne.n	10002bfe <_ftoa+0x10a>
10002bfc:	e10d      	b.n	10002e1a <_ftoa+0x326>
10002bfe:	2301      	movs	r3, #1
10002c00:	469c      	mov	ip, r3
10002c02:	44e1      	add	r9, ip
10002c04:	4648      	mov	r0, r9
10002c06:	f7ff fa63 	bl	100020d0 <__wrap___aeabi_ui2d>
10002c0a:	0002      	movs	r2, r0
10002c0c:	000b      	movs	r3, r1
10002c0e:	9808      	ldr	r0, [sp, #32]
10002c10:	9909      	ldr	r1, [sp, #36]	@ 0x24
10002c12:	f7ff fa3b 	bl	1000208c <__wrap___aeabi_dcmple>
10002c16:	2800      	cmp	r0, #0
10002c18:	d002      	beq.n	10002c20 <_ftoa+0x12c>
10002c1a:	2300      	movs	r3, #0
10002c1c:	4699      	mov	r9, r3
10002c1e:	3501      	adds	r5, #1
10002c20:	2e00      	cmp	r6, #0
10002c22:	d100      	bne.n	10002c26 <_ftoa+0x132>
10002c24:	e0d9      	b.n	10002dda <_ftoa+0x2e6>
10002c26:	9506      	str	r5, [sp, #24]
10002c28:	464d      	mov	r5, r9
10002c2a:	46b9      	mov	r9, r7
10002c2c:	e014      	b.n	10002c58 <_ftoa+0x164>
10002c2e:	aa06      	add	r2, sp, #24
10002c30:	4694      	mov	ip, r2
10002c32:	2317      	movs	r3, #23
10002c34:	210a      	movs	r1, #10
10002c36:	4463      	add	r3, ip
10002c38:	0028      	movs	r0, r5
10002c3a:	3401      	adds	r4, #1
10002c3c:	191f      	adds	r7, r3, r4
10002c3e:	f7fe ff71 	bl	10001b24 <__wrap___aeabi_uidiv>
10002c42:	3130      	adds	r1, #48	@ 0x30
10002c44:	7039      	strb	r1, [r7, #0]
10002c46:	0028      	movs	r0, r5
10002c48:	210a      	movs	r1, #10
10002c4a:	3e01      	subs	r6, #1
10002c4c:	f7fe ff6a 	bl	10001b24 <__wrap___aeabi_uidiv>
10002c50:	2d09      	cmp	r5, #9
10002c52:	d800      	bhi.n	10002c56 <_ftoa+0x162>
10002c54:	e117      	b.n	10002e86 <_ftoa+0x392>
10002c56:	0005      	movs	r5, r0
10002c58:	2c20      	cmp	r4, #32
10002c5a:	d1e8      	bne.n	10002c2e <_ftoa+0x13a>
10002c5c:	464f      	mov	r7, r9
10002c5e:	9d06      	ldr	r5, [sp, #24]
10002c60:	2420      	movs	r4, #32
10002c62:	ae0c      	add	r6, sp, #48	@ 0x30
10002c64:	aa06      	add	r2, sp, #24
10002c66:	2317      	movs	r3, #23
10002c68:	4694      	mov	ip, r2
10002c6a:	4463      	add	r3, ip
10002c6c:	4699      	mov	r9, r3
10002c6e:	465b      	mov	r3, fp
10002c70:	46b3      	mov	fp, r6
10002c72:	9306      	str	r3, [sp, #24]
10002c74:	e00f      	b.n	10002c96 <_ftoa+0x1a2>
10002c76:	464b      	mov	r3, r9
10002c78:	0028      	movs	r0, r5
10002c7a:	210a      	movs	r1, #10
10002c7c:	3401      	adds	r4, #1
10002c7e:	18e6      	adds	r6, r4, r3
10002c80:	f7fe ff28 	bl	10001ad4 <__wrap___aeabi_idiv>
10002c84:	3130      	adds	r1, #48	@ 0x30
10002c86:	0028      	movs	r0, r5
10002c88:	7031      	strb	r1, [r6, #0]
10002c8a:	210a      	movs	r1, #10
10002c8c:	f7fe ff22 	bl	10001ad4 <__wrap___aeabi_idiv>
10002c90:	1e05      	subs	r5, r0, #0
10002c92:	d100      	bne.n	10002c96 <_ftoa+0x1a2>
10002c94:	e0e4      	b.n	10002e60 <_ftoa+0x36c>
10002c96:	2c20      	cmp	r4, #32
10002c98:	d1ed      	bne.n	10002c76 <_ftoa+0x182>
10002c9a:	9b06      	ldr	r3, [sp, #24]
10002c9c:	465e      	mov	r6, fp
10002c9e:	469b      	mov	fp, r3
10002ca0:	2303      	movs	r3, #3
10002ca2:	9a22      	ldr	r2, [sp, #136]	@ 0x88
10002ca4:	4013      	ands	r3, r2
10002ca6:	2b01      	cmp	r3, #1
10002ca8:	d118      	bne.n	10002cdc <_ftoa+0x1e8>
10002caa:	9b21      	ldr	r3, [sp, #132]	@ 0x84
10002cac:	2b00      	cmp	r3, #0
10002cae:	d015      	beq.n	10002cdc <_ftoa+0x1e8>
10002cb0:	9b0b      	ldr	r3, [sp, #44]	@ 0x2c
10002cb2:	2b00      	cmp	r3, #0
10002cb4:	d100      	bne.n	10002cb8 <_ftoa+0x1c4>
10002cb6:	e0fd      	b.n	10002eb4 <_ftoa+0x3c0>
10002cb8:	9b21      	ldr	r3, [sp, #132]	@ 0x84
10002cba:	3b01      	subs	r3, #1
10002cbc:	9321      	str	r3, [sp, #132]	@ 0x84
10002cbe:	2b20      	cmp	r3, #32
10002cc0:	d90c      	bls.n	10002cdc <_ftoa+0x1e8>
10002cc2:	2330      	movs	r3, #48	@ 0x30
10002cc4:	9a21      	ldr	r2, [sp, #132]	@ 0x84
10002cc6:	e007      	b.n	10002cd8 <_ftoa+0x1e4>
10002cc8:	2017      	movs	r0, #23
10002cca:	a906      	add	r1, sp, #24
10002ccc:	3401      	adds	r4, #1
10002cce:	1809      	adds	r1, r1, r0
10002cd0:	550b      	strb	r3, [r1, r4]
10002cd2:	4294      	cmp	r4, r2
10002cd4:	d300      	bcc.n	10002cd8 <_ftoa+0x1e4>
10002cd6:	e0cc      	b.n	10002e72 <_ftoa+0x37e>
10002cd8:	2c20      	cmp	r4, #32
10002cda:	d1f5      	bne.n	10002cc8 <_ftoa+0x1d4>
10002cdc:	9b22      	ldr	r3, [sp, #136]	@ 0x88
10002cde:	9401      	str	r4, [sp, #4]
10002ce0:	9303      	str	r3, [sp, #12]
10002ce2:	9b21      	ldr	r3, [sp, #132]	@ 0x84
10002ce4:	9600      	str	r6, [sp, #0]
10002ce6:	9302      	str	r3, [sp, #8]
10002ce8:	e022      	b.n	10002d30 <_ftoa+0x23c>
10002cea:	9b22      	ldr	r3, [sp, #136]	@ 0x88
10002cec:	4652      	mov	r2, sl
10002cee:	9304      	str	r3, [sp, #16]
10002cf0:	9b21      	ldr	r3, [sp, #132]	@ 0x84
10002cf2:	0039      	movs	r1, r7
10002cf4:	9303      	str	r3, [sp, #12]
10002cf6:	4658      	mov	r0, fp
10002cf8:	9b1e      	ldr	r3, [sp, #120]	@ 0x78
10002cfa:	9c1f      	ldr	r4, [sp, #124]	@ 0x7c
10002cfc:	9602      	str	r6, [sp, #8]
10002cfe:	9300      	str	r3, [sp, #0]
10002d00:	9401      	str	r4, [sp, #4]
10002d02:	4643      	mov	r3, r8
10002d04:	f000 f94a 	bl	10002f9c <_etoa>
10002d08:	0004      	movs	r4, r0
10002d0a:	0020      	movs	r0, r4
10002d0c:	b015      	add	sp, #84	@ 0x54
10002d0e:	bcf0      	pop	{r4, r5, r6, r7}
10002d10:	46bb      	mov	fp, r7
10002d12:	46b2      	mov	sl, r6
10002d14:	46a9      	mov	r9, r5
10002d16:	46a0      	mov	r8, r4
10002d18:	bdf0      	pop	{r4, r5, r6, r7, pc}
10002d1a:	9b22      	ldr	r3, [sp, #136]	@ 0x88
10002d1c:	075b      	lsls	r3, r3, #29
10002d1e:	d40f      	bmi.n	10002d40 <_ftoa+0x24c>
10002d20:	2203      	movs	r2, #3
10002d22:	4b4c      	ldr	r3, [pc, #304]	@ (10002e54 <_ftoa+0x360>)
10002d24:	9922      	ldr	r1, [sp, #136]	@ 0x88
10002d26:	9201      	str	r2, [sp, #4]
10002d28:	9103      	str	r1, [sp, #12]
10002d2a:	9921      	ldr	r1, [sp, #132]	@ 0x84
10002d2c:	9300      	str	r3, [sp, #0]
10002d2e:	9102      	str	r1, [sp, #8]
10002d30:	4643      	mov	r3, r8
10002d32:	4652      	mov	r2, sl
10002d34:	0039      	movs	r1, r7
10002d36:	4658      	mov	r0, fp
10002d38:	f7ff fd90 	bl	1000285c <_out_rev>
10002d3c:	0004      	movs	r4, r0
10002d3e:	e7e4      	b.n	10002d0a <_ftoa+0x216>
10002d40:	2204      	movs	r2, #4
10002d42:	4b45      	ldr	r3, [pc, #276]	@ (10002e58 <_ftoa+0x364>)
10002d44:	e7ee      	b.n	10002d24 <_ftoa+0x230>
10002d46:	9a1e      	ldr	r2, [sp, #120]	@ 0x78
10002d48:	9b1f      	ldr	r3, [sp, #124]	@ 0x7c
10002d4a:	2000      	movs	r0, #0
10002d4c:	2100      	movs	r1, #0
10002d4e:	f7ff f924 	bl	10001f9a <__wrap___aeabi_dsub>
10002d52:	2301      	movs	r3, #1
10002d54:	901e      	str	r0, [sp, #120]	@ 0x78
10002d56:	911f      	str	r1, [sp, #124]	@ 0x7c
10002d58:	930b      	str	r3, [sp, #44]	@ 0x2c
10002d5a:	e711      	b.n	10002b80 <_ftoa+0x8c>
10002d5c:	9b22      	ldr	r3, [sp, #136]	@ 0x88
10002d5e:	4654      	mov	r4, sl
10002d60:	079b      	lsls	r3, r3, #30
10002d62:	d111      	bne.n	10002d88 <_ftoa+0x294>
10002d64:	9b21      	ldr	r3, [sp, #132]	@ 0x84
10002d66:	2b04      	cmp	r3, #4
10002d68:	d90e      	bls.n	10002d88 <_ftoa+0x294>
10002d6a:	9b21      	ldr	r3, [sp, #132]	@ 0x84
10002d6c:	4655      	mov	r5, sl
10002d6e:	469c      	mov	ip, r3
10002d70:	465e      	mov	r6, fp
10002d72:	3c04      	subs	r4, #4
10002d74:	4464      	add	r4, ip
10002d76:	002a      	movs	r2, r5
10002d78:	4643      	mov	r3, r8
10002d7a:	3501      	adds	r5, #1
10002d7c:	0039      	movs	r1, r7
10002d7e:	2020      	movs	r0, #32
10002d80:	47b0      	blx	r6
10002d82:	42a5      	cmp	r5, r4
10002d84:	d1f7      	bne.n	10002d76 <_ftoa+0x282>
10002d86:	46b3      	mov	fp, r6
10002d88:	4d34      	ldr	r5, [pc, #208]	@ (10002e5c <_ftoa+0x368>)
10002d8a:	0026      	movs	r6, r4
10002d8c:	1f2b      	subs	r3, r5, #4
10002d8e:	4699      	mov	r9, r3
10002d90:	465b      	mov	r3, fp
10002d92:	46a3      	mov	fp, r4
10002d94:	001c      	movs	r4, r3
10002d96:	0032      	movs	r2, r6
10002d98:	78e8      	ldrb	r0, [r5, #3]
10002d9a:	4643      	mov	r3, r8
10002d9c:	0039      	movs	r1, r7
10002d9e:	3d01      	subs	r5, #1
10002da0:	47a0      	blx	r4
10002da2:	3601      	adds	r6, #1
10002da4:	454d      	cmp	r5, r9
10002da6:	d1f6      	bne.n	10002d96 <_ftoa+0x2a2>
10002da8:	0023      	movs	r3, r4
10002daa:	465c      	mov	r4, fp
10002dac:	469b      	mov	fp, r3
10002dae:	9b22      	ldr	r3, [sp, #136]	@ 0x88
10002db0:	3404      	adds	r4, #4
10002db2:	079b      	lsls	r3, r3, #30
10002db4:	d5a9      	bpl.n	10002d0a <_ftoa+0x216>
10002db6:	4653      	mov	r3, sl
10002db8:	9a21      	ldr	r2, [sp, #132]	@ 0x84
10002dba:	1ae3      	subs	r3, r4, r3
10002dbc:	429a      	cmp	r2, r3
10002dbe:	d9a4      	bls.n	10002d0a <_ftoa+0x216>
10002dc0:	465e      	mov	r6, fp
10002dc2:	0015      	movs	r5, r2
10002dc4:	0022      	movs	r2, r4
10002dc6:	4643      	mov	r3, r8
10002dc8:	0039      	movs	r1, r7
10002dca:	2020      	movs	r0, #32
10002dcc:	47b0      	blx	r6
10002dce:	4653      	mov	r3, sl
10002dd0:	3401      	adds	r4, #1
10002dd2:	1ae3      	subs	r3, r4, r3
10002dd4:	429d      	cmp	r5, r3
10002dd6:	d8f5      	bhi.n	10002dc4 <_ftoa+0x2d0>
10002dd8:	e797      	b.n	10002d0a <_ftoa+0x216>
10002dda:	0028      	movs	r0, r5
10002ddc:	f7ff f97c 	bl	100020d8 <__wrap___aeabi_i2d>
10002de0:	0002      	movs	r2, r0
10002de2:	000b      	movs	r3, r1
10002de4:	981e      	ldr	r0, [sp, #120]	@ 0x78
10002de6:	991f      	ldr	r1, [sp, #124]	@ 0x7c
10002de8:	f7ff f8d7 	bl	10001f9a <__wrap___aeabi_dsub>
10002dec:	2200      	movs	r2, #0
10002dee:	4b18      	ldr	r3, [pc, #96]	@ (10002e50 <_ftoa+0x35c>)
10002df0:	9006      	str	r0, [sp, #24]
10002df2:	9107      	str	r1, [sp, #28]
10002df4:	f7ff f944 	bl	10002080 <__wrap___aeabi_dcmplt>
10002df8:	ae0c      	add	r6, sp, #48	@ 0x30
10002dfa:	2800      	cmp	r0, #0
10002dfc:	d000      	beq.n	10002e00 <_ftoa+0x30c>
10002dfe:	e731      	b.n	10002c64 <_ftoa+0x170>
10002e00:	9806      	ldr	r0, [sp, #24]
10002e02:	9907      	ldr	r1, [sp, #28]
10002e04:	2200      	movs	r2, #0
10002e06:	4b12      	ldr	r3, [pc, #72]	@ (10002e50 <_ftoa+0x35c>)
10002e08:	f7ff f950 	bl	100020ac <__wrap___aeabi_dcmpgt>
10002e0c:	2800      	cmp	r0, #0
10002e0e:	d000      	beq.n	10002e12 <_ftoa+0x31e>
10002e10:	e728      	b.n	10002c64 <_ftoa+0x170>
10002e12:	2301      	movs	r3, #1
10002e14:	3501      	adds	r5, #1
10002e16:	439d      	bics	r5, r3
10002e18:	e724      	b.n	10002c64 <_ftoa+0x170>
10002e1a:	2200      	movs	r2, #0
10002e1c:	9806      	ldr	r0, [sp, #24]
10002e1e:	9907      	ldr	r1, [sp, #28]
10002e20:	4b0b      	ldr	r3, [pc, #44]	@ (10002e50 <_ftoa+0x35c>)
10002e22:	f7ff f92d 	bl	10002080 <__wrap___aeabi_dcmplt>
10002e26:	2800      	cmp	r0, #0
10002e28:	d000      	beq.n	10002e2c <_ftoa+0x338>
10002e2a:	e6f9      	b.n	10002c20 <_ftoa+0x12c>
10002e2c:	464b      	mov	r3, r9
10002e2e:	2b00      	cmp	r3, #0
10002e30:	d15c      	bne.n	10002eec <_ftoa+0x3f8>
10002e32:	2301      	movs	r3, #1
10002e34:	469c      	mov	ip, r3
10002e36:	44e1      	add	r9, ip
10002e38:	e6f2      	b.n	10002c20 <_ftoa+0x12c>
10002e3a:	46c0      	nop			@ (mov r8, r8)
10002e3c:	ffefffff 	.word	0xffefffff
10002e40:	7fefffff 	.word	0x7fefffff
10002e44:	41cdcd65 	.word	0x41cdcd65
10002e48:	c1cdcd65 	.word	0xc1cdcd65
10002e4c:	100074e0 	.word	0x100074e0
10002e50:	3fe00000 	.word	0x3fe00000
10002e54:	10007240 	.word	0x10007240
10002e58:	10007238 	.word	0x10007238
10002e5c:	10007248 	.word	0x10007248
10002e60:	9b06      	ldr	r3, [sp, #24]
10002e62:	465e      	mov	r6, fp
10002e64:	469b      	mov	fp, r3
10002e66:	2303      	movs	r3, #3
10002e68:	9a22      	ldr	r2, [sp, #136]	@ 0x88
10002e6a:	4013      	ands	r3, r2
10002e6c:	2b01      	cmp	r3, #1
10002e6e:	d100      	bne.n	10002e72 <_ftoa+0x37e>
10002e70:	e081      	b.n	10002f76 <_ftoa+0x482>
10002e72:	2c20      	cmp	r4, #32
10002e74:	d100      	bne.n	10002e78 <_ftoa+0x384>
10002e76:	e731      	b.n	10002cdc <_ftoa+0x1e8>
10002e78:	9b0b      	ldr	r3, [sp, #44]	@ 0x2c
10002e7a:	2b00      	cmp	r3, #0
10002e7c:	d027      	beq.n	10002ece <_ftoa+0x3da>
10002e7e:	232d      	movs	r3, #45	@ 0x2d
10002e80:	5533      	strb	r3, [r6, r4]
10002e82:	3401      	adds	r4, #1
10002e84:	e72a      	b.n	10002cdc <_ftoa+0x1e8>
10002e86:	464f      	mov	r7, r9
10002e88:	9d06      	ldr	r5, [sp, #24]
10002e8a:	2c20      	cmp	r4, #32
10002e8c:	d100      	bne.n	10002e90 <_ftoa+0x39c>
10002e8e:	e6e7      	b.n	10002c60 <_ftoa+0x16c>
10002e90:	2230      	movs	r2, #48	@ 0x30
10002e92:	1933      	adds	r3, r6, r4
10002e94:	e007      	b.n	10002ea6 <_ftoa+0x3b2>
10002e96:	2017      	movs	r0, #23
10002e98:	a906      	add	r1, sp, #24
10002e9a:	3401      	adds	r4, #1
10002e9c:	1809      	adds	r1, r1, r0
10002e9e:	550a      	strb	r2, [r1, r4]
10002ea0:	2c20      	cmp	r4, #32
10002ea2:	d100      	bne.n	10002ea6 <_ftoa+0x3b2>
10002ea4:	e6dc      	b.n	10002c60 <_ftoa+0x16c>
10002ea6:	42a3      	cmp	r3, r4
10002ea8:	d1f5      	bne.n	10002e96 <_ftoa+0x3a2>
10002eaa:	222e      	movs	r2, #46	@ 0x2e
10002eac:	ae0c      	add	r6, sp, #48	@ 0x30
10002eae:	3401      	adds	r4, #1
10002eb0:	54f2      	strb	r2, [r6, r3]
10002eb2:	e6d7      	b.n	10002c64 <_ftoa+0x170>
10002eb4:	230c      	movs	r3, #12
10002eb6:	9a22      	ldr	r2, [sp, #136]	@ 0x88
10002eb8:	4213      	tst	r3, r2
10002eba:	d057      	beq.n	10002f6c <_ftoa+0x478>
10002ebc:	9b21      	ldr	r3, [sp, #132]	@ 0x84
10002ebe:	3b01      	subs	r3, #1
10002ec0:	9321      	str	r3, [sp, #132]	@ 0x84
10002ec2:	42a3      	cmp	r3, r4
10002ec4:	d900      	bls.n	10002ec8 <_ftoa+0x3d4>
10002ec6:	e6fc      	b.n	10002cc2 <_ftoa+0x1ce>
10002ec8:	2c20      	cmp	r4, #32
10002eca:	d100      	bne.n	10002ece <_ftoa+0x3da>
10002ecc:	e706      	b.n	10002cdc <_ftoa+0x1e8>
10002ece:	9b22      	ldr	r3, [sp, #136]	@ 0x88
10002ed0:	075b      	lsls	r3, r3, #29
10002ed2:	d503      	bpl.n	10002edc <_ftoa+0x3e8>
10002ed4:	232b      	movs	r3, #43	@ 0x2b
10002ed6:	5533      	strb	r3, [r6, r4]
10002ed8:	3401      	adds	r4, #1
10002eda:	e6ff      	b.n	10002cdc <_ftoa+0x1e8>
10002edc:	9b22      	ldr	r3, [sp, #136]	@ 0x88
10002ede:	071b      	lsls	r3, r3, #28
10002ee0:	d400      	bmi.n	10002ee4 <_ftoa+0x3f0>
10002ee2:	e6fb      	b.n	10002cdc <_ftoa+0x1e8>
10002ee4:	2320      	movs	r3, #32
10002ee6:	5533      	strb	r3, [r6, r4]
10002ee8:	3401      	adds	r4, #1
10002eea:	e6f7      	b.n	10002cdc <_ftoa+0x1e8>
10002eec:	07db      	lsls	r3, r3, #31
10002eee:	d400      	bmi.n	10002ef2 <_ftoa+0x3fe>
10002ef0:	e696      	b.n	10002c20 <_ftoa+0x12c>
10002ef2:	e79e      	b.n	10002e32 <_ftoa+0x33e>
10002ef4:	9b22      	ldr	r3, [sp, #136]	@ 0x88
10002ef6:	4655      	mov	r5, sl
10002ef8:	079b      	lsls	r3, r3, #30
10002efa:	d111      	bne.n	10002f20 <_ftoa+0x42c>
10002efc:	9b21      	ldr	r3, [sp, #132]	@ 0x84
10002efe:	2b03      	cmp	r3, #3
10002f00:	d90e      	bls.n	10002f20 <_ftoa+0x42c>
10002f02:	9b21      	ldr	r3, [sp, #132]	@ 0x84
10002f04:	4654      	mov	r4, sl
10002f06:	469c      	mov	ip, r3
10002f08:	465e      	mov	r6, fp
10002f0a:	3d03      	subs	r5, #3
10002f0c:	4465      	add	r5, ip
10002f0e:	0022      	movs	r2, r4
10002f10:	4643      	mov	r3, r8
10002f12:	3401      	adds	r4, #1
10002f14:	0039      	movs	r1, r7
10002f16:	2020      	movs	r0, #32
10002f18:	47b0      	blx	r6
10002f1a:	42ac      	cmp	r4, r5
10002f1c:	d1f7      	bne.n	10002f0e <_ftoa+0x41a>
10002f1e:	46b3      	mov	fp, r6
10002f20:	46b9      	mov	r9, r7
10002f22:	465f      	mov	r7, fp
10002f24:	4e1c      	ldr	r6, [pc, #112]	@ (10002f98 <_ftoa+0x4a4>)
10002f26:	1cec      	adds	r4, r5, #3
10002f28:	002a      	movs	r2, r5
10002f2a:	78b0      	ldrb	r0, [r6, #2]
10002f2c:	4643      	mov	r3, r8
10002f2e:	4649      	mov	r1, r9
10002f30:	3501      	adds	r5, #1
10002f32:	47b8      	blx	r7
10002f34:	3e01      	subs	r6, #1
10002f36:	42ac      	cmp	r4, r5
10002f38:	d1f6      	bne.n	10002f28 <_ftoa+0x434>
10002f3a:	9b22      	ldr	r3, [sp, #136]	@ 0x88
10002f3c:	46bb      	mov	fp, r7
10002f3e:	464f      	mov	r7, r9
10002f40:	079b      	lsls	r3, r3, #30
10002f42:	d400      	bmi.n	10002f46 <_ftoa+0x452>
10002f44:	e6e1      	b.n	10002d0a <_ftoa+0x216>
10002f46:	4653      	mov	r3, sl
10002f48:	9a21      	ldr	r2, [sp, #132]	@ 0x84
10002f4a:	1ae3      	subs	r3, r4, r3
10002f4c:	429a      	cmp	r2, r3
10002f4e:	d800      	bhi.n	10002f52 <_ftoa+0x45e>
10002f50:	e6db      	b.n	10002d0a <_ftoa+0x216>
10002f52:	465e      	mov	r6, fp
10002f54:	0015      	movs	r5, r2
10002f56:	0022      	movs	r2, r4
10002f58:	4643      	mov	r3, r8
10002f5a:	0039      	movs	r1, r7
10002f5c:	2020      	movs	r0, #32
10002f5e:	47b0      	blx	r6
10002f60:	4653      	mov	r3, sl
10002f62:	3401      	adds	r4, #1
10002f64:	1ae3      	subs	r3, r4, r3
10002f66:	42ab      	cmp	r3, r5
10002f68:	d3f5      	bcc.n	10002f56 <_ftoa+0x462>
10002f6a:	e6ce      	b.n	10002d0a <_ftoa+0x216>
10002f6c:	9b21      	ldr	r3, [sp, #132]	@ 0x84
10002f6e:	42a3      	cmp	r3, r4
10002f70:	d900      	bls.n	10002f74 <_ftoa+0x480>
10002f72:	e6a6      	b.n	10002cc2 <_ftoa+0x1ce>
10002f74:	e6b2      	b.n	10002cdc <_ftoa+0x1e8>
10002f76:	9b21      	ldr	r3, [sp, #132]	@ 0x84
10002f78:	2b00      	cmp	r3, #0
10002f7a:	d100      	bne.n	10002f7e <_ftoa+0x48a>
10002f7c:	e779      	b.n	10002e72 <_ftoa+0x37e>
10002f7e:	9b0b      	ldr	r3, [sp, #44]	@ 0x2c
10002f80:	2b00      	cmp	r3, #0
10002f82:	d097      	beq.n	10002eb4 <_ftoa+0x3c0>
10002f84:	9b21      	ldr	r3, [sp, #132]	@ 0x84
10002f86:	3b01      	subs	r3, #1
10002f88:	9321      	str	r3, [sp, #132]	@ 0x84
10002f8a:	429c      	cmp	r4, r3
10002f8c:	d200      	bcs.n	10002f90 <_ftoa+0x49c>
10002f8e:	e698      	b.n	10002cc2 <_ftoa+0x1ce>
10002f90:	2c20      	cmp	r4, #32
10002f92:	d000      	beq.n	10002f96 <_ftoa+0x4a2>
10002f94:	e773      	b.n	10002e7e <_ftoa+0x38a>
10002f96:	e6a1      	b.n	10002cdc <_ftoa+0x1e8>
10002f98:	10007244 	.word	0x10007244

10002f9c <_etoa>:
10002f9c:	b5f0      	push	{r4, r5, r6, r7, lr}
10002f9e:	46de      	mov	lr, fp
10002fa0:	4657      	mov	r7, sl
10002fa2:	464e      	mov	r6, r9
10002fa4:	4645      	mov	r5, r8
10002fa6:	b5e0      	push	{r5, r6, r7, lr}
10002fa8:	b099      	sub	sp, #100	@ 0x64
10002faa:	4681      	mov	r9, r0
10002fac:	468b      	mov	fp, r1
10002fae:	4692      	mov	sl, r2
10002fb0:	4698      	mov	r8, r3
10002fb2:	9a22      	ldr	r2, [sp, #136]	@ 0x88
10002fb4:	9b23      	ldr	r3, [sp, #140]	@ 0x8c
10002fb6:	0010      	movs	r0, r2
10002fb8:	0019      	movs	r1, r3
10002fba:	f7ff f87c 	bl	100020b6 <__wrap___aeabi_dcmpun>
10002fbe:	2800      	cmp	r0, #0
10002fc0:	d000      	beq.n	10002fc4 <_etoa+0x28>
10002fc2:	e0ca      	b.n	1000315a <_etoa+0x1be>
10002fc4:	9822      	ldr	r0, [sp, #136]	@ 0x88
10002fc6:	9923      	ldr	r1, [sp, #140]	@ 0x8c
10002fc8:	2201      	movs	r2, #1
10002fca:	4b82      	ldr	r3, [pc, #520]	@ (100031d4 <_etoa+0x238>)
10002fcc:	4252      	negs	r2, r2
10002fce:	f7ff f86d 	bl	100020ac <__wrap___aeabi_dcmpgt>
10002fd2:	2800      	cmp	r0, #0
10002fd4:	d000      	beq.n	10002fd8 <_etoa+0x3c>
10002fd6:	e0c0      	b.n	1000315a <_etoa+0x1be>
10002fd8:	9822      	ldr	r0, [sp, #136]	@ 0x88
10002fda:	9923      	ldr	r1, [sp, #140]	@ 0x8c
10002fdc:	2201      	movs	r2, #1
10002fde:	4b7e      	ldr	r3, [pc, #504]	@ (100031d8 <_etoa+0x23c>)
10002fe0:	4252      	negs	r2, r2
10002fe2:	f7ff f84d 	bl	10002080 <__wrap___aeabi_dcmplt>
10002fe6:	2800      	cmp	r0, #0
10002fe8:	d000      	beq.n	10002fec <_etoa+0x50>
10002fea:	e0b6      	b.n	1000315a <_etoa+0x1be>
10002fec:	9822      	ldr	r0, [sp, #136]	@ 0x88
10002fee:	9923      	ldr	r1, [sp, #140]	@ 0x8c
10002ff0:	2200      	movs	r2, #0
10002ff2:	2300      	movs	r3, #0
10002ff4:	f7ff f844 	bl	10002080 <__wrap___aeabi_dcmplt>
10002ff8:	2800      	cmp	r0, #0
10002ffa:	d000      	beq.n	10002ffe <_etoa+0x62>
10002ffc:	e1c9      	b.n	10003392 <_etoa+0x3f6>
10002ffe:	9b22      	ldr	r3, [sp, #136]	@ 0x88
10003000:	9c23      	ldr	r4, [sp, #140]	@ 0x8c
10003002:	9308      	str	r3, [sp, #32]
10003004:	9409      	str	r4, [sp, #36]	@ 0x24
10003006:	9808      	ldr	r0, [sp, #32]
10003008:	9909      	ldr	r1, [sp, #36]	@ 0x24
1000300a:	2380      	movs	r3, #128	@ 0x80
1000300c:	9a26      	ldr	r2, [sp, #152]	@ 0x98
1000300e:	00db      	lsls	r3, r3, #3
10003010:	401a      	ands	r2, r3
10003012:	920d      	str	r2, [sp, #52]	@ 0x34
10003014:	2280      	movs	r2, #128	@ 0x80
10003016:	9c26      	ldr	r4, [sp, #152]	@ 0x98
10003018:	0112      	lsls	r2, r2, #4
1000301a:	4014      	ands	r4, r2
1000301c:	0022      	movs	r2, r4
1000301e:	940b      	str	r4, [sp, #44]	@ 0x2c
10003020:	9c26      	ldr	r4, [sp, #152]	@ 0x98
10003022:	0007      	movs	r7, r0
10003024:	000e      	movs	r6, r1
10003026:	421c      	tst	r4, r3
10003028:	d000      	beq.n	1000302c <_etoa+0x90>
1000302a:	e0ad      	b.n	10003188 <_etoa+0x1ec>
1000302c:	000b      	movs	r3, r1
1000302e:	4303      	orrs	r3, r0
10003030:	d000      	beq.n	10003034 <_etoa+0x98>
10003032:	e0d5      	b.n	100031e0 <_etoa+0x244>
10003034:	2a00      	cmp	r2, #0
10003036:	d000      	beq.n	1000303a <_etoa+0x9e>
10003038:	e20a      	b.n	10003450 <_etoa+0x4b4>
1000303a:	0022      	movs	r2, r4
1000303c:	3306      	adds	r3, #6
1000303e:	9324      	str	r3, [sp, #144]	@ 0x90
10003040:	2302      	movs	r3, #2
10003042:	4013      	ands	r3, r2
10003044:	930c      	str	r3, [sp, #48]	@ 0x30
10003046:	2302      	movs	r3, #2
10003048:	4213      	tst	r3, r2
1000304a:	d000      	beq.n	1000304e <_etoa+0xb2>
1000304c:	e202      	b.n	10003454 <_etoa+0x4b8>
1000304e:	9b25      	ldr	r3, [sp, #148]	@ 0x94
10003050:	2b04      	cmp	r3, #4
10003052:	d200      	bcs.n	10003056 <_etoa+0xba>
10003054:	e20f      	b.n	10003476 <_etoa+0x4da>
10003056:	3b04      	subs	r3, #4
10003058:	930b      	str	r3, [sp, #44]	@ 0x2c
1000305a:	2300      	movs	r3, #0
1000305c:	2504      	movs	r5, #4
1000305e:	930a      	str	r3, [sp, #40]	@ 0x28
10003060:	2200      	movs	r2, #0
10003062:	9822      	ldr	r0, [sp, #136]	@ 0x88
10003064:	9923      	ldr	r1, [sp, #140]	@ 0x8c
10003066:	2300      	movs	r3, #0
10003068:	f7ff f80a 	bl	10002080 <__wrap___aeabi_dcmplt>
1000306c:	2800      	cmp	r0, #0
1000306e:	d000      	beq.n	10003072 <_etoa+0xd6>
10003070:	e203      	b.n	1000347a <_etoa+0x4de>
10003072:	4b5a      	ldr	r3, [pc, #360]	@ (100031dc <_etoa+0x240>)
10003074:	9a26      	ldr	r2, [sp, #152]	@ 0x98
10003076:	4013      	ands	r3, r2
10003078:	9304      	str	r3, [sp, #16]
1000307a:	9b0b      	ldr	r3, [sp, #44]	@ 0x2c
1000307c:	9303      	str	r3, [sp, #12]
1000307e:	9b24      	ldr	r3, [sp, #144]	@ 0x90
10003080:	9302      	str	r3, [sp, #8]
10003082:	9b08      	ldr	r3, [sp, #32]
10003084:	9c09      	ldr	r4, [sp, #36]	@ 0x24
10003086:	9300      	str	r3, [sp, #0]
10003088:	9401      	str	r4, [sp, #4]
1000308a:	4659      	mov	r1, fp
1000308c:	4643      	mov	r3, r8
1000308e:	4652      	mov	r2, sl
10003090:	4648      	mov	r0, r9
10003092:	f7ff fd2f 	bl	10002af4 <_ftoa>
10003096:	0002      	movs	r2, r0
10003098:	2020      	movs	r0, #32
1000309a:	9b26      	ldr	r3, [sp, #152]	@ 0x98
1000309c:	271f      	movs	r7, #31
1000309e:	4003      	ands	r3, r0
100030a0:	4259      	negs	r1, r3
100030a2:	414b      	adcs	r3, r1
100030a4:	425b      	negs	r3, r3
100030a6:	4018      	ands	r0, r3
100030a8:	1c53      	adds	r3, r2, #1
100030aa:	9308      	str	r3, [sp, #32]
100030ac:	4659      	mov	r1, fp
100030ae:	4643      	mov	r3, r8
100030b0:	3045      	adds	r0, #69	@ 0x45
100030b2:	47c8      	blx	r9
100030b4:	9a0a      	ldr	r2, [sp, #40]	@ 0x28
100030b6:	17d3      	asrs	r3, r2, #31
100030b8:	18d4      	adds	r4, r2, r3
100030ba:	405c      	eors	r4, r3
100030bc:	0fd3      	lsrs	r3, r2, #31
100030be:	930a      	str	r3, [sp, #40]	@ 0x28
100030c0:	1e6b      	subs	r3, r5, #1
100030c2:	930b      	str	r3, [sp, #44]	@ 0x2c
100030c4:	ab08      	add	r3, sp, #32
100030c6:	469c      	mov	ip, r3
100030c8:	2500      	movs	r5, #0
100030ca:	4467      	add	r7, ip
100030cc:	e001      	b.n	100030d2 <_etoa+0x136>
100030ce:	2d20      	cmp	r5, #32
100030d0:	d00f      	beq.n	100030f2 <_etoa+0x156>
100030d2:	0020      	movs	r0, r4
100030d4:	210a      	movs	r1, #10
100030d6:	f7fe fd25 	bl	10001b24 <__wrap___aeabi_uidiv>
100030da:	3501      	adds	r5, #1
100030dc:	197e      	adds	r6, r7, r5
100030de:	3130      	adds	r1, #48	@ 0x30
100030e0:	7031      	strb	r1, [r6, #0]
100030e2:	0020      	movs	r0, r4
100030e4:	210a      	movs	r1, #10
100030e6:	f7fe fd1d 	bl	10001b24 <__wrap___aeabi_uidiv>
100030ea:	0026      	movs	r6, r4
100030ec:	0004      	movs	r4, r0
100030ee:	2e09      	cmp	r6, #9
100030f0:	d8ed      	bhi.n	100030ce <_etoa+0x132>
100030f2:	2305      	movs	r3, #5
100030f4:	9306      	str	r3, [sp, #24]
100030f6:	9b0b      	ldr	r3, [sp, #44]	@ 0x2c
100030f8:	4659      	mov	r1, fp
100030fa:	9305      	str	r3, [sp, #20]
100030fc:	2300      	movs	r3, #0
100030fe:	9304      	str	r3, [sp, #16]
10003100:	330a      	adds	r3, #10
10003102:	9303      	str	r3, [sp, #12]
10003104:	9b0a      	ldr	r3, [sp, #40]	@ 0x28
10003106:	4648      	mov	r0, r9
10003108:	9302      	str	r3, [sp, #8]
1000310a:	ab10      	add	r3, sp, #64	@ 0x40
1000310c:	9300      	str	r3, [sp, #0]
1000310e:	9a08      	ldr	r2, [sp, #32]
10003110:	4643      	mov	r3, r8
10003112:	9501      	str	r5, [sp, #4]
10003114:	f7ff fbf8 	bl	10002908 <_ntoa_format>
10003118:	9b0c      	ldr	r3, [sp, #48]	@ 0x30
1000311a:	2b00      	cmp	r3, #0
1000311c:	d02d      	beq.n	1000317a <_etoa+0x1de>
1000311e:	4653      	mov	r3, sl
10003120:	1ac4      	subs	r4, r0, r3
10003122:	9b25      	ldr	r3, [sp, #148]	@ 0x94
10003124:	42a3      	cmp	r3, r4
10003126:	d928      	bls.n	1000317a <_etoa+0x1de>
10003128:	464d      	mov	r5, r9
1000312a:	465f      	mov	r7, fp
1000312c:	4681      	mov	r9, r0
1000312e:	001e      	movs	r6, r3
10003130:	4653      	mov	r3, sl
10003132:	0039      	movs	r1, r7
10003134:	191a      	adds	r2, r3, r4
10003136:	2020      	movs	r0, #32
10003138:	4643      	mov	r3, r8
1000313a:	3401      	adds	r4, #1
1000313c:	47a8      	blx	r5
1000313e:	42a6      	cmp	r6, r4
10003140:	d8f6      	bhi.n	10003130 <_etoa+0x194>
10003142:	4653      	mov	r3, sl
10003144:	4648      	mov	r0, r9
10003146:	9925      	ldr	r1, [sp, #148]	@ 0x94
10003148:	1ac2      	subs	r2, r0, r3
1000314a:	3201      	adds	r2, #1
1000314c:	2300      	movs	r3, #0
1000314e:	4291      	cmp	r1, r2
10003150:	d300      	bcc.n	10003154 <_etoa+0x1b8>
10003152:	e186      	b.n	10003462 <_etoa+0x4c6>
10003154:	3001      	adds	r0, #1
10003156:	1818      	adds	r0, r3, r0
10003158:	e00f      	b.n	1000317a <_etoa+0x1de>
1000315a:	9b26      	ldr	r3, [sp, #152]	@ 0x98
1000315c:	9304      	str	r3, [sp, #16]
1000315e:	9b25      	ldr	r3, [sp, #148]	@ 0x94
10003160:	9303      	str	r3, [sp, #12]
10003162:	9b24      	ldr	r3, [sp, #144]	@ 0x90
10003164:	9302      	str	r3, [sp, #8]
10003166:	9b22      	ldr	r3, [sp, #136]	@ 0x88
10003168:	9c23      	ldr	r4, [sp, #140]	@ 0x8c
1000316a:	9300      	str	r3, [sp, #0]
1000316c:	9401      	str	r4, [sp, #4]
1000316e:	4643      	mov	r3, r8
10003170:	4652      	mov	r2, sl
10003172:	4659      	mov	r1, fp
10003174:	4648      	mov	r0, r9
10003176:	f7ff fcbd 	bl	10002af4 <_ftoa>
1000317a:	b019      	add	sp, #100	@ 0x64
1000317c:	bcf0      	pop	{r4, r5, r6, r7}
1000317e:	46bb      	mov	fp, r7
10003180:	46b2      	mov	sl, r6
10003182:	46a9      	mov	r9, r5
10003184:	46a0      	mov	r8, r4
10003186:	bdf0      	pop	{r4, r5, r6, r7, pc}
10003188:	4301      	orrs	r1, r0
1000318a:	d12b      	bne.n	100031e4 <_etoa+0x248>
1000318c:	9b0b      	ldr	r3, [sp, #44]	@ 0x2c
1000318e:	0022      	movs	r2, r4
10003190:	2b00      	cmp	r3, #0
10003192:	d100      	bne.n	10003196 <_etoa+0x1fa>
10003194:	e754      	b.n	10003040 <_etoa+0xa4>
10003196:	2300      	movs	r3, #0
10003198:	930a      	str	r3, [sp, #40]	@ 0x28
1000319a:	9b24      	ldr	r3, [sp, #144]	@ 0x90
1000319c:	9a0a      	ldr	r2, [sp, #40]	@ 0x28
1000319e:	2400      	movs	r4, #0
100031a0:	4293      	cmp	r3, r2
100031a2:	dd00      	ble.n	100031a6 <_etoa+0x20a>
100031a4:	e185      	b.n	100034b2 <_etoa+0x516>
100031a6:	9822      	ldr	r0, [sp, #136]	@ 0x88
100031a8:	9923      	ldr	r1, [sp, #140]	@ 0x8c
100031aa:	2200      	movs	r2, #0
100031ac:	2300      	movs	r3, #0
100031ae:	f7fe ff67 	bl	10002080 <__wrap___aeabi_dcmplt>
100031b2:	2800      	cmp	r0, #0
100031b4:	d000      	beq.n	100031b8 <_etoa+0x21c>
100031b6:	e135      	b.n	10003424 <_etoa+0x488>
100031b8:	9b26      	ldr	r3, [sp, #152]	@ 0x98
100031ba:	4a08      	ldr	r2, [pc, #32]	@ (100031dc <_etoa+0x240>)
100031bc:	9402      	str	r4, [sp, #8]
100031be:	401a      	ands	r2, r3
100031c0:	2380      	movs	r3, #128	@ 0x80
100031c2:	00db      	lsls	r3, r3, #3
100031c4:	4313      	orrs	r3, r2
100031c6:	9304      	str	r3, [sp, #16]
100031c8:	9b25      	ldr	r3, [sp, #148]	@ 0x94
100031ca:	9303      	str	r3, [sp, #12]
100031cc:	9b08      	ldr	r3, [sp, #32]
100031ce:	9c09      	ldr	r4, [sp, #36]	@ 0x24
100031d0:	e7cb      	b.n	1000316a <_etoa+0x1ce>
100031d2:	46c0      	nop			@ (mov r8, r8)
100031d4:	7fefffff 	.word	0x7fefffff
100031d8:	ffefffff 	.word	0xffefffff
100031dc:	fffff7ff 	.word	0xfffff7ff
100031e0:	2306      	movs	r3, #6
100031e2:	9324      	str	r3, [sp, #144]	@ 0x90
100031e4:	4bb4      	ldr	r3, [pc, #720]	@ (100034b8 <_etoa+0x51c>)
100031e6:	0070      	lsls	r0, r6, #1
100031e8:	469c      	mov	ip, r3
100031ea:	0d40      	lsrs	r0, r0, #21
100031ec:	4460      	add	r0, ip
100031ee:	f7fe ff73 	bl	100020d8 <__wrap___aeabi_i2d>
100031f2:	4ab2      	ldr	r2, [pc, #712]	@ (100034bc <_etoa+0x520>)
100031f4:	4bb2      	ldr	r3, [pc, #712]	@ (100034c0 <_etoa+0x524>)
100031f6:	f7fe ff00 	bl	10001ffa <__wrap___aeabi_dmul>
100031fa:	4ab2      	ldr	r2, [pc, #712]	@ (100034c4 <_etoa+0x528>)
100031fc:	4bb2      	ldr	r3, [pc, #712]	@ (100034c8 <_etoa+0x52c>)
100031fe:	f7fe fed5 	bl	10001fac <__wrap___aeabi_dadd>
10003202:	0336      	lsls	r6, r6, #12
10003204:	4bb1      	ldr	r3, [pc, #708]	@ (100034cc <_etoa+0x530>)
10003206:	0b36      	lsrs	r6, r6, #12
10003208:	4333      	orrs	r3, r6
1000320a:	0004      	movs	r4, r0
1000320c:	000d      	movs	r5, r1
1000320e:	0038      	movs	r0, r7
10003210:	0019      	movs	r1, r3
10003212:	2200      	movs	r2, #0
10003214:	4bae      	ldr	r3, [pc, #696]	@ (100034d0 <_etoa+0x534>)
10003216:	f7fe fec0 	bl	10001f9a <__wrap___aeabi_dsub>
1000321a:	4aae      	ldr	r2, [pc, #696]	@ (100034d4 <_etoa+0x538>)
1000321c:	4bae      	ldr	r3, [pc, #696]	@ (100034d8 <_etoa+0x53c>)
1000321e:	f7fe feec 	bl	10001ffa <__wrap___aeabi_dmul>
10003222:	0002      	movs	r2, r0
10003224:	000b      	movs	r3, r1
10003226:	0020      	movs	r0, r4
10003228:	0029      	movs	r1, r5
1000322a:	f7fe febf 	bl	10001fac <__wrap___aeabi_dadd>
1000322e:	f7fe ff6b 	bl	10002108 <__wrap___aeabi_d2iz>
10003232:	900a      	str	r0, [sp, #40]	@ 0x28
10003234:	f7fe ff50 	bl	100020d8 <__wrap___aeabi_i2d>
10003238:	4aa8      	ldr	r2, [pc, #672]	@ (100034dc <_etoa+0x540>)
1000323a:	4ba9      	ldr	r3, [pc, #676]	@ (100034e0 <_etoa+0x544>)
1000323c:	0004      	movs	r4, r0
1000323e:	000d      	movs	r5, r1
10003240:	f7fe fedb 	bl	10001ffa <__wrap___aeabi_dmul>
10003244:	2200      	movs	r2, #0
10003246:	4ba7      	ldr	r3, [pc, #668]	@ (100034e4 <_etoa+0x548>)
10003248:	f7fe feb0 	bl	10001fac <__wrap___aeabi_dadd>
1000324c:	f7fe ff5c 	bl	10002108 <__wrap___aeabi_d2iz>
10003250:	4aa5      	ldr	r2, [pc, #660]	@ (100034e8 <_etoa+0x54c>)
10003252:	0006      	movs	r6, r0
10003254:	4ba5      	ldr	r3, [pc, #660]	@ (100034ec <_etoa+0x550>)
10003256:	0020      	movs	r0, r4
10003258:	0029      	movs	r1, r5
1000325a:	f7fe fece 	bl	10001ffa <__wrap___aeabi_dmul>
1000325e:	0004      	movs	r4, r0
10003260:	0030      	movs	r0, r6
10003262:	000d      	movs	r5, r1
10003264:	960c      	str	r6, [sp, #48]	@ 0x30
10003266:	f7fe ff37 	bl	100020d8 <__wrap___aeabi_i2d>
1000326a:	4aa1      	ldr	r2, [pc, #644]	@ (100034f0 <_etoa+0x554>)
1000326c:	4ba1      	ldr	r3, [pc, #644]	@ (100034f4 <_etoa+0x558>)
1000326e:	f7fe fec4 	bl	10001ffa <__wrap___aeabi_dmul>
10003272:	0002      	movs	r2, r0
10003274:	000b      	movs	r3, r1
10003276:	0020      	movs	r0, r4
10003278:	0029      	movs	r1, r5
1000327a:	f7fe fe8e 	bl	10001f9a <__wrap___aeabi_dsub>
1000327e:	0002      	movs	r2, r0
10003280:	000b      	movs	r3, r1
10003282:	0006      	movs	r6, r0
10003284:	000f      	movs	r7, r1
10003286:	f7fe feb8 	bl	10001ffa <__wrap___aeabi_dmul>
1000328a:	0032      	movs	r2, r6
1000328c:	0004      	movs	r4, r0
1000328e:	000d      	movs	r5, r1
10003290:	003b      	movs	r3, r7
10003292:	0030      	movs	r0, r6
10003294:	0039      	movs	r1, r7
10003296:	f7fe fe89 	bl	10001fac <__wrap___aeabi_dadd>
1000329a:	2200      	movs	r2, #0
1000329c:	900e      	str	r0, [sp, #56]	@ 0x38
1000329e:	910f      	str	r1, [sp, #60]	@ 0x3c
100032a0:	4b95      	ldr	r3, [pc, #596]	@ (100034f8 <_etoa+0x55c>)
100032a2:	0020      	movs	r0, r4
100032a4:	0029      	movs	r1, r5
100032a6:	f7fe fe8a 	bl	10001fbe <__wrap___aeabi_ddiv>
100032aa:	2200      	movs	r2, #0
100032ac:	4b93      	ldr	r3, [pc, #588]	@ (100034fc <_etoa+0x560>)
100032ae:	f7fe fe7d 	bl	10001fac <__wrap___aeabi_dadd>
100032b2:	0002      	movs	r2, r0
100032b4:	000b      	movs	r3, r1
100032b6:	0020      	movs	r0, r4
100032b8:	0029      	movs	r1, r5
100032ba:	f7fe fe80 	bl	10001fbe <__wrap___aeabi_ddiv>
100032be:	2200      	movs	r2, #0
100032c0:	4b8f      	ldr	r3, [pc, #572]	@ (10003500 <_etoa+0x564>)
100032c2:	f7fe fe73 	bl	10001fac <__wrap___aeabi_dadd>
100032c6:	0002      	movs	r2, r0
100032c8:	000b      	movs	r3, r1
100032ca:	0020      	movs	r0, r4
100032cc:	0029      	movs	r1, r5
100032ce:	f7fe fe76 	bl	10001fbe <__wrap___aeabi_ddiv>
100032d2:	000d      	movs	r5, r1
100032d4:	2180      	movs	r1, #128	@ 0x80
100032d6:	0004      	movs	r4, r0
100032d8:	0032      	movs	r2, r6
100032da:	003b      	movs	r3, r7
100032dc:	2000      	movs	r0, #0
100032de:	05c9      	lsls	r1, r1, #23
100032e0:	f7fe fe5b 	bl	10001f9a <__wrap___aeabi_dsub>
100032e4:	0002      	movs	r2, r0
100032e6:	000b      	movs	r3, r1
100032e8:	0020      	movs	r0, r4
100032ea:	0029      	movs	r1, r5
100032ec:	f7fe fe5e 	bl	10001fac <__wrap___aeabi_dadd>
100032f0:	0002      	movs	r2, r0
100032f2:	000b      	movs	r3, r1
100032f4:	980e      	ldr	r0, [sp, #56]	@ 0x38
100032f6:	990f      	ldr	r1, [sp, #60]	@ 0x3c
100032f8:	f7fe fe61 	bl	10001fbe <__wrap___aeabi_ddiv>
100032fc:	2200      	movs	r2, #0
100032fe:	4b73      	ldr	r3, [pc, #460]	@ (100034cc <_etoa+0x530>)
10003300:	f7fe fe54 	bl	10001fac <__wrap___aeabi_dadd>
10003304:	4b7f      	ldr	r3, [pc, #508]	@ (10003504 <_etoa+0x568>)
10003306:	9c0c      	ldr	r4, [sp, #48]	@ 0x30
10003308:	469c      	mov	ip, r3
1000330a:	4464      	add	r4, ip
1000330c:	2200      	movs	r2, #0
1000330e:	0523      	lsls	r3, r4, #20
10003310:	f7fe fe73 	bl	10001ffa <__wrap___aeabi_dmul>
10003314:	0006      	movs	r6, r0
10003316:	000f      	movs	r7, r1
10003318:	0002      	movs	r2, r0
1000331a:	000b      	movs	r3, r1
1000331c:	9808      	ldr	r0, [sp, #32]
1000331e:	9909      	ldr	r1, [sp, #36]	@ 0x24
10003320:	f7fe feae 	bl	10002080 <__wrap___aeabi_dcmplt>
10003324:	2800      	cmp	r0, #0
10003326:	d00a      	beq.n	1000333e <_etoa+0x3a2>
10003328:	9b0a      	ldr	r3, [sp, #40]	@ 0x28
1000332a:	0030      	movs	r0, r6
1000332c:	3b01      	subs	r3, #1
1000332e:	0039      	movs	r1, r7
10003330:	930a      	str	r3, [sp, #40]	@ 0x28
10003332:	2200      	movs	r2, #0
10003334:	4b71      	ldr	r3, [pc, #452]	@ (100034fc <_etoa+0x560>)
10003336:	f7fe fe42 	bl	10001fbe <__wrap___aeabi_ddiv>
1000333a:	0006      	movs	r6, r0
1000333c:	000f      	movs	r7, r1
1000333e:	9a0a      	ldr	r2, [sp, #40]	@ 0x28
10003340:	0033      	movs	r3, r6
10003342:	3263      	adds	r2, #99	@ 0x63
10003344:	0039      	movs	r1, r7
10003346:	2ac6      	cmp	r2, #198	@ 0xc6
10003348:	d812      	bhi.n	10003370 <_etoa+0x3d4>
1000334a:	2202      	movs	r2, #2
1000334c:	9826      	ldr	r0, [sp, #152]	@ 0x98
1000334e:	2504      	movs	r5, #4
10003350:	4010      	ands	r0, r2
10003352:	9a0b      	ldr	r2, [sp, #44]	@ 0x2c
10003354:	900c      	str	r0, [sp, #48]	@ 0x30
10003356:	2a00      	cmp	r2, #0
10003358:	d125      	bne.n	100033a6 <_etoa+0x40a>
1000335a:	9b25      	ldr	r3, [sp, #148]	@ 0x94
1000335c:	2b04      	cmp	r3, #4
1000335e:	d905      	bls.n	1000336c <_etoa+0x3d0>
10003360:	2800      	cmp	r0, #0
10003362:	d000      	beq.n	10003366 <_etoa+0x3ca>
10003364:	e0a1      	b.n	100034aa <_etoa+0x50e>
10003366:	9b25      	ldr	r3, [sp, #148]	@ 0x94
10003368:	3b04      	subs	r3, #4
1000336a:	930b      	str	r3, [sp, #44]	@ 0x2c
1000336c:	2504      	movs	r5, #4
1000336e:	e041      	b.n	100033f4 <_etoa+0x458>
10003370:	2202      	movs	r2, #2
10003372:	9826      	ldr	r0, [sp, #152]	@ 0x98
10003374:	4010      	ands	r0, r2
10003376:	9a0b      	ldr	r2, [sp, #44]	@ 0x2c
10003378:	900c      	str	r0, [sp, #48]	@ 0x30
1000337a:	2a00      	cmp	r2, #0
1000337c:	d112      	bne.n	100033a4 <_etoa+0x408>
1000337e:	9b25      	ldr	r3, [sp, #148]	@ 0x94
10003380:	2b05      	cmp	r3, #5
10003382:	d976      	bls.n	10003472 <_etoa+0x4d6>
10003384:	2800      	cmp	r0, #0
10003386:	d172      	bne.n	1000346e <_etoa+0x4d2>
10003388:	9b25      	ldr	r3, [sp, #148]	@ 0x94
1000338a:	2505      	movs	r5, #5
1000338c:	3b05      	subs	r3, #5
1000338e:	930b      	str	r3, [sp, #44]	@ 0x2c
10003390:	e034      	b.n	100033fc <_etoa+0x460>
10003392:	2280      	movs	r2, #128	@ 0x80
10003394:	0612      	lsls	r2, r2, #24
10003396:	4694      	mov	ip, r2
10003398:	9b22      	ldr	r3, [sp, #136]	@ 0x88
1000339a:	9308      	str	r3, [sp, #32]
1000339c:	9b23      	ldr	r3, [sp, #140]	@ 0x8c
1000339e:	4463      	add	r3, ip
100033a0:	9309      	str	r3, [sp, #36]	@ 0x24
100033a2:	e630      	b.n	10003006 <_etoa+0x6a>
100033a4:	2505      	movs	r5, #5
100033a6:	430b      	orrs	r3, r1
100033a8:	d100      	bne.n	100033ac <_etoa+0x410>
100033aa:	e6f6      	b.n	1000319a <_etoa+0x1fe>
100033ac:	9808      	ldr	r0, [sp, #32]
100033ae:	9909      	ldr	r1, [sp, #36]	@ 0x24
100033b0:	4a55      	ldr	r2, [pc, #340]	@ (10003508 <_etoa+0x56c>)
100033b2:	4b56      	ldr	r3, [pc, #344]	@ (1000350c <_etoa+0x570>)
100033b4:	f7fe fe72 	bl	1000209c <__wrap___aeabi_dcmpge>
100033b8:	2800      	cmp	r0, #0
100033ba:	d008      	beq.n	100033ce <_etoa+0x432>
100033bc:	9808      	ldr	r0, [sp, #32]
100033be:	9909      	ldr	r1, [sp, #36]	@ 0x24
100033c0:	2200      	movs	r2, #0
100033c2:	4b53      	ldr	r3, [pc, #332]	@ (10003510 <_etoa+0x574>)
100033c4:	f7fe fe5c 	bl	10002080 <__wrap___aeabi_dcmplt>
100033c8:	2800      	cmp	r0, #0
100033ca:	d000      	beq.n	100033ce <_etoa+0x432>
100033cc:	e6e5      	b.n	1000319a <_etoa+0x1fe>
100033ce:	9b24      	ldr	r3, [sp, #144]	@ 0x90
100033d0:	2b00      	cmp	r3, #0
100033d2:	d01c      	beq.n	1000340e <_etoa+0x472>
100033d4:	9b0d      	ldr	r3, [sp, #52]	@ 0x34
100033d6:	2b00      	cmp	r3, #0
100033d8:	d019      	beq.n	1000340e <_etoa+0x472>
100033da:	9b24      	ldr	r3, [sp, #144]	@ 0x90
100033dc:	3b01      	subs	r3, #1
100033de:	9324      	str	r3, [sp, #144]	@ 0x90
100033e0:	9b25      	ldr	r3, [sp, #148]	@ 0x94
100033e2:	42ab      	cmp	r3, r5
100033e4:	d904      	bls.n	100033f0 <_etoa+0x454>
100033e6:	9b0c      	ldr	r3, [sp, #48]	@ 0x30
100033e8:	2b00      	cmp	r3, #0
100033ea:	d05a      	beq.n	100034a2 <_etoa+0x506>
100033ec:	2302      	movs	r3, #2
100033ee:	930c      	str	r3, [sp, #48]	@ 0x30
100033f0:	2300      	movs	r3, #0
100033f2:	930b      	str	r3, [sp, #44]	@ 0x2c
100033f4:	9b0a      	ldr	r3, [sp, #40]	@ 0x28
100033f6:	2b00      	cmp	r3, #0
100033f8:	d100      	bne.n	100033fc <_etoa+0x460>
100033fa:	e631      	b.n	10003060 <_etoa+0xc4>
100033fc:	9808      	ldr	r0, [sp, #32]
100033fe:	9909      	ldr	r1, [sp, #36]	@ 0x24
10003400:	0032      	movs	r2, r6
10003402:	003b      	movs	r3, r7
10003404:	f7fe fddb 	bl	10001fbe <__wrap___aeabi_ddiv>
10003408:	9008      	str	r0, [sp, #32]
1000340a:	9109      	str	r1, [sp, #36]	@ 0x24
1000340c:	e628      	b.n	10003060 <_etoa+0xc4>
1000340e:	9b25      	ldr	r3, [sp, #148]	@ 0x94
10003410:	42ab      	cmp	r3, r5
10003412:	d9ed      	bls.n	100033f0 <_etoa+0x454>
10003414:	9b0c      	ldr	r3, [sp, #48]	@ 0x30
10003416:	2b00      	cmp	r3, #0
10003418:	d043      	beq.n	100034a2 <_etoa+0x506>
1000341a:	2300      	movs	r3, #0
1000341c:	930b      	str	r3, [sp, #44]	@ 0x2c
1000341e:	3302      	adds	r3, #2
10003420:	930c      	str	r3, [sp, #48]	@ 0x30
10003422:	e7e7      	b.n	100033f4 <_etoa+0x458>
10003424:	2080      	movs	r0, #128	@ 0x80
10003426:	9b26      	ldr	r3, [sp, #152]	@ 0x98
10003428:	4a3a      	ldr	r2, [pc, #232]	@ (10003514 <_etoa+0x578>)
1000342a:	0600      	lsls	r0, r0, #24
1000342c:	401a      	ands	r2, r3
1000342e:	2380      	movs	r3, #128	@ 0x80
10003430:	4684      	mov	ip, r0
10003432:	9402      	str	r4, [sp, #8]
10003434:	9c08      	ldr	r4, [sp, #32]
10003436:	9d09      	ldr	r5, [sp, #36]	@ 0x24
10003438:	0029      	movs	r1, r5
1000343a:	00db      	lsls	r3, r3, #3
1000343c:	4313      	orrs	r3, r2
1000343e:	9304      	str	r3, [sp, #16]
10003440:	9b25      	ldr	r3, [sp, #148]	@ 0x94
10003442:	4461      	add	r1, ip
10003444:	0022      	movs	r2, r4
10003446:	9303      	str	r3, [sp, #12]
10003448:	000b      	movs	r3, r1
1000344a:	9200      	str	r2, [sp, #0]
1000344c:	9301      	str	r3, [sp, #4]
1000344e:	e68e      	b.n	1000316e <_etoa+0x1d2>
10003450:	2405      	movs	r4, #5
10003452:	e6a8      	b.n	100031a6 <_etoa+0x20a>
10003454:	2300      	movs	r3, #0
10003456:	930b      	str	r3, [sp, #44]	@ 0x2c
10003458:	930a      	str	r3, [sp, #40]	@ 0x28
1000345a:	3302      	adds	r3, #2
1000345c:	2504      	movs	r5, #4
1000345e:	930c      	str	r3, [sp, #48]	@ 0x30
10003460:	e5fe      	b.n	10003060 <_etoa+0xc4>
10003462:	4653      	mov	r3, sl
10003464:	468c      	mov	ip, r1
10003466:	3b01      	subs	r3, #1
10003468:	4463      	add	r3, ip
1000346a:	1a1b      	subs	r3, r3, r0
1000346c:	e672      	b.n	10003154 <_etoa+0x1b8>
1000346e:	2302      	movs	r3, #2
10003470:	930c      	str	r3, [sp, #48]	@ 0x30
10003472:	2505      	movs	r5, #5
10003474:	e7c2      	b.n	100033fc <_etoa+0x460>
10003476:	2304      	movs	r3, #4
10003478:	e5ed      	b.n	10003056 <_etoa+0xba>
1000347a:	2080      	movs	r0, #128	@ 0x80
1000347c:	9e08      	ldr	r6, [sp, #32]
1000347e:	9f09      	ldr	r7, [sp, #36]	@ 0x24
10003480:	0600      	lsls	r0, r0, #24
10003482:	0039      	movs	r1, r7
10003484:	4684      	mov	ip, r0
10003486:	9a26      	ldr	r2, [sp, #152]	@ 0x98
10003488:	4b22      	ldr	r3, [pc, #136]	@ (10003514 <_etoa+0x578>)
1000348a:	4461      	add	r1, ip
1000348c:	4013      	ands	r3, r2
1000348e:	9304      	str	r3, [sp, #16]
10003490:	9b0b      	ldr	r3, [sp, #44]	@ 0x2c
10003492:	0032      	movs	r2, r6
10003494:	9303      	str	r3, [sp, #12]
10003496:	9b24      	ldr	r3, [sp, #144]	@ 0x90
10003498:	9302      	str	r3, [sp, #8]
1000349a:	000b      	movs	r3, r1
1000349c:	9200      	str	r2, [sp, #0]
1000349e:	9301      	str	r3, [sp, #4]
100034a0:	e5f3      	b.n	1000308a <_etoa+0xee>
100034a2:	9b25      	ldr	r3, [sp, #148]	@ 0x94
100034a4:	1b5b      	subs	r3, r3, r5
100034a6:	930b      	str	r3, [sp, #44]	@ 0x2c
100034a8:	e7a4      	b.n	100033f4 <_etoa+0x458>
100034aa:	2302      	movs	r3, #2
100034ac:	2504      	movs	r5, #4
100034ae:	930c      	str	r3, [sp, #48]	@ 0x30
100034b0:	e7a0      	b.n	100033f4 <_etoa+0x458>
100034b2:	1a9c      	subs	r4, r3, r2
100034b4:	3c01      	subs	r4, #1
100034b6:	e676      	b.n	100031a6 <_etoa+0x20a>
100034b8:	fffffc01 	.word	0xfffffc01
100034bc:	509f79fb 	.word	0x509f79fb
100034c0:	3fd34413 	.word	0x3fd34413
100034c4:	8b60c8b3 	.word	0x8b60c8b3
100034c8:	3fc68a28 	.word	0x3fc68a28
100034cc:	3ff00000 	.word	0x3ff00000
100034d0:	3ff80000 	.word	0x3ff80000
100034d4:	636f4361 	.word	0x636f4361
100034d8:	3fd287a7 	.word	0x3fd287a7
100034dc:	0979a371 	.word	0x0979a371
100034e0:	400a934f 	.word	0x400a934f
100034e4:	3fe00000 	.word	0x3fe00000
100034e8:	bbb55516 	.word	0xbbb55516
100034ec:	40026bb1 	.word	0x40026bb1
100034f0:	fefa39ef 	.word	0xfefa39ef
100034f4:	3fe62e42 	.word	0x3fe62e42
100034f8:	402c0000 	.word	0x402c0000
100034fc:	40240000 	.word	0x40240000
10003500:	40180000 	.word	0x40180000
10003504:	000003ff 	.word	0x000003ff
10003508:	eb1c432d 	.word	0xeb1c432d
1000350c:	3f1a36e2 	.word	0x3f1a36e2
10003510:	412e8480 	.word	0x412e8480
10003514:	fffff7ff 	.word	0xfffff7ff

10003518 <_vsnprintf>:
10003518:	b5f0      	push	{r4, r5, r6, r7, lr}
1000351a:	46de      	mov	lr, fp
1000351c:	4657      	mov	r7, sl
1000351e:	464e      	mov	r6, r9
10003520:	4645      	mov	r5, r8
10003522:	b5e0      	push	{r5, r6, r7, lr}
10003524:	b0a5      	sub	sp, #148	@ 0x94
10003526:	001e      	movs	r6, r3
10003528:	9b2e      	ldr	r3, [sp, #184]	@ 0xb8
1000352a:	4692      	mov	sl, r2
1000352c:	930c      	str	r3, [sp, #48]	@ 0x30
1000352e:	4acd      	ldr	r2, [pc, #820]	@ (10003864 <_vsnprintf+0x34c>)
10003530:	4bcd      	ldr	r3, [pc, #820]	@ (10003868 <_vsnprintf+0x350>)
10003532:	4680      	mov	r8, r0
10003534:	468b      	mov	fp, r1
10003536:	601a      	str	r2, [r3, #0]
10003538:	2900      	cmp	r1, #0
1000353a:	d100      	bne.n	1000353e <_vsnprintf+0x26>
1000353c:	e1ea      	b.n	10003914 <_vsnprintf+0x3fc>
1000353e:	2300      	movs	r3, #0
10003540:	7830      	ldrb	r0, [r6, #0]
10003542:	4699      	mov	r9, r3
10003544:	2800      	cmp	r0, #0
10003546:	d100      	bne.n	1000354a <_vsnprintf+0x32>
10003548:	e1ec      	b.n	10003924 <_vsnprintf+0x40c>
1000354a:	4bc8      	ldr	r3, [pc, #800]	@ (1000386c <_vsnprintf+0x354>)
1000354c:	464c      	mov	r4, r9
1000354e:	930b      	str	r3, [sp, #44]	@ 0x2c
10003550:	4bc7      	ldr	r3, [pc, #796]	@ (10003870 <_vsnprintf+0x358>)
10003552:	4645      	mov	r5, r8
10003554:	4657      	mov	r7, sl
10003556:	930e      	str	r3, [sp, #56]	@ 0x38
10003558:	e00a      	b.n	10003570 <_vsnprintf+0x58>
1000355a:	1c63      	adds	r3, r4, #1
1000355c:	4698      	mov	r8, r3
1000355e:	0022      	movs	r2, r4
10003560:	003b      	movs	r3, r7
10003562:	4659      	mov	r1, fp
10003564:	47a8      	blx	r5
10003566:	4644      	mov	r4, r8
10003568:	7830      	ldrb	r0, [r6, #0]
1000356a:	2800      	cmp	r0, #0
1000356c:	d100      	bne.n	10003570 <_vsnprintf+0x58>
1000356e:	e087      	b.n	10003680 <_vsnprintf+0x168>
10003570:	3601      	adds	r6, #1
10003572:	2825      	cmp	r0, #37	@ 0x25
10003574:	d1f1      	bne.n	1000355a <_vsnprintf+0x42>
10003576:	2308      	movs	r3, #8
10003578:	469a      	mov	sl, r3
1000357a:	3b04      	subs	r3, #4
1000357c:	4699      	mov	r9, r3
1000357e:	3b02      	subs	r3, #2
10003580:	4698      	mov	r8, r3
10003582:	3b01      	subs	r3, #1
10003584:	2200      	movs	r2, #0
10003586:	469c      	mov	ip, r3
10003588:	940d      	str	r4, [sp, #52]	@ 0x34
1000358a:	7830      	ldrb	r0, [r6, #0]
1000358c:	1c71      	adds	r1, r6, #1
1000358e:	0003      	movs	r3, r0
10003590:	3b20      	subs	r3, #32
10003592:	b2db      	uxtb	r3, r3
10003594:	2b10      	cmp	r3, #16
10003596:	d803      	bhi.n	100035a0 <_vsnprintf+0x88>
10003598:	9c0b      	ldr	r4, [sp, #44]	@ 0x2c
1000359a:	009b      	lsls	r3, r3, #2
1000359c:	58e3      	ldr	r3, [r4, r3]
1000359e:	469f      	mov	pc, r3
100035a0:	0003      	movs	r3, r0
100035a2:	3b30      	subs	r3, #48	@ 0x30
100035a4:	4689      	mov	r9, r1
100035a6:	9c0d      	ldr	r4, [sp, #52]	@ 0x34
100035a8:	2b09      	cmp	r3, #9
100035aa:	d93a      	bls.n	10003622 <_vsnprintf+0x10a>
100035ac:	2300      	movs	r3, #0
100035ae:	4698      	mov	r8, r3
100035b0:	282a      	cmp	r0, #42	@ 0x2a
100035b2:	d100      	bne.n	100035b6 <_vsnprintf+0x9e>
100035b4:	e0c1      	b.n	1000373a <_vsnprintf+0x222>
100035b6:	2300      	movs	r3, #0
100035b8:	469a      	mov	sl, r3
100035ba:	282e      	cmp	r0, #46	@ 0x2e
100035bc:	d04b      	beq.n	10003656 <_vsnprintf+0x13e>
100035be:	0003      	movs	r3, r0
100035c0:	3b68      	subs	r3, #104	@ 0x68
100035c2:	b2db      	uxtb	r3, r3
100035c4:	2b12      	cmp	r3, #18
100035c6:	d81e      	bhi.n	10003606 <_vsnprintf+0xee>
100035c8:	990e      	ldr	r1, [sp, #56]	@ 0x38
100035ca:	009b      	lsls	r3, r3, #2
100035cc:	58cb      	ldr	r3, [r1, r3]
100035ce:	469f      	mov	pc, r3
100035d0:	4663      	mov	r3, ip
100035d2:	000e      	movs	r6, r1
100035d4:	431a      	orrs	r2, r3
100035d6:	e7d8      	b.n	1000358a <_vsnprintf+0x72>
100035d8:	4643      	mov	r3, r8
100035da:	000e      	movs	r6, r1
100035dc:	431a      	orrs	r2, r3
100035de:	e7d4      	b.n	1000358a <_vsnprintf+0x72>
100035e0:	464b      	mov	r3, r9
100035e2:	000e      	movs	r6, r1
100035e4:	431a      	orrs	r2, r3
100035e6:	e7d0      	b.n	1000358a <_vsnprintf+0x72>
100035e8:	2310      	movs	r3, #16
100035ea:	000e      	movs	r6, r1
100035ec:	431a      	orrs	r2, r3
100035ee:	e7cc      	b.n	1000358a <_vsnprintf+0x72>
100035f0:	4653      	mov	r3, sl
100035f2:	000e      	movs	r6, r1
100035f4:	431a      	orrs	r2, r3
100035f6:	e7c8      	b.n	1000358a <_vsnprintf+0x72>
100035f8:	2380      	movs	r3, #128	@ 0x80
100035fa:	005b      	lsls	r3, r3, #1
100035fc:	431a      	orrs	r2, r3
100035fe:	3bff      	subs	r3, #255	@ 0xff
10003600:	469c      	mov	ip, r3
10003602:	7870      	ldrb	r0, [r6, #1]
10003604:	44e1      	add	r9, ip
10003606:	464e      	mov	r6, r9
10003608:	2867      	cmp	r0, #103	@ 0x67
1000360a:	d84f      	bhi.n	100036ac <_vsnprintf+0x194>
1000360c:	2824      	cmp	r0, #36	@ 0x24
1000360e:	d9a4      	bls.n	1000355a <_vsnprintf+0x42>
10003610:	0003      	movs	r3, r0
10003612:	3b25      	subs	r3, #37	@ 0x25
10003614:	b2db      	uxtb	r3, r3
10003616:	2b42      	cmp	r3, #66	@ 0x42
10003618:	d89f      	bhi.n	1000355a <_vsnprintf+0x42>
1000361a:	4996      	ldr	r1, [pc, #600]	@ (10003874 <_vsnprintf+0x35c>)
1000361c:	009b      	lsls	r3, r3, #2
1000361e:	58cb      	ldr	r3, [r1, r3]
10003620:	469f      	mov	pc, r3
10003622:	2300      	movs	r3, #0
10003624:	4694      	mov	ip, r2
10003626:	001e      	movs	r6, r3
10003628:	e000      	b.n	1000362c <_vsnprintf+0x114>
1000362a:	3101      	adds	r1, #1
1000362c:	00b3      	lsls	r3, r6, #2
1000362e:	199b      	adds	r3, r3, r6
10003630:	005b      	lsls	r3, r3, #1
10003632:	181e      	adds	r6, r3, r0
10003634:	7808      	ldrb	r0, [r1, #0]
10003636:	3e30      	subs	r6, #48	@ 0x30
10003638:	0003      	movs	r3, r0
1000363a:	3b30      	subs	r3, #48	@ 0x30
1000363c:	2b09      	cmp	r3, #9
1000363e:	d9f4      	bls.n	1000362a <_vsnprintf+0x112>
10003640:	2301      	movs	r3, #1
10003642:	4662      	mov	r2, ip
10003644:	4689      	mov	r9, r1
10003646:	469c      	mov	ip, r3
10003648:	2300      	movs	r3, #0
1000364a:	46b0      	mov	r8, r6
1000364c:	469a      	mov	sl, r3
1000364e:	000e      	movs	r6, r1
10003650:	44e1      	add	r9, ip
10003652:	282e      	cmp	r0, #46	@ 0x2e
10003654:	d1b3      	bne.n	100035be <_vsnprintf+0xa6>
10003656:	2130      	movs	r1, #48	@ 0x30
10003658:	2080      	movs	r0, #128	@ 0x80
1000365a:	4249      	negs	r1, r1
1000365c:	468c      	mov	ip, r1
1000365e:	00c0      	lsls	r0, r0, #3
10003660:	4302      	orrs	r2, r0
10003662:	7870      	ldrb	r0, [r6, #1]
10003664:	464b      	mov	r3, r9
10003666:	4484      	add	ip, r0
10003668:	4661      	mov	r1, ip
1000366a:	2909      	cmp	r1, #9
1000366c:	d800      	bhi.n	10003670 <_vsnprintf+0x158>
1000366e:	e16c      	b.n	1000394a <_vsnprintf+0x432>
10003670:	282a      	cmp	r0, #42	@ 0x2a
10003672:	d100      	bne.n	10003676 <_vsnprintf+0x15e>
10003674:	e17a      	b.n	1000396c <_vsnprintf+0x454>
10003676:	2301      	movs	r3, #1
10003678:	469c      	mov	ip, r3
1000367a:	464e      	mov	r6, r9
1000367c:	44e1      	add	r9, ip
1000367e:	e79e      	b.n	100035be <_vsnprintf+0xa6>
10003680:	46a1      	mov	r9, r4
10003682:	46a8      	mov	r8, r5
10003684:	46ba      	mov	sl, r7
10003686:	45ca      	cmp	sl, r9
10003688:	d803      	bhi.n	10003692 <_vsnprintf+0x17a>
1000368a:	2301      	movs	r3, #1
1000368c:	425b      	negs	r3, r3
1000368e:	4453      	add	r3, sl
10003690:	4699      	mov	r9, r3
10003692:	4653      	mov	r3, sl
10003694:	464a      	mov	r2, r9
10003696:	4659      	mov	r1, fp
10003698:	2000      	movs	r0, #0
1000369a:	47c0      	blx	r8
1000369c:	0020      	movs	r0, r4
1000369e:	b025      	add	sp, #148	@ 0x94
100036a0:	bcf0      	pop	{r4, r5, r6, r7}
100036a2:	46bb      	mov	fp, r7
100036a4:	46b2      	mov	sl, r6
100036a6:	46a9      	mov	r9, r5
100036a8:	46a0      	mov	r8, r4
100036aa:	bdf0      	pop	{r4, r5, r6, r7, pc}
100036ac:	0003      	movs	r3, r0
100036ae:	3b69      	subs	r3, #105	@ 0x69
100036b0:	b2db      	uxtb	r3, r3
100036b2:	930d      	str	r3, [sp, #52]	@ 0x34
100036b4:	2b0f      	cmp	r3, #15
100036b6:	d900      	bls.n	100036ba <_vsnprintf+0x1a2>
100036b8:	e74f      	b.n	1000355a <_vsnprintf+0x42>
100036ba:	2101      	movs	r1, #1
100036bc:	4099      	lsls	r1, r3
100036be:	468c      	mov	ip, r1
100036c0:	496d      	ldr	r1, [pc, #436]	@ (10003878 <_vsnprintf+0x360>)
100036c2:	4689      	mov	r9, r1
100036c4:	4661      	mov	r1, ip
100036c6:	464b      	mov	r3, r9
100036c8:	4019      	ands	r1, r3
100036ca:	910f      	str	r1, [sp, #60]	@ 0x3c
100036cc:	4663      	mov	r3, ip
100036ce:	4649      	mov	r1, r9
100036d0:	420b      	tst	r3, r1
100036d2:	d000      	beq.n	100036d6 <_vsnprintf+0x1be>
100036d4:	e128      	b.n	10003928 <_vsnprintf+0x410>
100036d6:	9b0d      	ldr	r3, [sp, #52]	@ 0x34
100036d8:	2b0a      	cmp	r3, #10
100036da:	d03a      	beq.n	10003752 <_vsnprintf+0x23a>
100036dc:	2b07      	cmp	r3, #7
100036de:	d000      	beq.n	100036e2 <_vsnprintf+0x1ca>
100036e0:	e73b      	b.n	1000355a <_vsnprintf+0x42>
100036e2:	9b0c      	ldr	r3, [sp, #48]	@ 0x30
100036e4:	0019      	movs	r1, r3
100036e6:	c908      	ldmia	r1!, {r3}
100036e8:	4688      	mov	r8, r1
100036ea:	2b00      	cmp	r3, #0
100036ec:	d100      	bne.n	100036f0 <_vsnprintf+0x1d8>
100036ee:	e14b      	b.n	10003988 <_vsnprintf+0x470>
100036f0:	2021      	movs	r0, #33	@ 0x21
100036f2:	4302      	orrs	r2, r0
100036f4:	4691      	mov	r9, r2
100036f6:	a914      	add	r1, sp, #80	@ 0x50
100036f8:	468c      	mov	ip, r1
100036fa:	221f      	movs	r2, #31
100036fc:	210f      	movs	r1, #15
100036fe:	4462      	add	r2, ip
10003700:	468c      	mov	ip, r1
10003702:	4651      	mov	r1, sl
10003704:	950d      	str	r5, [sp, #52]	@ 0x34
10003706:	910c      	str	r1, [sp, #48]	@ 0x30
10003708:	46a2      	mov	sl, r4
1000370a:	0015      	movs	r5, r2
1000370c:	990f      	ldr	r1, [sp, #60]	@ 0x3c
1000370e:	e002      	b.n	10003716 <_vsnprintf+0x1fe>
10003710:	2920      	cmp	r1, #32
10003712:	d00c      	beq.n	1000372e <_vsnprintf+0x216>
10003714:	0013      	movs	r3, r2
10003716:	4664      	mov	r4, ip
10003718:	401c      	ands	r4, r3
1000371a:	0020      	movs	r0, r4
1000371c:	3037      	adds	r0, #55	@ 0x37
1000371e:	2c09      	cmp	r4, #9
10003720:	d800      	bhi.n	10003724 <_vsnprintf+0x20c>
10003722:	3807      	subs	r0, #7
10003724:	3101      	adds	r1, #1
10003726:	5468      	strb	r0, [r5, r1]
10003728:	091a      	lsrs	r2, r3, #4
1000372a:	2b0f      	cmp	r3, #15
1000372c:	d8f0      	bhi.n	10003710 <_vsnprintf+0x1f8>
1000372e:	9b0c      	ldr	r3, [sp, #48]	@ 0x30
10003730:	4654      	mov	r4, sl
10003732:	9d0d      	ldr	r5, [sp, #52]	@ 0x34
10003734:	469a      	mov	sl, r3
10003736:	910f      	str	r1, [sp, #60]	@ 0x3c
10003738:	e133      	b.n	100039a2 <_vsnprintf+0x48a>
1000373a:	9b0c      	ldr	r3, [sp, #48]	@ 0x30
1000373c:	cb02      	ldmia	r3!, {r1}
1000373e:	4688      	mov	r8, r1
10003740:	2900      	cmp	r1, #0
10003742:	db47      	blt.n	100037d4 <_vsnprintf+0x2bc>
10003744:	930c      	str	r3, [sp, #48]	@ 0x30
10003746:	2301      	movs	r3, #1
10003748:	469c      	mov	ip, r3
1000374a:	7870      	ldrb	r0, [r6, #1]
1000374c:	464e      	mov	r6, r9
1000374e:	44e1      	add	r9, ip
10003750:	e731      	b.n	100035b6 <_vsnprintf+0x9e>
10003752:	9b0c      	ldr	r3, [sp, #48]	@ 0x30
10003754:	cb02      	ldmia	r3!, {r1}
10003756:	9314      	str	r3, [sp, #80]	@ 0x50
10003758:	4653      	mov	r3, sl
1000375a:	2b00      	cmp	r3, #0
1000375c:	d100      	bne.n	10003760 <_vsnprintf+0x248>
1000375e:	e138      	b.n	100039d2 <_vsnprintf+0x4ba>
10003760:	469c      	mov	ip, r3
10003762:	7808      	ldrb	r0, [r1, #0]
10003764:	000b      	movs	r3, r1
10003766:	900c      	str	r0, [sp, #48]	@ 0x30
10003768:	448c      	add	ip, r1
1000376a:	2800      	cmp	r0, #0
1000376c:	d101      	bne.n	10003772 <_vsnprintf+0x25a>
1000376e:	f000 fc98 	bl	100040a2 <_vsnprintf+0xb8a>
10003772:	4689      	mov	r9, r1
10003774:	4661      	mov	r1, ip
10003776:	4694      	mov	ip, r2
10003778:	e003      	b.n	10003782 <_vsnprintf+0x26a>
1000377a:	785a      	ldrb	r2, [r3, #1]
1000377c:	3301      	adds	r3, #1
1000377e:	2a00      	cmp	r2, #0
10003780:	d001      	beq.n	10003786 <_vsnprintf+0x26e>
10003782:	428b      	cmp	r3, r1
10003784:	d1f9      	bne.n	1000377a <_vsnprintf+0x262>
10003786:	4649      	mov	r1, r9
10003788:	4662      	mov	r2, ip
1000378a:	1a5b      	subs	r3, r3, r1
1000378c:	900c      	str	r0, [sp, #48]	@ 0x30
1000378e:	930f      	str	r3, [sp, #60]	@ 0x3c
10003790:	0553      	lsls	r3, r2, #21
10003792:	d500      	bpl.n	10003796 <_vsnprintf+0x27e>
10003794:	e120      	b.n	100039d8 <_vsnprintf+0x4c0>
10003796:	2302      	movs	r3, #2
10003798:	0018      	movs	r0, r3
1000379a:	4010      	ands	r0, r2
1000379c:	900d      	str	r0, [sp, #52]	@ 0x34
1000379e:	4213      	tst	r3, r2
100037a0:	d100      	bne.n	100037a4 <_vsnprintf+0x28c>
100037a2:	e3cb      	b.n	10003f3c <_vsnprintf+0xa24>
100037a4:	930d      	str	r3, [sp, #52]	@ 0x34
100037a6:	1b0b      	subs	r3, r1, r4
100037a8:	46b1      	mov	r9, r6
100037aa:	469a      	mov	sl, r3
100037ac:	465e      	mov	r6, fp
100037ae:	980c      	ldr	r0, [sp, #48]	@ 0x30
100037b0:	0022      	movs	r2, r4
100037b2:	003b      	movs	r3, r7
100037b4:	0031      	movs	r1, r6
100037b6:	47a8      	blx	r5
100037b8:	4653      	mov	r3, sl
100037ba:	3401      	adds	r4, #1
100037bc:	5d18      	ldrb	r0, [r3, r4]
100037be:	2800      	cmp	r0, #0
100037c0:	d1f6      	bne.n	100037b0 <_vsnprintf+0x298>
100037c2:	46b3      	mov	fp, r6
100037c4:	464e      	mov	r6, r9
100037c6:	9b0d      	ldr	r3, [sp, #52]	@ 0x34
100037c8:	2b00      	cmp	r3, #0
100037ca:	d000      	beq.n	100037ce <_vsnprintf+0x2b6>
100037cc:	e1c7      	b.n	10003b5e <_vsnprintf+0x646>
100037ce:	9b14      	ldr	r3, [sp, #80]	@ 0x50
100037d0:	930c      	str	r3, [sp, #48]	@ 0x30
100037d2:	e6c9      	b.n	10003568 <_vsnprintf+0x50>
100037d4:	930c      	str	r3, [sp, #48]	@ 0x30
100037d6:	2301      	movs	r3, #1
100037d8:	469c      	mov	ip, r3
100037da:	3828      	subs	r0, #40	@ 0x28
100037dc:	4249      	negs	r1, r1
100037de:	4302      	orrs	r2, r0
100037e0:	4688      	mov	r8, r1
100037e2:	7870      	ldrb	r0, [r6, #1]
100037e4:	464e      	mov	r6, r9
100037e6:	44e1      	add	r9, ip
100037e8:	e6e5      	b.n	100035b6 <_vsnprintf+0x9e>
100037ea:	7870      	ldrb	r0, [r6, #1]
100037ec:	286c      	cmp	r0, #108	@ 0x6c
100037ee:	d100      	bne.n	100037f2 <_vsnprintf+0x2da>
100037f0:	e17f      	b.n	10003af2 <_vsnprintf+0x5da>
100037f2:	2380      	movs	r3, #128	@ 0x80
100037f4:	005b      	lsls	r3, r3, #1
100037f6:	431a      	orrs	r2, r3
100037f8:	3bff      	subs	r3, #255	@ 0xff
100037fa:	469c      	mov	ip, r3
100037fc:	44e1      	add	r9, ip
100037fe:	e702      	b.n	10003606 <_vsnprintf+0xee>
10003800:	2380      	movs	r3, #128	@ 0x80
10003802:	009b      	lsls	r3, r3, #2
10003804:	431a      	orrs	r2, r3
10003806:	2301      	movs	r3, #1
10003808:	469c      	mov	ip, r3
1000380a:	7870      	ldrb	r0, [r6, #1]
1000380c:	44e1      	add	r9, ip
1000380e:	e6fa      	b.n	10003606 <_vsnprintf+0xee>
10003810:	7870      	ldrb	r0, [r6, #1]
10003812:	2868      	cmp	r0, #104	@ 0x68
10003814:	d100      	bne.n	10003818 <_vsnprintf+0x300>
10003816:	e173      	b.n	10003b00 <_vsnprintf+0x5e8>
10003818:	2380      	movs	r3, #128	@ 0x80
1000381a:	431a      	orrs	r2, r3
1000381c:	3b7f      	subs	r3, #127	@ 0x7f
1000381e:	469c      	mov	ip, r3
10003820:	44e1      	add	r9, ip
10003822:	e6f0      	b.n	10003606 <_vsnprintf+0xee>
10003824:	2867      	cmp	r0, #103	@ 0x67
10003826:	d100      	bne.n	1000382a <_vsnprintf+0x312>
10003828:	e103      	b.n	10003a32 <_vsnprintf+0x51a>
1000382a:	2847      	cmp	r0, #71	@ 0x47
1000382c:	d100      	bne.n	10003830 <_vsnprintf+0x318>
1000382e:	e15a      	b.n	10003ae6 <_vsnprintf+0x5ce>
10003830:	2845      	cmp	r0, #69	@ 0x45
10003832:	d100      	bne.n	10003836 <_vsnprintf+0x31e>
10003834:	e15a      	b.n	10003aec <_vsnprintf+0x5d4>
10003836:	9204      	str	r2, [sp, #16]
10003838:	2107      	movs	r1, #7
1000383a:	4642      	mov	r2, r8
1000383c:	9b0c      	ldr	r3, [sp, #48]	@ 0x30
1000383e:	9203      	str	r2, [sp, #12]
10003840:	3307      	adds	r3, #7
10003842:	4652      	mov	r2, sl
10003844:	438b      	bics	r3, r1
10003846:	0019      	movs	r1, r3
10003848:	9202      	str	r2, [sp, #8]
1000384a:	c90c      	ldmia	r1!, {r2, r3}
1000384c:	0028      	movs	r0, r5
1000384e:	9200      	str	r2, [sp, #0]
10003850:	9301      	str	r3, [sp, #4]
10003852:	910c      	str	r1, [sp, #48]	@ 0x30
10003854:	0022      	movs	r2, r4
10003856:	003b      	movs	r3, r7
10003858:	4659      	mov	r1, fp
1000385a:	f7ff fb9f 	bl	10002f9c <_etoa>
1000385e:	0004      	movs	r4, r0
10003860:	e682      	b.n	10003568 <_vsnprintf+0x50>
10003862:	46c0      	nop			@ (mov r8, r8)
10003864:	10003519 	.word	0x10003519
10003868:	200020ec 	.word	0x200020ec
1000386c:	10007340 	.word	0x10007340
10003870:	10007384 	.word	0x10007384
10003874:	100073d0 	.word	0x100073d0
10003878:	00009041 	.word	0x00009041
1000387c:	2846      	cmp	r0, #70	@ 0x46
1000387e:	d100      	bne.n	10003882 <_vsnprintf+0x36a>
10003880:	e0db      	b.n	10003a3a <_vsnprintf+0x522>
10003882:	9204      	str	r2, [sp, #16]
10003884:	2107      	movs	r1, #7
10003886:	4642      	mov	r2, r8
10003888:	9b0c      	ldr	r3, [sp, #48]	@ 0x30
1000388a:	9203      	str	r2, [sp, #12]
1000388c:	3307      	adds	r3, #7
1000388e:	4652      	mov	r2, sl
10003890:	438b      	bics	r3, r1
10003892:	0019      	movs	r1, r3
10003894:	9202      	str	r2, [sp, #8]
10003896:	c90c      	ldmia	r1!, {r2, r3}
10003898:	0028      	movs	r0, r5
1000389a:	9200      	str	r2, [sp, #0]
1000389c:	9301      	str	r3, [sp, #4]
1000389e:	910c      	str	r1, [sp, #48]	@ 0x30
100038a0:	0022      	movs	r2, r4
100038a2:	003b      	movs	r3, r7
100038a4:	4659      	mov	r1, fp
100038a6:	f7ff f925 	bl	10002af4 <_ftoa>
100038aa:	0004      	movs	r4, r0
100038ac:	e65c      	b.n	10003568 <_vsnprintf+0x50>
100038ae:	1c63      	adds	r3, r4, #1
100038b0:	4698      	mov	r8, r3
100038b2:	0022      	movs	r2, r4
100038b4:	003b      	movs	r3, r7
100038b6:	4659      	mov	r1, fp
100038b8:	2025      	movs	r0, #37	@ 0x25
100038ba:	47a8      	blx	r5
100038bc:	4644      	mov	r4, r8
100038be:	e653      	b.n	10003568 <_vsnprintf+0x50>
100038c0:	9b0c      	ldr	r3, [sp, #48]	@ 0x30
100038c2:	3304      	adds	r3, #4
100038c4:	930d      	str	r3, [sp, #52]	@ 0x34
100038c6:	1c63      	adds	r3, r4, #1
100038c8:	4699      	mov	r9, r3
100038ca:	0792      	lsls	r2, r2, #30
100038cc:	d400      	bmi.n	100038d0 <_vsnprintf+0x3b8>
100038ce:	e122      	b.n	10003b16 <_vsnprintf+0x5fe>
100038d0:	9b0c      	ldr	r3, [sp, #48]	@ 0x30
100038d2:	0022      	movs	r2, r4
100038d4:	7818      	ldrb	r0, [r3, #0]
100038d6:	4659      	mov	r1, fp
100038d8:	003b      	movs	r3, r7
100038da:	47a8      	blx	r5
100038dc:	4643      	mov	r3, r8
100038de:	4444      	add	r4, r8
100038e0:	2b01      	cmp	r3, #1
100038e2:	d800      	bhi.n	100038e6 <_vsnprintf+0x3ce>
100038e4:	e285      	b.n	10003df2 <_vsnprintf+0x8da>
100038e6:	0033      	movs	r3, r6
100038e8:	46b8      	mov	r8, r7
100038ea:	002e      	movs	r6, r5
100038ec:	465f      	mov	r7, fp
100038ee:	0025      	movs	r5, r4
100038f0:	464c      	mov	r4, r9
100038f2:	4699      	mov	r9, r3
100038f4:	0022      	movs	r2, r4
100038f6:	4643      	mov	r3, r8
100038f8:	3401      	adds	r4, #1
100038fa:	0039      	movs	r1, r7
100038fc:	2020      	movs	r0, #32
100038fe:	47b0      	blx	r6
10003900:	42ac      	cmp	r4, r5
10003902:	d1f7      	bne.n	100038f4 <_vsnprintf+0x3dc>
10003904:	002c      	movs	r4, r5
10003906:	46bb      	mov	fp, r7
10003908:	0035      	movs	r5, r6
1000390a:	4647      	mov	r7, r8
1000390c:	464e      	mov	r6, r9
1000390e:	9b0d      	ldr	r3, [sp, #52]	@ 0x34
10003910:	930c      	str	r3, [sp, #48]	@ 0x30
10003912:	e629      	b.n	10003568 <_vsnprintf+0x50>
10003914:	4bdb      	ldr	r3, [pc, #876]	@ (10003c84 <_vsnprintf+0x76c>)
10003916:	7830      	ldrb	r0, [r6, #0]
10003918:	4698      	mov	r8, r3
1000391a:	2300      	movs	r3, #0
1000391c:	4699      	mov	r9, r3
1000391e:	2800      	cmp	r0, #0
10003920:	d000      	beq.n	10003924 <_vsnprintf+0x40c>
10003922:	e612      	b.n	1000354a <_vsnprintf+0x32>
10003924:	2400      	movs	r4, #0
10003926:	e6ae      	b.n	10003686 <_vsnprintf+0x16e>
10003928:	286f      	cmp	r0, #111	@ 0x6f
1000392a:	d100      	bne.n	1000392e <_vsnprintf+0x416>
1000392c:	e088      	b.n	10003a40 <_vsnprintf+0x528>
1000392e:	d800      	bhi.n	10003932 <_vsnprintf+0x41a>
10003930:	e30b      	b.n	10003f4a <_vsnprintf+0xa32>
10003932:	2310      	movs	r3, #16
10003934:	2878      	cmp	r0, #120	@ 0x78
10003936:	d100      	bne.n	1000393a <_vsnprintf+0x422>
10003938:	e0cf      	b.n	10003ada <_vsnprintf+0x5c2>
1000393a:	439a      	bics	r2, r3
1000393c:	230a      	movs	r3, #10
1000393e:	469c      	mov	ip, r3
10003940:	2300      	movs	r3, #0
10003942:	930f      	str	r3, [sp, #60]	@ 0x3c
10003944:	330a      	adds	r3, #10
10003946:	930d      	str	r3, [sp, #52]	@ 0x34
10003948:	e080      	b.n	10003a4c <_vsnprintf+0x534>
1000394a:	4656      	mov	r6, sl
1000394c:	00b1      	lsls	r1, r6, #2
1000394e:	1989      	adds	r1, r1, r6
10003950:	0049      	lsls	r1, r1, #1
10003952:	3301      	adds	r3, #1
10003954:	180e      	adds	r6, r1, r0
10003956:	7818      	ldrb	r0, [r3, #0]
10003958:	3e30      	subs	r6, #48	@ 0x30
1000395a:	0001      	movs	r1, r0
1000395c:	3930      	subs	r1, #48	@ 0x30
1000395e:	2909      	cmp	r1, #9
10003960:	d9f4      	bls.n	1000394c <_vsnprintf+0x434>
10003962:	46b2      	mov	sl, r6
10003964:	001e      	movs	r6, r3
10003966:	3301      	adds	r3, #1
10003968:	4699      	mov	r9, r3
1000396a:	e628      	b.n	100035be <_vsnprintf+0xa6>
1000396c:	9b0c      	ldr	r3, [sp, #48]	@ 0x30
1000396e:	3602      	adds	r6, #2
10003970:	cb02      	ldmia	r3!, {r1}
10003972:	468a      	mov	sl, r1
10003974:	43c9      	mvns	r1, r1
10003976:	4650      	mov	r0, sl
10003978:	17c9      	asrs	r1, r1, #31
1000397a:	4008      	ands	r0, r1
1000397c:	4682      	mov	sl, r0
1000397e:	930c      	str	r3, [sp, #48]	@ 0x30
10003980:	7830      	ldrb	r0, [r6, #0]
10003982:	1c73      	adds	r3, r6, #1
10003984:	4699      	mov	r9, r3
10003986:	e61a      	b.n	100035be <_vsnprintf+0xa6>
10003988:	2310      	movs	r3, #16
1000398a:	0010      	movs	r0, r2
1000398c:	4398      	bics	r0, r3
1000398e:	3311      	adds	r3, #17
10003990:	4318      	orrs	r0, r3
10003992:	4681      	mov	r9, r0
10003994:	2080      	movs	r0, #128	@ 0x80
10003996:	0013      	movs	r3, r2
10003998:	00c0      	lsls	r0, r0, #3
1000399a:	4003      	ands	r3, r0
1000399c:	4202      	tst	r2, r0
1000399e:	d100      	bne.n	100039a2 <_vsnprintf+0x48a>
100039a0:	e6a9      	b.n	100036f6 <_vsnprintf+0x1de>
100039a2:	464b      	mov	r3, r9
100039a4:	9306      	str	r3, [sp, #24]
100039a6:	2308      	movs	r3, #8
100039a8:	9305      	str	r3, [sp, #20]
100039aa:	4653      	mov	r3, sl
100039ac:	9304      	str	r3, [sp, #16]
100039ae:	2310      	movs	r3, #16
100039b0:	9303      	str	r3, [sp, #12]
100039b2:	2300      	movs	r3, #0
100039b4:	9302      	str	r3, [sp, #8]
100039b6:	9b0f      	ldr	r3, [sp, #60]	@ 0x3c
100039b8:	0022      	movs	r2, r4
100039ba:	9301      	str	r3, [sp, #4]
100039bc:	ab1c      	add	r3, sp, #112	@ 0x70
100039be:	9300      	str	r3, [sp, #0]
100039c0:	4659      	mov	r1, fp
100039c2:	003b      	movs	r3, r7
100039c4:	0028      	movs	r0, r5
100039c6:	f7fe ff9f 	bl	10002908 <_ntoa_format>
100039ca:	4643      	mov	r3, r8
100039cc:	0004      	movs	r4, r0
100039ce:	930c      	str	r3, [sp, #48]	@ 0x30
100039d0:	e5ca      	b.n	10003568 <_vsnprintf+0x50>
100039d2:	2301      	movs	r3, #1
100039d4:	425b      	negs	r3, r3
100039d6:	e6c3      	b.n	10003760 <_vsnprintf+0x248>
100039d8:	9b0f      	ldr	r3, [sp, #60]	@ 0x3c
100039da:	4553      	cmp	r3, sl
100039dc:	d901      	bls.n	100039e2 <_vsnprintf+0x4ca>
100039de:	4653      	mov	r3, sl
100039e0:	930f      	str	r3, [sp, #60]	@ 0x3c
100039e2:	2302      	movs	r3, #2
100039e4:	0018      	movs	r0, r3
100039e6:	4010      	ands	r0, r2
100039e8:	900d      	str	r0, [sp, #52]	@ 0x34
100039ea:	4213      	tst	r3, r2
100039ec:	d100      	bne.n	100039f0 <_vsnprintf+0x4d8>
100039ee:	e1b7      	b.n	10003d60 <_vsnprintf+0x848>
100039f0:	930d      	str	r3, [sp, #52]	@ 0x34
100039f2:	46d1      	mov	r9, sl
100039f4:	1b0b      	subs	r3, r1, r4
100039f6:	469a      	mov	sl, r3
100039f8:	0033      	movs	r3, r6
100039fa:	44a1      	add	r9, r4
100039fc:	002e      	movs	r6, r5
100039fe:	0022      	movs	r2, r4
10003a00:	464d      	mov	r5, r9
10003a02:	980c      	ldr	r0, [sp, #48]	@ 0x30
10003a04:	46b9      	mov	r9, r7
10003a06:	465f      	mov	r7, fp
10003a08:	469b      	mov	fp, r3
10003a0a:	e008      	b.n	10003a1e <_vsnprintf+0x506>
10003a0c:	464b      	mov	r3, r9
10003a0e:	0039      	movs	r1, r7
10003a10:	1c54      	adds	r4, r2, #1
10003a12:	47b0      	blx	r6
10003a14:	4653      	mov	r3, sl
10003a16:	5d18      	ldrb	r0, [r3, r4]
10003a18:	2800      	cmp	r0, #0
10003a1a:	d077      	beq.n	10003b0c <_vsnprintf+0x5f4>
10003a1c:	0022      	movs	r2, r4
10003a1e:	4295      	cmp	r5, r2
10003a20:	d1f4      	bne.n	10003a0c <_vsnprintf+0x4f4>
10003a22:	465b      	mov	r3, fp
10003a24:	46bb      	mov	fp, r7
10003a26:	464f      	mov	r7, r9
10003a28:	46a9      	mov	r9, r5
10003a2a:	0035      	movs	r5, r6
10003a2c:	464c      	mov	r4, r9
10003a2e:	001e      	movs	r6, r3
10003a30:	e6c9      	b.n	100037c6 <_vsnprintf+0x2ae>
10003a32:	2380      	movs	r3, #128	@ 0x80
10003a34:	011b      	lsls	r3, r3, #4
10003a36:	431a      	orrs	r2, r3
10003a38:	e6fd      	b.n	10003836 <_vsnprintf+0x31e>
10003a3a:	2320      	movs	r3, #32
10003a3c:	431a      	orrs	r2, r3
10003a3e:	e720      	b.n	10003882 <_vsnprintf+0x36a>
10003a40:	2308      	movs	r3, #8
10003a42:	469c      	mov	ip, r3
10003a44:	2300      	movs	r3, #0
10003a46:	930f      	str	r3, [sp, #60]	@ 0x3c
10003a48:	3308      	adds	r3, #8
10003a4a:	930d      	str	r3, [sp, #52]	@ 0x34
10003a4c:	2380      	movs	r3, #128	@ 0x80
10003a4e:	0011      	movs	r1, r2
10003a50:	00db      	lsls	r3, r3, #3
10003a52:	4019      	ands	r1, r3
10003a54:	421a      	tst	r2, r3
10003a56:	d100      	bne.n	10003a5a <_vsnprintf+0x542>
10003a58:	e116      	b.n	10003c88 <_vsnprintf+0x770>
10003a5a:	230d      	movs	r3, #13
10003a5c:	439a      	bics	r2, r3
10003a5e:	0010      	movs	r0, r2
10003a60:	2380      	movs	r3, #128	@ 0x80
10003a62:	0002      	movs	r2, r0
10003a64:	009b      	lsls	r3, r3, #2
10003a66:	401a      	ands	r2, r3
10003a68:	9214      	str	r2, [sp, #80]	@ 0x50
10003a6a:	4218      	tst	r0, r3
10003a6c:	d000      	beq.n	10003a70 <_vsnprintf+0x558>
10003a6e:	e1c2      	b.n	10003df6 <_vsnprintf+0x8de>
10003a70:	2380      	movs	r3, #128	@ 0x80
10003a72:	0002      	movs	r2, r0
10003a74:	005b      	lsls	r3, r3, #1
10003a76:	401a      	ands	r2, r3
10003a78:	4691      	mov	r9, r2
10003a7a:	9a0c      	ldr	r2, [sp, #48]	@ 0x30
10003a7c:	3204      	adds	r2, #4
10003a7e:	920f      	str	r2, [sp, #60]	@ 0x3c
10003a80:	4218      	tst	r0, r3
10003a82:	d000      	beq.n	10003a86 <_vsnprintf+0x56e>
10003a84:	e2b7      	b.n	10003ff6 <_vsnprintf+0xade>
10003a86:	0643      	lsls	r3, r0, #25
10003a88:	d500      	bpl.n	10003a8c <_vsnprintf+0x574>
10003a8a:	e19f      	b.n	10003dcc <_vsnprintf+0x8b4>
10003a8c:	0603      	lsls	r3, r0, #24
10003a8e:	d400      	bmi.n	10003a92 <_vsnprintf+0x57a>
10003a90:	e319      	b.n	100040c6 <_vsnprintf+0xbae>
10003a92:	9b0c      	ldr	r3, [sp, #48]	@ 0x30
10003a94:	881b      	ldrh	r3, [r3, #0]
10003a96:	9309      	str	r3, [sp, #36]	@ 0x24
10003a98:	2b00      	cmp	r3, #0
10003a9a:	d000      	beq.n	10003a9e <_vsnprintf+0x586>
10003a9c:	e1fc      	b.n	10003e98 <_vsnprintf+0x980>
10003a9e:	3310      	adds	r3, #16
10003aa0:	4398      	bics	r0, r3
10003aa2:	2900      	cmp	r1, #0
10003aa4:	d100      	bne.n	10003aa8 <_vsnprintf+0x590>
10003aa6:	e1f7      	b.n	10003e98 <_vsnprintf+0x980>
10003aa8:	2300      	movs	r3, #0
10003aaa:	4699      	mov	r9, r3
10003aac:	4643      	mov	r3, r8
10003aae:	9305      	str	r3, [sp, #20]
10003ab0:	4653      	mov	r3, sl
10003ab2:	9304      	str	r3, [sp, #16]
10003ab4:	9b0d      	ldr	r3, [sp, #52]	@ 0x34
10003ab6:	9006      	str	r0, [sp, #24]
10003ab8:	9303      	str	r3, [sp, #12]
10003aba:	2300      	movs	r3, #0
10003abc:	e0d2      	b.n	10003c64 <_vsnprintf+0x74c>
10003abe:	2858      	cmp	r0, #88	@ 0x58
10003ac0:	d008      	beq.n	10003ad4 <_vsnprintf+0x5bc>
10003ac2:	2862      	cmp	r0, #98	@ 0x62
10003ac4:	d167      	bne.n	10003b96 <_vsnprintf+0x67e>
10003ac6:	2302      	movs	r3, #2
10003ac8:	469c      	mov	ip, r3
10003aca:	2300      	movs	r3, #0
10003acc:	930f      	str	r3, [sp, #60]	@ 0x3c
10003ace:	3302      	adds	r3, #2
10003ad0:	930d      	str	r3, [sp, #52]	@ 0x34
10003ad2:	e7bb      	b.n	10003a4c <_vsnprintf+0x534>
10003ad4:	2320      	movs	r3, #32
10003ad6:	431a      	orrs	r2, r3
10003ad8:	3b10      	subs	r3, #16
10003ada:	469c      	mov	ip, r3
10003adc:	2300      	movs	r3, #0
10003ade:	930f      	str	r3, [sp, #60]	@ 0x3c
10003ae0:	3310      	adds	r3, #16
10003ae2:	930d      	str	r3, [sp, #52]	@ 0x34
10003ae4:	e7b2      	b.n	10003a4c <_vsnprintf+0x534>
10003ae6:	2380      	movs	r3, #128	@ 0x80
10003ae8:	011b      	lsls	r3, r3, #4
10003aea:	431a      	orrs	r2, r3
10003aec:	2320      	movs	r3, #32
10003aee:	431a      	orrs	r2, r3
10003af0:	e6a1      	b.n	10003836 <_vsnprintf+0x31e>
10003af2:	23c0      	movs	r3, #192	@ 0xc0
10003af4:	009b      	lsls	r3, r3, #2
10003af6:	431a      	orrs	r2, r3
10003af8:	1cf3      	adds	r3, r6, #3
10003afa:	4699      	mov	r9, r3
10003afc:	78b0      	ldrb	r0, [r6, #2]
10003afe:	e582      	b.n	10003606 <_vsnprintf+0xee>
10003b00:	23c0      	movs	r3, #192	@ 0xc0
10003b02:	431a      	orrs	r2, r3
10003b04:	1cf3      	adds	r3, r6, #3
10003b06:	4699      	mov	r9, r3
10003b08:	78b0      	ldrb	r0, [r6, #2]
10003b0a:	e57c      	b.n	10003606 <_vsnprintf+0xee>
10003b0c:	0035      	movs	r5, r6
10003b0e:	465e      	mov	r6, fp
10003b10:	46bb      	mov	fp, r7
10003b12:	464f      	mov	r7, r9
10003b14:	e657      	b.n	100037c6 <_vsnprintf+0x2ae>
10003b16:	4643      	mov	r3, r8
10003b18:	2b01      	cmp	r3, #1
10003b1a:	d800      	bhi.n	10003b1e <_vsnprintf+0x606>
10003b1c:	e163      	b.n	10003de6 <_vsnprintf+0x8ce>
10003b1e:	1e63      	subs	r3, r4, #1
10003b20:	4443      	add	r3, r8
10003b22:	469a      	mov	sl, r3
10003b24:	0033      	movs	r3, r6
10003b26:	46b9      	mov	r9, r7
10003b28:	002e      	movs	r6, r5
10003b2a:	465f      	mov	r7, fp
10003b2c:	4655      	mov	r5, sl
10003b2e:	469b      	mov	fp, r3
10003b30:	46a2      	mov	sl, r4
10003b32:	0022      	movs	r2, r4
10003b34:	464b      	mov	r3, r9
10003b36:	3401      	adds	r4, #1
10003b38:	0039      	movs	r1, r7
10003b3a:	2020      	movs	r0, #32
10003b3c:	47b0      	blx	r6
10003b3e:	42ac      	cmp	r4, r5
10003b40:	d1f7      	bne.n	10003b32 <_vsnprintf+0x61a>
10003b42:	0035      	movs	r5, r6
10003b44:	465e      	mov	r6, fp
10003b46:	46bb      	mov	fp, r7
10003b48:	464f      	mov	r7, r9
10003b4a:	46a1      	mov	r9, r4
10003b4c:	4654      	mov	r4, sl
10003b4e:	9b0c      	ldr	r3, [sp, #48]	@ 0x30
10003b50:	464a      	mov	r2, r9
10003b52:	7818      	ldrb	r0, [r3, #0]
10003b54:	4659      	mov	r1, fp
10003b56:	003b      	movs	r3, r7
10003b58:	4444      	add	r4, r8
10003b5a:	47a8      	blx	r5
10003b5c:	e6d7      	b.n	1000390e <_vsnprintf+0x3f6>
10003b5e:	46a1      	mov	r9, r4
10003b60:	9b0f      	ldr	r3, [sp, #60]	@ 0x3c
10003b62:	4598      	cmp	r8, r3
10003b64:	d800      	bhi.n	10003b68 <_vsnprintf+0x650>
10003b66:	e632      	b.n	100037ce <_vsnprintf+0x2b6>
10003b68:	4444      	add	r4, r8
10003b6a:	1ae4      	subs	r4, r4, r3
10003b6c:	0033      	movs	r3, r6
10003b6e:	46b8      	mov	r8, r7
10003b70:	002e      	movs	r6, r5
10003b72:	465f      	mov	r7, fp
10003b74:	0025      	movs	r5, r4
10003b76:	464c      	mov	r4, r9
10003b78:	4699      	mov	r9, r3
10003b7a:	0022      	movs	r2, r4
10003b7c:	4643      	mov	r3, r8
10003b7e:	3401      	adds	r4, #1
10003b80:	0039      	movs	r1, r7
10003b82:	2020      	movs	r0, #32
10003b84:	47b0      	blx	r6
10003b86:	42ac      	cmp	r4, r5
10003b88:	d1f7      	bne.n	10003b7a <_vsnprintf+0x662>
10003b8a:	002c      	movs	r4, r5
10003b8c:	46bb      	mov	fp, r7
10003b8e:	0035      	movs	r5, r6
10003b90:	4647      	mov	r7, r8
10003b92:	464e      	mov	r6, r9
10003b94:	e61b      	b.n	100037ce <_vsnprintf+0x2b6>
10003b96:	2380      	movs	r3, #128	@ 0x80
10003b98:	0010      	movs	r0, r2
10003b9a:	00db      	lsls	r3, r3, #3
10003b9c:	4018      	ands	r0, r3
10003b9e:	421a      	tst	r2, r3
10003ba0:	d100      	bne.n	10003ba4 <_vsnprintf+0x68c>
10003ba2:	e10f      	b.n	10003dc4 <_vsnprintf+0x8ac>
10003ba4:	2111      	movs	r1, #17
10003ba6:	0018      	movs	r0, r3
10003ba8:	438a      	bics	r2, r1
10003baa:	920d      	str	r2, [sp, #52]	@ 0x34
10003bac:	9a0d      	ldr	r2, [sp, #52]	@ 0x34
10003bae:	2380      	movs	r3, #128	@ 0x80
10003bb0:	0011      	movs	r1, r2
10003bb2:	009b      	lsls	r3, r3, #2
10003bb4:	4019      	ands	r1, r3
10003bb6:	468c      	mov	ip, r1
10003bb8:	421a      	tst	r2, r3
10003bba:	d169      	bne.n	10003c90 <_vsnprintf+0x778>
10003bbc:	2380      	movs	r3, #128	@ 0x80
10003bbe:	0011      	movs	r1, r2
10003bc0:	005b      	lsls	r3, r3, #1
10003bc2:	4019      	ands	r1, r3
10003bc4:	4689      	mov	r9, r1
10003bc6:	990c      	ldr	r1, [sp, #48]	@ 0x30
10003bc8:	3104      	adds	r1, #4
10003bca:	910f      	str	r1, [sp, #60]	@ 0x3c
10003bcc:	421a      	tst	r2, r3
10003bce:	d000      	beq.n	10003bd2 <_vsnprintf+0x6ba>
10003bd0:	e1ca      	b.n	10003f68 <_vsnprintf+0xa50>
10003bd2:	0013      	movs	r3, r2
10003bd4:	065b      	lsls	r3, r3, #25
10003bd6:	d500      	bpl.n	10003bda <_vsnprintf+0x6c2>
10003bd8:	e0f0      	b.n	10003dbc <_vsnprintf+0x8a4>
10003bda:	0013      	movs	r3, r2
10003bdc:	061b      	lsls	r3, r3, #24
10003bde:	d400      	bmi.n	10003be2 <_vsnprintf+0x6ca>
10003be0:	e259      	b.n	10004096 <_vsnprintf+0xb7e>
10003be2:	9b0c      	ldr	r3, [sp, #48]	@ 0x30
10003be4:	2200      	movs	r2, #0
10003be6:	5e9b      	ldrsh	r3, [r3, r2]
10003be8:	17d9      	asrs	r1, r3, #31
10003bea:	185a      	adds	r2, r3, r1
10003bec:	404a      	eors	r2, r1
10003bee:	b292      	uxth	r2, r2
10003bf0:	0fd9      	lsrs	r1, r3, #31
10003bf2:	910c      	str	r1, [sp, #48]	@ 0x30
10003bf4:	2b00      	cmp	r3, #0
10003bf6:	d100      	bne.n	10003bfa <_vsnprintf+0x6e2>
10003bf8:	e1f9      	b.n	10003fee <_vsnprintf+0xad6>
10003bfa:	0010      	movs	r0, r2
10003bfc:	aa14      	add	r2, sp, #80	@ 0x50
10003bfe:	4694      	mov	ip, r2
10003c00:	4642      	mov	r2, r8
10003c02:	231f      	movs	r3, #31
10003c04:	9214      	str	r2, [sp, #80]	@ 0x50
10003c06:	4652      	mov	r2, sl
10003c08:	4463      	add	r3, ip
10003c0a:	46a8      	mov	r8, r5
10003c0c:	9416      	str	r4, [sp, #88]	@ 0x58
10003c0e:	464d      	mov	r5, r9
10003c10:	0004      	movs	r4, r0
10003c12:	46b9      	mov	r9, r7
10003c14:	46b2      	mov	sl, r6
10003c16:	001f      	movs	r7, r3
10003c18:	9215      	str	r2, [sp, #84]	@ 0x54
10003c1a:	e001      	b.n	10003c20 <_vsnprintf+0x708>
10003c1c:	2d20      	cmp	r5, #32
10003c1e:	d00f      	beq.n	10003c40 <_vsnprintf+0x728>
10003c20:	0020      	movs	r0, r4
10003c22:	210a      	movs	r1, #10
10003c24:	f7fd ff7e 	bl	10001b24 <__wrap___aeabi_uidiv>
10003c28:	3501      	adds	r5, #1
10003c2a:	197e      	adds	r6, r7, r5
10003c2c:	3130      	adds	r1, #48	@ 0x30
10003c2e:	7031      	strb	r1, [r6, #0]
10003c30:	0020      	movs	r0, r4
10003c32:	210a      	movs	r1, #10
10003c34:	f7fd ff76 	bl	10001b24 <__wrap___aeabi_uidiv>
10003c38:	0026      	movs	r6, r4
10003c3a:	0004      	movs	r4, r0
10003c3c:	2e09      	cmp	r6, #9
10003c3e:	d8ed      	bhi.n	10003c1c <_vsnprintf+0x704>
10003c40:	9b14      	ldr	r3, [sp, #80]	@ 0x50
10003c42:	464f      	mov	r7, r9
10003c44:	46a9      	mov	r9, r5
10003c46:	4645      	mov	r5, r8
10003c48:	4698      	mov	r8, r3
10003c4a:	9b15      	ldr	r3, [sp, #84]	@ 0x54
10003c4c:	4656      	mov	r6, sl
10003c4e:	469a      	mov	sl, r3
10003c50:	9c16      	ldr	r4, [sp, #88]	@ 0x58
10003c52:	9b0d      	ldr	r3, [sp, #52]	@ 0x34
10003c54:	9306      	str	r3, [sp, #24]
10003c56:	4643      	mov	r3, r8
10003c58:	9305      	str	r3, [sp, #20]
10003c5a:	4653      	mov	r3, sl
10003c5c:	9304      	str	r3, [sp, #16]
10003c5e:	230a      	movs	r3, #10
10003c60:	9303      	str	r3, [sp, #12]
10003c62:	9b0c      	ldr	r3, [sp, #48]	@ 0x30
10003c64:	9302      	str	r3, [sp, #8]
10003c66:	464b      	mov	r3, r9
10003c68:	9301      	str	r3, [sp, #4]
10003c6a:	ab1c      	add	r3, sp, #112	@ 0x70
10003c6c:	0022      	movs	r2, r4
10003c6e:	9300      	str	r3, [sp, #0]
10003c70:	4659      	mov	r1, fp
10003c72:	003b      	movs	r3, r7
10003c74:	0028      	movs	r0, r5
10003c76:	f7fe fe47 	bl	10002908 <_ntoa_format>
10003c7a:	9b0f      	ldr	r3, [sp, #60]	@ 0x3c
10003c7c:	0004      	movs	r4, r0
10003c7e:	930c      	str	r3, [sp, #48]	@ 0x30
10003c80:	e472      	b.n	10003568 <_vsnprintf+0x50>
10003c82:	46c0      	nop			@ (mov r8, r8)
10003c84:	10002859 	.word	0x10002859
10003c88:	230c      	movs	r3, #12
10003c8a:	439a      	bics	r2, r3
10003c8c:	0010      	movs	r0, r2
10003c8e:	e6e7      	b.n	10003a60 <_vsnprintf+0x548>
10003c90:	2207      	movs	r2, #7
10003c92:	9b0c      	ldr	r3, [sp, #48]	@ 0x30
10003c94:	3307      	adds	r3, #7
10003c96:	4393      	bics	r3, r2
10003c98:	3201      	adds	r2, #1
10003c9a:	4694      	mov	ip, r2
10003c9c:	449c      	add	ip, r3
10003c9e:	4662      	mov	r2, ip
10003ca0:	920c      	str	r2, [sp, #48]	@ 0x30
10003ca2:	cb0c      	ldmia	r3, {r2, r3}
10003ca4:	0fd9      	lsrs	r1, r3, #31
10003ca6:	910f      	str	r1, [sp, #60]	@ 0x3c
10003ca8:	0011      	movs	r1, r2
10003caa:	4319      	orrs	r1, r3
10003cac:	d100      	bne.n	10003cb0 <_vsnprintf+0x798>
10003cae:	e091      	b.n	10003dd4 <_vsnprintf+0x8bc>
10003cb0:	17d9      	asrs	r1, r3, #31
10003cb2:	9113      	str	r1, [sp, #76]	@ 0x4c
10003cb4:	9112      	str	r1, [sp, #72]	@ 0x48
10003cb6:	4051      	eors	r1, r2
10003cb8:	9110      	str	r1, [sp, #64]	@ 0x40
10003cba:	9913      	ldr	r1, [sp, #76]	@ 0x4c
10003cbc:	4059      	eors	r1, r3
10003cbe:	9111      	str	r1, [sp, #68]	@ 0x44
10003cc0:	9810      	ldr	r0, [sp, #64]	@ 0x40
10003cc2:	9911      	ldr	r1, [sp, #68]	@ 0x44
10003cc4:	9a12      	ldr	r2, [sp, #72]	@ 0x48
10003cc6:	9b13      	ldr	r3, [sp, #76]	@ 0x4c
10003cc8:	1a80      	subs	r0, r0, r2
10003cca:	4199      	sbcs	r1, r3
10003ccc:	9010      	str	r0, [sp, #64]	@ 0x40
10003cce:	9111      	str	r1, [sp, #68]	@ 0x44
10003cd0:	aa14      	add	r2, sp, #80	@ 0x50
10003cd2:	2300      	movs	r3, #0
10003cd4:	4694      	mov	ip, r2
10003cd6:	4642      	mov	r2, r8
10003cd8:	4699      	mov	r9, r3
10003cda:	9214      	str	r2, [sp, #80]	@ 0x50
10003cdc:	4652      	mov	r2, sl
10003cde:	331f      	adds	r3, #31
10003ce0:	4463      	add	r3, ip
10003ce2:	46a8      	mov	r8, r5
10003ce4:	46b2      	mov	sl, r6
10003ce6:	9416      	str	r4, [sp, #88]	@ 0x58
10003ce8:	464e      	mov	r6, r9
10003cea:	9c10      	ldr	r4, [sp, #64]	@ 0x40
10003cec:	9d11      	ldr	r5, [sp, #68]	@ 0x44
10003cee:	46b9      	mov	r9, r7
10003cf0:	9215      	str	r2, [sp, #84]	@ 0x54
10003cf2:	001f      	movs	r7, r3
10003cf4:	e001      	b.n	10003cfa <_vsnprintf+0x7e2>
10003cf6:	2e20      	cmp	r6, #32
10003cf8:	d010      	beq.n	10003d1c <_vsnprintf+0x804>
10003cfa:	0020      	movs	r0, r4
10003cfc:	0029      	movs	r1, r5
10003cfe:	220a      	movs	r2, #10
10003d00:	2300      	movs	r3, #0
10003d02:	f7fd ff4d 	bl	10001ba0 <__wrap___aeabi_uldivmod>
10003d06:	3601      	adds	r6, #1
10003d08:	3230      	adds	r2, #48	@ 0x30
10003d0a:	002b      	movs	r3, r5
10003d0c:	55ba      	strb	r2, [r7, r6]
10003d0e:	000d      	movs	r5, r1
10003d10:	0022      	movs	r2, r4
10003d12:	0004      	movs	r4, r0
10003d14:	2b00      	cmp	r3, #0
10003d16:	d1ee      	bne.n	10003cf6 <_vsnprintf+0x7de>
10003d18:	2a09      	cmp	r2, #9
10003d1a:	d8ec      	bhi.n	10003cf6 <_vsnprintf+0x7de>
10003d1c:	9b14      	ldr	r3, [sp, #80]	@ 0x50
10003d1e:	9410      	str	r4, [sp, #64]	@ 0x40
10003d20:	9511      	str	r5, [sp, #68]	@ 0x44
10003d22:	4645      	mov	r5, r8
10003d24:	4698      	mov	r8, r3
10003d26:	9b15      	ldr	r3, [sp, #84]	@ 0x54
10003d28:	464f      	mov	r7, r9
10003d2a:	46b1      	mov	r9, r6
10003d2c:	4656      	mov	r6, sl
10003d2e:	469a      	mov	sl, r3
10003d30:	9c16      	ldr	r4, [sp, #88]	@ 0x58
10003d32:	9b0d      	ldr	r3, [sp, #52]	@ 0x34
10003d34:	9306      	str	r3, [sp, #24]
10003d36:	4643      	mov	r3, r8
10003d38:	9305      	str	r3, [sp, #20]
10003d3a:	4653      	mov	r3, sl
10003d3c:	9304      	str	r3, [sp, #16]
10003d3e:	230a      	movs	r3, #10
10003d40:	9303      	str	r3, [sp, #12]
10003d42:	9b0f      	ldr	r3, [sp, #60]	@ 0x3c
10003d44:	9302      	str	r3, [sp, #8]
10003d46:	464b      	mov	r3, r9
10003d48:	9301      	str	r3, [sp, #4]
10003d4a:	ab1c      	add	r3, sp, #112	@ 0x70
10003d4c:	0022      	movs	r2, r4
10003d4e:	9300      	str	r3, [sp, #0]
10003d50:	4659      	mov	r1, fp
10003d52:	003b      	movs	r3, r7
10003d54:	0028      	movs	r0, r5
10003d56:	f7fe fdd7 	bl	10002908 <_ntoa_format>
10003d5a:	0004      	movs	r4, r0
10003d5c:	f7ff fc04 	bl	10003568 <_vsnprintf+0x50>
10003d60:	9b0f      	ldr	r3, [sp, #60]	@ 0x3c
10003d62:	4598      	cmp	r8, r3
10003d64:	d800      	bhi.n	10003d68 <_vsnprintf+0x850>
10003d66:	e1c1      	b.n	100040ec <_vsnprintf+0xbd4>
10003d68:	2380      	movs	r3, #128	@ 0x80
10003d6a:	00db      	lsls	r3, r3, #3
10003d6c:	930d      	str	r3, [sp, #52]	@ 0x34
10003d6e:	4643      	mov	r3, r8
10003d70:	9a0f      	ldr	r2, [sp, #60]	@ 0x3c
10003d72:	191b      	adds	r3, r3, r4
10003d74:	1a9b      	subs	r3, r3, r2
10003d76:	4699      	mov	r9, r3
10003d78:	0033      	movs	r3, r6
10003d7a:	002e      	movs	r6, r5
10003d7c:	464d      	mov	r5, r9
10003d7e:	46b9      	mov	r9, r7
10003d80:	465f      	mov	r7, fp
10003d82:	469b      	mov	fp, r3
10003d84:	910c      	str	r1, [sp, #48]	@ 0x30
10003d86:	0022      	movs	r2, r4
10003d88:	464b      	mov	r3, r9
10003d8a:	3401      	adds	r4, #1
10003d8c:	0039      	movs	r1, r7
10003d8e:	2020      	movs	r0, #32
10003d90:	47b0      	blx	r6
10003d92:	42ac      	cmp	r4, r5
10003d94:	d1f7      	bne.n	10003d86 <_vsnprintf+0x86e>
10003d96:	4643      	mov	r3, r8
10003d98:	990c      	ldr	r1, [sp, #48]	@ 0x30
10003d9a:	3301      	adds	r3, #1
10003d9c:	930f      	str	r3, [sp, #60]	@ 0x3c
10003d9e:	780b      	ldrb	r3, [r1, #0]
10003da0:	0035      	movs	r5, r6
10003da2:	930c      	str	r3, [sp, #48]	@ 0x30
10003da4:	465e      	mov	r6, fp
10003da6:	46bb      	mov	fp, r7
10003da8:	464f      	mov	r7, r9
10003daa:	2b00      	cmp	r3, #0
10003dac:	d100      	bne.n	10003db0 <_vsnprintf+0x898>
10003dae:	e50e      	b.n	100037ce <_vsnprintf+0x2b6>
10003db0:	9b0d      	ldr	r3, [sp, #52]	@ 0x34
10003db2:	2b00      	cmp	r3, #0
10003db4:	d100      	bne.n	10003db8 <_vsnprintf+0x8a0>
10003db6:	e4f6      	b.n	100037a6 <_vsnprintf+0x28e>
10003db8:	2300      	movs	r3, #0
10003dba:	e619      	b.n	100039f0 <_vsnprintf+0x4d8>
10003dbc:	9b0c      	ldr	r3, [sp, #48]	@ 0x30
10003dbe:	781b      	ldrb	r3, [r3, #0]
10003dc0:	001a      	movs	r2, r3
10003dc2:	e715      	b.n	10003bf0 <_vsnprintf+0x6d8>
10003dc4:	2310      	movs	r3, #16
10003dc6:	439a      	bics	r2, r3
10003dc8:	920d      	str	r2, [sp, #52]	@ 0x34
10003dca:	e6ef      	b.n	10003bac <_vsnprintf+0x694>
10003dcc:	9b0c      	ldr	r3, [sp, #48]	@ 0x30
10003dce:	781b      	ldrb	r3, [r3, #0]
10003dd0:	9309      	str	r3, [sp, #36]	@ 0x24
10003dd2:	e661      	b.n	10003a98 <_vsnprintf+0x580>
10003dd4:	2300      	movs	r3, #0
10003dd6:	4699      	mov	r9, r3
10003dd8:	2800      	cmp	r0, #0
10003dda:	d1aa      	bne.n	10003d32 <_vsnprintf+0x81a>
10003ddc:	2200      	movs	r2, #0
10003dde:	2300      	movs	r3, #0
10003de0:	9210      	str	r2, [sp, #64]	@ 0x40
10003de2:	9311      	str	r3, [sp, #68]	@ 0x44
10003de4:	e774      	b.n	10003cd0 <_vsnprintf+0x7b8>
10003de6:	9b0c      	ldr	r3, [sp, #48]	@ 0x30
10003de8:	0022      	movs	r2, r4
10003dea:	7818      	ldrb	r0, [r3, #0]
10003dec:	4659      	mov	r1, fp
10003dee:	003b      	movs	r3, r7
10003df0:	47a8      	blx	r5
10003df2:	464c      	mov	r4, r9
10003df4:	e58b      	b.n	1000390e <_vsnprintf+0x3f6>
10003df6:	9a0c      	ldr	r2, [sp, #48]	@ 0x30
10003df8:	3bfa      	subs	r3, #250	@ 0xfa
10003dfa:	3bff      	subs	r3, #255	@ 0xff
10003dfc:	3207      	adds	r2, #7
10003dfe:	439a      	bics	r2, r3
10003e00:	3301      	adds	r3, #1
10003e02:	4699      	mov	r9, r3
10003e04:	4491      	add	r9, r2
10003e06:	464b      	mov	r3, r9
10003e08:	930c      	str	r3, [sp, #48]	@ 0x30
10003e0a:	6813      	ldr	r3, [r2, #0]
10003e0c:	6852      	ldr	r2, [r2, #4]
10003e0e:	9215      	str	r2, [sp, #84]	@ 0x54
10003e10:	431a      	orrs	r2, r3
10003e12:	d106      	bne.n	10003e22 <_vsnprintf+0x90a>
10003e14:	3210      	adds	r2, #16
10003e16:	4390      	bics	r0, r2
10003e18:	2200      	movs	r2, #0
10003e1a:	9209      	str	r2, [sp, #36]	@ 0x24
10003e1c:	2900      	cmp	r1, #0
10003e1e:	d000      	beq.n	10003e22 <_vsnprintf+0x90a>
10003e20:	e081      	b.n	10003f26 <_vsnprintf+0xa0e>
10003e22:	2261      	movs	r2, #97	@ 0x61
10003e24:	0681      	lsls	r1, r0, #26
10003e26:	d500      	bpl.n	10003e2a <_vsnprintf+0x912>
10003e28:	2241      	movs	r2, #65	@ 0x41
10003e2a:	b2d2      	uxtb	r2, r2
10003e2c:	920a      	str	r2, [sp, #40]	@ 0x28
10003e2e:	aa14      	add	r2, sp, #80	@ 0x50
10003e30:	4691      	mov	r9, r2
10003e32:	9a0a      	ldr	r2, [sp, #40]	@ 0x28
10003e34:	2100      	movs	r1, #0
10003e36:	3a0a      	subs	r2, #10
10003e38:	9214      	str	r2, [sp, #80]	@ 0x50
10003e3a:	4642      	mov	r2, r8
10003e3c:	9217      	str	r2, [sp, #92]	@ 0x5c
10003e3e:	4652      	mov	r2, sl
10003e40:	9218      	str	r2, [sp, #96]	@ 0x60
10003e42:	465a      	mov	r2, fp
10003e44:	9109      	str	r1, [sp, #36]	@ 0x24
10003e46:	46b3      	mov	fp, r6
10003e48:	311f      	adds	r1, #31
10003e4a:	001e      	movs	r6, r3
10003e4c:	9b0f      	ldr	r3, [sp, #60]	@ 0x3c
10003e4e:	4449      	add	r1, r9
10003e50:	46ba      	mov	sl, r7
10003e52:	9419      	str	r4, [sp, #100]	@ 0x64
10003e54:	951a      	str	r5, [sp, #104]	@ 0x68
10003e56:	2400      	movs	r4, #0
10003e58:	4667      	mov	r7, ip
10003e5a:	4698      	mov	r8, r3
10003e5c:	4689      	mov	r9, r1
10003e5e:	9d15      	ldr	r5, [sp, #84]	@ 0x54
10003e60:	9016      	str	r0, [sp, #88]	@ 0x58
10003e62:	921b      	str	r2, [sp, #108]	@ 0x6c
10003e64:	e00a      	b.n	10003e7c <_vsnprintf+0x964>
10003e66:	3230      	adds	r2, #48	@ 0x30
10003e68:	b2d2      	uxtb	r2, r2
10003e6a:	464b      	mov	r3, r9
10003e6c:	3401      	adds	r4, #1
10003e6e:	551a      	strb	r2, [r3, r4]
10003e70:	45a8      	cmp	r8, r5
10003e72:	d04a      	beq.n	10003f0a <_vsnprintf+0x9f2>
10003e74:	2c20      	cmp	r4, #32
10003e76:	d04a      	beq.n	10003f0e <_vsnprintf+0x9f6>
10003e78:	0006      	movs	r6, r0
10003e7a:	000d      	movs	r5, r1
10003e7c:	003a      	movs	r2, r7
10003e7e:	2300      	movs	r3, #0
10003e80:	0030      	movs	r0, r6
10003e82:	0029      	movs	r1, r5
10003e84:	f7fd fe8c 	bl	10001ba0 <__wrap___aeabi_uldivmod>
10003e88:	b2d2      	uxtb	r2, r2
10003e8a:	2a09      	cmp	r2, #9
10003e8c:	d9eb      	bls.n	10003e66 <_vsnprintf+0x94e>
10003e8e:	9b14      	ldr	r3, [sp, #80]	@ 0x50
10003e90:	469c      	mov	ip, r3
10003e92:	4462      	add	r2, ip
10003e94:	b2d2      	uxtb	r2, r2
10003e96:	e7e8      	b.n	10003e6a <_vsnprintf+0x952>
10003e98:	2361      	movs	r3, #97	@ 0x61
10003e9a:	0682      	lsls	r2, r0, #26
10003e9c:	d500      	bpl.n	10003ea0 <_vsnprintf+0x988>
10003e9e:	2341      	movs	r3, #65	@ 0x41
10003ea0:	b2db      	uxtb	r3, r3
10003ea2:	3b0a      	subs	r3, #10
10003ea4:	930c      	str	r3, [sp, #48]	@ 0x30
10003ea6:	4643      	mov	r3, r8
10003ea8:	a914      	add	r1, sp, #80	@ 0x50
10003eaa:	221f      	movs	r2, #31
10003eac:	468c      	mov	ip, r1
10003eae:	9315      	str	r3, [sp, #84]	@ 0x54
10003eb0:	4653      	mov	r3, sl
10003eb2:	4462      	add	r2, ip
10003eb4:	46a0      	mov	r8, r4
10003eb6:	46b2      	mov	sl, r6
10003eb8:	464c      	mov	r4, r9
10003eba:	9717      	str	r7, [sp, #92]	@ 0x5c
10003ebc:	46a9      	mov	r9, r5
10003ebe:	0017      	movs	r7, r2
10003ec0:	9d09      	ldr	r5, [sp, #36]	@ 0x24
10003ec2:	9e0d      	ldr	r6, [sp, #52]	@ 0x34
10003ec4:	9014      	str	r0, [sp, #80]	@ 0x50
10003ec6:	9316      	str	r3, [sp, #88]	@ 0x58
10003ec8:	e008      	b.n	10003edc <_vsnprintf+0x9c4>
10003eca:	3330      	adds	r3, #48	@ 0x30
10003ecc:	b2db      	uxtb	r3, r3
10003ece:	3401      	adds	r4, #1
10003ed0:	553b      	strb	r3, [r7, r4]
10003ed2:	42b5      	cmp	r5, r6
10003ed4:	d30e      	bcc.n	10003ef4 <_vsnprintf+0x9dc>
10003ed6:	2c20      	cmp	r4, #32
10003ed8:	d00c      	beq.n	10003ef4 <_vsnprintf+0x9dc>
10003eda:	0005      	movs	r5, r0
10003edc:	0031      	movs	r1, r6
10003ede:	0028      	movs	r0, r5
10003ee0:	f7fd fe20 	bl	10001b24 <__wrap___aeabi_uidiv>
10003ee4:	b2cb      	uxtb	r3, r1
10003ee6:	2909      	cmp	r1, #9
10003ee8:	d9ef      	bls.n	10003eca <_vsnprintf+0x9b2>
10003eea:	9a0c      	ldr	r2, [sp, #48]	@ 0x30
10003eec:	4694      	mov	ip, r2
10003eee:	4463      	add	r3, ip
10003ef0:	b2db      	uxtb	r3, r3
10003ef2:	e7ec      	b.n	10003ece <_vsnprintf+0x9b6>
10003ef4:	9b15      	ldr	r3, [sp, #84]	@ 0x54
10003ef6:	464d      	mov	r5, r9
10003ef8:	46a1      	mov	r9, r4
10003efa:	4644      	mov	r4, r8
10003efc:	4698      	mov	r8, r3
10003efe:	9b16      	ldr	r3, [sp, #88]	@ 0x58
10003f00:	4656      	mov	r6, sl
10003f02:	9814      	ldr	r0, [sp, #80]	@ 0x50
10003f04:	469a      	mov	sl, r3
10003f06:	9f17      	ldr	r7, [sp, #92]	@ 0x5c
10003f08:	e5d0      	b.n	10003aac <_vsnprintf+0x594>
10003f0a:	42b7      	cmp	r7, r6
10003f0c:	d9b2      	bls.n	10003e74 <_vsnprintf+0x95c>
10003f0e:	9b17      	ldr	r3, [sp, #92]	@ 0x5c
10003f10:	4657      	mov	r7, sl
10003f12:	4698      	mov	r8, r3
10003f14:	9b18      	ldr	r3, [sp, #96]	@ 0x60
10003f16:	465e      	mov	r6, fp
10003f18:	469a      	mov	sl, r3
10003f1a:	9b1b      	ldr	r3, [sp, #108]	@ 0x6c
10003f1c:	9409      	str	r4, [sp, #36]	@ 0x24
10003f1e:	469b      	mov	fp, r3
10003f20:	9816      	ldr	r0, [sp, #88]	@ 0x58
10003f22:	9c19      	ldr	r4, [sp, #100]	@ 0x64
10003f24:	9d1a      	ldr	r5, [sp, #104]	@ 0x68
10003f26:	4643      	mov	r3, r8
10003f28:	9305      	str	r3, [sp, #20]
10003f2a:	4653      	mov	r3, sl
10003f2c:	9304      	str	r3, [sp, #16]
10003f2e:	9b0d      	ldr	r3, [sp, #52]	@ 0x34
10003f30:	9006      	str	r0, [sp, #24]
10003f32:	9303      	str	r3, [sp, #12]
10003f34:	2300      	movs	r3, #0
10003f36:	9302      	str	r3, [sp, #8]
10003f38:	9b09      	ldr	r3, [sp, #36]	@ 0x24
10003f3a:	e705      	b.n	10003d48 <_vsnprintf+0x830>
10003f3c:	9b0f      	ldr	r3, [sp, #60]	@ 0x3c
10003f3e:	4598      	cmp	r8, r3
10003f40:	d900      	bls.n	10003f44 <_vsnprintf+0xa2c>
10003f42:	e714      	b.n	10003d6e <_vsnprintf+0x856>
10003f44:	3301      	adds	r3, #1
10003f46:	930f      	str	r3, [sp, #60]	@ 0x3c
10003f48:	e42d      	b.n	100037a6 <_vsnprintf+0x28e>
10003f4a:	2310      	movs	r3, #16
10003f4c:	0011      	movs	r1, r2
10003f4e:	4399      	bics	r1, r3
10003f50:	910d      	str	r1, [sp, #52]	@ 0x34
10003f52:	2869      	cmp	r0, #105	@ 0x69
10003f54:	d000      	beq.n	10003f58 <_vsnprintf+0xa40>
10003f56:	e0ba      	b.n	100040ce <_vsnprintf+0xbb6>
10003f58:	2380      	movs	r3, #128	@ 0x80
10003f5a:	0010      	movs	r0, r2
10003f5c:	00db      	lsls	r3, r3, #3
10003f5e:	4018      	ands	r0, r3
10003f60:	421a      	tst	r2, r3
10003f62:	d100      	bne.n	10003f66 <_vsnprintf+0xa4e>
10003f64:	e622      	b.n	10003bac <_vsnprintf+0x694>
10003f66:	e61d      	b.n	10003ba4 <_vsnprintf+0x68c>
10003f68:	9b0c      	ldr	r3, [sp, #48]	@ 0x30
10003f6a:	681b      	ldr	r3, [r3, #0]
10003f6c:	0fda      	lsrs	r2, r3, #31
10003f6e:	0011      	movs	r1, r2
10003f70:	2b00      	cmp	r3, #0
10003f72:	d100      	bne.n	10003f76 <_vsnprintf+0xa5e>
10003f74:	e08c      	b.n	10004090 <_vsnprintf+0xb78>
10003f76:	17da      	asrs	r2, r3, #31
10003f78:	1898      	adds	r0, r3, r2
10003f7a:	4050      	eors	r0, r2
10003f7c:	aa14      	add	r2, sp, #80	@ 0x50
10003f7e:	4691      	mov	r9, r2
10003f80:	4642      	mov	r2, r8
10003f82:	231f      	movs	r3, #31
10003f84:	9214      	str	r2, [sp, #80]	@ 0x50
10003f86:	4652      	mov	r2, sl
10003f88:	444b      	add	r3, r9
10003f8a:	46a0      	mov	r8, r4
10003f8c:	46a9      	mov	r9, r5
10003f8e:	9716      	str	r7, [sp, #88]	@ 0x58
10003f90:	0004      	movs	r4, r0
10003f92:	4665      	mov	r5, ip
10003f94:	46b2      	mov	sl, r6
10003f96:	001f      	movs	r7, r3
10003f98:	910c      	str	r1, [sp, #48]	@ 0x30
10003f9a:	9215      	str	r2, [sp, #84]	@ 0x54
10003f9c:	e001      	b.n	10003fa2 <_vsnprintf+0xa8a>
10003f9e:	2d20      	cmp	r5, #32
10003fa0:	d00f      	beq.n	10003fc2 <_vsnprintf+0xaaa>
10003fa2:	0020      	movs	r0, r4
10003fa4:	210a      	movs	r1, #10
10003fa6:	f7fd fdbd 	bl	10001b24 <__wrap___aeabi_uidiv>
10003faa:	3501      	adds	r5, #1
10003fac:	197e      	adds	r6, r7, r5
10003fae:	3130      	adds	r1, #48	@ 0x30
10003fb0:	7031      	strb	r1, [r6, #0]
10003fb2:	0020      	movs	r0, r4
10003fb4:	210a      	movs	r1, #10
10003fb6:	f7fd fdb5 	bl	10001b24 <__wrap___aeabi_uidiv>
10003fba:	0026      	movs	r6, r4
10003fbc:	0004      	movs	r4, r0
10003fbe:	2e09      	cmp	r6, #9
10003fc0:	d8ed      	bhi.n	10003f9e <_vsnprintf+0xa86>
10003fc2:	9b14      	ldr	r3, [sp, #80]	@ 0x50
10003fc4:	4644      	mov	r4, r8
10003fc6:	4698      	mov	r8, r3
10003fc8:	9b0c      	ldr	r3, [sp, #48]	@ 0x30
10003fca:	46ac      	mov	ip, r5
10003fcc:	0019      	movs	r1, r3
10003fce:	9b15      	ldr	r3, [sp, #84]	@ 0x54
10003fd0:	4656      	mov	r6, sl
10003fd2:	464d      	mov	r5, r9
10003fd4:	469a      	mov	sl, r3
10003fd6:	9f16      	ldr	r7, [sp, #88]	@ 0x58
10003fd8:	9b0d      	ldr	r3, [sp, #52]	@ 0x34
10003fda:	9102      	str	r1, [sp, #8]
10003fdc:	9306      	str	r3, [sp, #24]
10003fde:	4643      	mov	r3, r8
10003fe0:	9305      	str	r3, [sp, #20]
10003fe2:	4653      	mov	r3, sl
10003fe4:	9304      	str	r3, [sp, #16]
10003fe6:	230a      	movs	r3, #10
10003fe8:	9303      	str	r3, [sp, #12]
10003fea:	4663      	mov	r3, ip
10003fec:	e63c      	b.n	10003c68 <_vsnprintf+0x750>
10003fee:	2800      	cmp	r0, #0
10003ff0:	d000      	beq.n	10003ff4 <_vsnprintf+0xadc>
10003ff2:	e62e      	b.n	10003c52 <_vsnprintf+0x73a>
10003ff4:	e602      	b.n	10003bfc <_vsnprintf+0x6e4>
10003ff6:	9b0c      	ldr	r3, [sp, #48]	@ 0x30
10003ff8:	681b      	ldr	r3, [r3, #0]
10003ffa:	4699      	mov	r9, r3
10003ffc:	2b00      	cmp	r3, #0
10003ffe:	d103      	bne.n	10004008 <_vsnprintf+0xaf0>
10004000:	3310      	adds	r3, #16
10004002:	4398      	bics	r0, r3
10004004:	2900      	cmp	r1, #0
10004006:	d138      	bne.n	1000407a <_vsnprintf+0xb62>
10004008:	2361      	movs	r3, #97	@ 0x61
1000400a:	0682      	lsls	r2, r0, #26
1000400c:	d500      	bpl.n	10004010 <_vsnprintf+0xaf8>
1000400e:	2341      	movs	r3, #65	@ 0x41
10004010:	b2db      	uxtb	r3, r3
10004012:	3b0a      	subs	r3, #10
10004014:	930c      	str	r3, [sp, #48]	@ 0x30
10004016:	4643      	mov	r3, r8
10004018:	9316      	str	r3, [sp, #88]	@ 0x58
1000401a:	4653      	mov	r3, sl
1000401c:	a914      	add	r1, sp, #80	@ 0x50
1000401e:	221f      	movs	r2, #31
10004020:	468c      	mov	ip, r1
10004022:	9317      	str	r3, [sp, #92]	@ 0x5c
10004024:	002b      	movs	r3, r5
10004026:	4462      	add	r2, ip
10004028:	46a0      	mov	r8, r4
1000402a:	464d      	mov	r5, r9
1000402c:	46b2      	mov	sl, r6
1000402e:	9718      	str	r7, [sp, #96]	@ 0x60
10004030:	4699      	mov	r9, r3
10004032:	0017      	movs	r7, r2
10004034:	9c14      	ldr	r4, [sp, #80]	@ 0x50
10004036:	9e0d      	ldr	r6, [sp, #52]	@ 0x34
10004038:	9015      	str	r0, [sp, #84]	@ 0x54
1000403a:	e008      	b.n	1000404e <_vsnprintf+0xb36>
1000403c:	3330      	adds	r3, #48	@ 0x30
1000403e:	b2db      	uxtb	r3, r3
10004040:	3401      	adds	r4, #1
10004042:	553b      	strb	r3, [r7, r4]
10004044:	42b5      	cmp	r5, r6
10004046:	d30e      	bcc.n	10004066 <_vsnprintf+0xb4e>
10004048:	2c20      	cmp	r4, #32
1000404a:	d00c      	beq.n	10004066 <_vsnprintf+0xb4e>
1000404c:	0005      	movs	r5, r0
1000404e:	0031      	movs	r1, r6
10004050:	0028      	movs	r0, r5
10004052:	f7fd fd67 	bl	10001b24 <__wrap___aeabi_uidiv>
10004056:	b2cb      	uxtb	r3, r1
10004058:	2909      	cmp	r1, #9
1000405a:	d9ef      	bls.n	1000403c <_vsnprintf+0xb24>
1000405c:	9a0c      	ldr	r2, [sp, #48]	@ 0x30
1000405e:	4694      	mov	ip, r2
10004060:	4463      	add	r3, ip
10004062:	b2db      	uxtb	r3, r3
10004064:	e7ec      	b.n	10004040 <_vsnprintf+0xb28>
10004066:	9b16      	ldr	r3, [sp, #88]	@ 0x58
10004068:	9414      	str	r4, [sp, #80]	@ 0x50
1000406a:	4644      	mov	r4, r8
1000406c:	4698      	mov	r8, r3
1000406e:	9b17      	ldr	r3, [sp, #92]	@ 0x5c
10004070:	4656      	mov	r6, sl
10004072:	464d      	mov	r5, r9
10004074:	469a      	mov	sl, r3
10004076:	9815      	ldr	r0, [sp, #84]	@ 0x54
10004078:	9f18      	ldr	r7, [sp, #96]	@ 0x60
1000407a:	4643      	mov	r3, r8
1000407c:	9305      	str	r3, [sp, #20]
1000407e:	4653      	mov	r3, sl
10004080:	9304      	str	r3, [sp, #16]
10004082:	9b0d      	ldr	r3, [sp, #52]	@ 0x34
10004084:	9006      	str	r0, [sp, #24]
10004086:	9303      	str	r3, [sp, #12]
10004088:	2300      	movs	r3, #0
1000408a:	9302      	str	r3, [sp, #8]
1000408c:	9b14      	ldr	r3, [sp, #80]	@ 0x50
1000408e:	e5eb      	b.n	10003c68 <_vsnprintf+0x750>
10004090:	2800      	cmp	r0, #0
10004092:	d1a1      	bne.n	10003fd8 <_vsnprintf+0xac0>
10004094:	e772      	b.n	10003f7c <_vsnprintf+0xa64>
10004096:	9b0c      	ldr	r3, [sp, #48]	@ 0x30
10004098:	681b      	ldr	r3, [r3, #0]
1000409a:	17d9      	asrs	r1, r3, #31
1000409c:	185a      	adds	r2, r3, r1
1000409e:	404a      	eors	r2, r1
100040a0:	e5a6      	b.n	10003bf0 <_vsnprintf+0x6d8>
100040a2:	2380      	movs	r3, #128	@ 0x80
100040a4:	0010      	movs	r0, r2
100040a6:	00db      	lsls	r3, r3, #3
100040a8:	4018      	ands	r0, r3
100040aa:	469c      	mov	ip, r3
100040ac:	900f      	str	r0, [sp, #60]	@ 0x3c
100040ae:	421a      	tst	r2, r3
100040b0:	d00f      	beq.n	100040d2 <_vsnprintf+0xbba>
100040b2:	2002      	movs	r0, #2
100040b4:	0003      	movs	r3, r0
100040b6:	4013      	ands	r3, r2
100040b8:	930f      	str	r3, [sp, #60]	@ 0x3c
100040ba:	4210      	tst	r0, r2
100040bc:	d019      	beq.n	100040f2 <_vsnprintf+0xbda>
100040be:	2300      	movs	r3, #0
100040c0:	46a1      	mov	r9, r4
100040c2:	930f      	str	r3, [sp, #60]	@ 0x3c
100040c4:	e54c      	b.n	10003b60 <_vsnprintf+0x648>
100040c6:	9b0c      	ldr	r3, [sp, #48]	@ 0x30
100040c8:	681b      	ldr	r3, [r3, #0]
100040ca:	9309      	str	r3, [sp, #36]	@ 0x24
100040cc:	e4e4      	b.n	10003a98 <_vsnprintf+0x580>
100040ce:	000a      	movs	r2, r1
100040d0:	e434      	b.n	1000393c <_vsnprintf+0x424>
100040d2:	2302      	movs	r3, #2
100040d4:	0018      	movs	r0, r3
100040d6:	4010      	ands	r0, r2
100040d8:	900d      	str	r0, [sp, #52]	@ 0x34
100040da:	4213      	tst	r3, r2
100040dc:	d000      	beq.n	100040e0 <_vsnprintf+0xbc8>
100040de:	e53e      	b.n	10003b5e <_vsnprintf+0x646>
100040e0:	4643      	mov	r3, r8
100040e2:	2b00      	cmp	r3, #0
100040e4:	d000      	beq.n	100040e8 <_vsnprintf+0xbd0>
100040e6:	e642      	b.n	10003d6e <_vsnprintf+0x856>
100040e8:	f7ff fb71 	bl	100037ce <_vsnprintf+0x2b6>
100040ec:	3301      	adds	r3, #1
100040ee:	930f      	str	r3, [sp, #60]	@ 0x3c
100040f0:	e47f      	b.n	100039f2 <_vsnprintf+0x4da>
100040f2:	4663      	mov	r3, ip
100040f4:	930d      	str	r3, [sp, #52]	@ 0x34
100040f6:	e7f3      	b.n	100040e0 <_vsnprintf+0xbc8>

100040f8 <vfctprintf>:
100040f8:	b510      	push	{r4, lr}
100040fa:	000c      	movs	r4, r1
100040fc:	b084      	sub	sp, #16
100040fe:	9403      	str	r4, [sp, #12]
10004100:	2401      	movs	r4, #1
10004102:	a902      	add	r1, sp, #8
10004104:	9002      	str	r0, [sp, #8]
10004106:	9300      	str	r3, [sp, #0]
10004108:	4803      	ldr	r0, [pc, #12]	@ (10004118 <vfctprintf+0x20>)
1000410a:	0013      	movs	r3, r2
1000410c:	4262      	negs	r2, r4
1000410e:	f7ff fa03 	bl	10003518 <_vsnprintf>
10004112:	b004      	add	sp, #16
10004114:	bd10      	pop	{r4, pc}
10004116:	46c0      	nop			@ (mov r8, r8)
10004118:	10002ae5 	.word	0x10002ae5

1000411c <weak_raw_vprintf>:
1000411c:	b510      	push	{r4, lr}
1000411e:	4a09      	ldr	r2, [pc, #36]	@ (10004144 <weak_raw_vprintf+0x28>)
10004120:	0003      	movs	r3, r0
10004122:	6814      	ldr	r4, [r2, #0]
10004124:	b084      	sub	sp, #16
10004126:	2c00      	cmp	r4, #0
10004128:	d008      	beq.n	1000413c <weak_raw_vprintf+0x20>
1000412a:	2201      	movs	r2, #1
1000412c:	9100      	str	r1, [sp, #0]
1000412e:	4806      	ldr	r0, [pc, #24]	@ (10004148 <weak_raw_vprintf+0x2c>)
10004130:	4252      	negs	r2, r2
10004132:	a903      	add	r1, sp, #12
10004134:	47a0      	blx	r4
10004136:	2001      	movs	r0, #1
10004138:	b004      	add	sp, #16
1000413a:	bd10      	pop	{r4, pc}
1000413c:	f000 f998 	bl	10004470 <__wrap_puts>
10004140:	2000      	movs	r0, #0
10004142:	e7f9      	b.n	10004138 <weak_raw_vprintf+0x1c>
10004144:	200020ec 	.word	0x200020ec
10004148:	10002ad5 	.word	0x10002ad5

1000414c <_exit>:
1000414c:	be00      	bkpt	0x0000
1000414e:	e7fd      	b.n	1000414c <_exit>

10004150 <exit>:
10004150:	b510      	push	{r4, lr}
10004152:	f7ff fffb 	bl	1000414c <_exit>
10004156:	46c0      	nop			@ (mov r8, r8)

10004158 <runtime_init>:
10004158:	b570      	push	{r4, r5, r6, lr}
1000415a:	f7fd fb97 	bl	1000188c <runtime_run_initializers>
1000415e:	4d07      	ldr	r5, [pc, #28]	@ (1000417c <runtime_init+0x24>)
10004160:	4e07      	ldr	r6, [pc, #28]	@ (10004180 <runtime_init+0x28>)
10004162:	42b5      	cmp	r5, r6
10004164:	d209      	bcs.n	1000417a <runtime_init+0x22>
10004166:	2400      	movs	r4, #0
10004168:	3e01      	subs	r6, #1
1000416a:	1b76      	subs	r6, r6, r5
1000416c:	08b6      	lsrs	r6, r6, #2
1000416e:	cd08      	ldmia	r5!, {r3}
10004170:	4798      	blx	r3
10004172:	0023      	movs	r3, r4
10004174:	3401      	adds	r4, #1
10004176:	42b3      	cmp	r3, r6
10004178:	d1f9      	bne.n	1000416e <runtime_init+0x16>
1000417a:	bd70      	pop	{r4, r5, r6, pc}
1000417c:	10006f5c 	.word	0x10006f5c
10004180:	10006f68 	.word	0x10006f68

10004184 <stdio_out_chars_no_crlf>:
10004184:	0003      	movs	r3, r0
10004186:	b510      	push	{r4, lr}
10004188:	0008      	movs	r0, r1
1000418a:	0011      	movs	r1, r2
1000418c:	681b      	ldr	r3, [r3, #0]
1000418e:	4798      	blx	r3
10004190:	bd10      	pop	{r4, pc}
10004192:	46c0      	nop			@ (mov r8, r8)

10004194 <stdio_out_chars_crlf>:
10004194:	b5f0      	push	{r4, r5, r6, r7, lr}
10004196:	46c6      	mov	lr, r8
10004198:	b500      	push	{lr}
1000419a:	7d43      	ldrb	r3, [r0, #21]
1000419c:	0007      	movs	r7, r0
1000419e:	000c      	movs	r4, r1
100041a0:	0016      	movs	r6, r2
100041a2:	2b00      	cmp	r3, #0
100041a4:	d046      	beq.n	10004234 <stdio_out_chars_crlf+0xa0>
100041a6:	2a00      	cmp	r2, #0
100041a8:	dd17      	ble.n	100041da <stdio_out_chars_crlf+0x46>
100041aa:	780b      	ldrb	r3, [r1, #0]
100041ac:	2b0a      	cmp	r3, #10
100041ae:	d024      	beq.n	100041fa <stdio_out_chars_crlf+0x66>
100041b0:	2300      	movs	r3, #0
100041b2:	4698      	mov	r8, r3
100041b4:	2e01      	cmp	r6, #1
100041b6:	d013      	beq.n	100041e0 <stdio_out_chars_crlf+0x4c>
100041b8:	2501      	movs	r5, #1
100041ba:	0029      	movs	r1, r5
100041bc:	5c63      	ldrb	r3, [r4, r1]
100041be:	3501      	adds	r5, #1
100041c0:	2b0a      	cmp	r3, #10
100041c2:	d026      	beq.n	10004212 <stdio_out_chars_crlf+0x7e>
100041c4:	42b5      	cmp	r5, r6
100041c6:	d1f8      	bne.n	100041ba <stdio_out_chars_crlf+0x26>
100041c8:	4546      	cmp	r6, r8
100041ca:	dc09      	bgt.n	100041e0 <stdio_out_chars_crlf+0x4c>
100041cc:	19a4      	adds	r4, r4, r6
100041ce:	3c01      	subs	r4, #1
100041d0:	7823      	ldrb	r3, [r4, #0]
100041d2:	3b0d      	subs	r3, #13
100041d4:	425a      	negs	r2, r3
100041d6:	4153      	adcs	r3, r2
100041d8:	753b      	strb	r3, [r7, #20]
100041da:	bc80      	pop	{r7}
100041dc:	46b8      	mov	r8, r7
100041de:	bdf0      	pop	{r4, r5, r6, r7, pc}
100041e0:	4643      	mov	r3, r8
100041e2:	18e0      	adds	r0, r4, r3
100041e4:	19a4      	adds	r4, r4, r6
100041e6:	1af1      	subs	r1, r6, r3
100041e8:	3c01      	subs	r4, #1
100041ea:	683b      	ldr	r3, [r7, #0]
100041ec:	4798      	blx	r3
100041ee:	7823      	ldrb	r3, [r4, #0]
100041f0:	3b0d      	subs	r3, #13
100041f2:	425a      	negs	r2, r3
100041f4:	4153      	adcs	r3, r2
100041f6:	753b      	strb	r3, [r7, #20]
100041f8:	e7ef      	b.n	100041da <stdio_out_chars_crlf+0x46>
100041fa:	7d03      	ldrb	r3, [r0, #20]
100041fc:	2b00      	cmp	r3, #0
100041fe:	d1d7      	bne.n	100041b0 <stdio_out_chars_crlf+0x1c>
10004200:	2102      	movs	r1, #2
10004202:	480f      	ldr	r0, [pc, #60]	@ (10004240 <stdio_out_chars_crlf+0xac>)
10004204:	683b      	ldr	r3, [r7, #0]
10004206:	4798      	blx	r3
10004208:	2e01      	cmp	r6, #1
1000420a:	d0df      	beq.n	100041cc <stdio_out_chars_crlf+0x38>
1000420c:	2301      	movs	r3, #1
1000420e:	4698      	mov	r8, r3
10004210:	e7d2      	b.n	100041b8 <stdio_out_chars_crlf+0x24>
10004212:	1e63      	subs	r3, r4, #1
10004214:	5c5b      	ldrb	r3, [r3, r1]
10004216:	2b0d      	cmp	r3, #13
10004218:	d0d4      	beq.n	100041c4 <stdio_out_chars_crlf+0x30>
1000421a:	4588      	cmp	r8, r1
1000421c:	da04      	bge.n	10004228 <stdio_out_chars_crlf+0x94>
1000421e:	4643      	mov	r3, r8
10004220:	1ac9      	subs	r1, r1, r3
10004222:	18e0      	adds	r0, r4, r3
10004224:	683b      	ldr	r3, [r7, #0]
10004226:	4798      	blx	r3
10004228:	2102      	movs	r1, #2
1000422a:	4805      	ldr	r0, [pc, #20]	@ (10004240 <stdio_out_chars_crlf+0xac>)
1000422c:	683b      	ldr	r3, [r7, #0]
1000422e:	46a8      	mov	r8, r5
10004230:	4798      	blx	r3
10004232:	e7c7      	b.n	100041c4 <stdio_out_chars_crlf+0x30>
10004234:	6803      	ldr	r3, [r0, #0]
10004236:	0011      	movs	r1, r2
10004238:	0020      	movs	r0, r4
1000423a:	4798      	blx	r3
1000423c:	e7cd      	b.n	100041da <stdio_out_chars_crlf+0x46>
1000423e:	46c0      	nop			@ (mov r8, r8)
10004240:	10007530 	.word	0x10007530

10004244 <stdio_buffered_printer>:
10004244:	b5f0      	push	{r4, r5, r6, r7, lr}
10004246:	46c6      	mov	lr, r8
10004248:	680b      	ldr	r3, [r1, #0]
1000424a:	0006      	movs	r6, r0
1000424c:	000c      	movs	r4, r1
1000424e:	b500      	push	{lr}
10004250:	2b80      	cmp	r3, #128	@ 0x80
10004252:	d006      	beq.n	10004262 <stdio_buffered_printer+0x1e>
10004254:	1c5a      	adds	r2, r3, #1
10004256:	6022      	str	r2, [r4, #0]
10004258:	18e4      	adds	r4, r4, r3
1000425a:	7126      	strb	r6, [r4, #4]
1000425c:	bc80      	pop	{r7}
1000425e:	46b8      	mov	r8, r7
10004260:	bdf0      	pop	{r4, r5, r6, r7, pc}
10004262:	4b0f      	ldr	r3, [pc, #60]	@ (100042a0 <stdio_buffered_printer+0x5c>)
10004264:	681d      	ldr	r5, [r3, #0]
10004266:	2d00      	cmp	r5, #0
10004268:	d016      	beq.n	10004298 <stdio_buffered_printer+0x54>
1000426a:	1d0b      	adds	r3, r1, #4
1000426c:	4698      	mov	r8, r3
1000426e:	4f0d      	ldr	r7, [pc, #52]	@ (100042a4 <stdio_buffered_printer+0x60>)
10004270:	e002      	b.n	10004278 <stdio_buffered_printer+0x34>
10004272:	692d      	ldr	r5, [r5, #16]
10004274:	2d00      	cmp	r5, #0
10004276:	d00f      	beq.n	10004298 <stdio_buffered_printer+0x54>
10004278:	682b      	ldr	r3, [r5, #0]
1000427a:	2b00      	cmp	r3, #0
1000427c:	d0f9      	beq.n	10004272 <stdio_buffered_printer+0x2e>
1000427e:	683b      	ldr	r3, [r7, #0]
10004280:	2b00      	cmp	r3, #0
10004282:	d001      	beq.n	10004288 <stdio_buffered_printer+0x44>
10004284:	42ab      	cmp	r3, r5
10004286:	d1f4      	bne.n	10004272 <stdio_buffered_printer+0x2e>
10004288:	0028      	movs	r0, r5
1000428a:	4641      	mov	r1, r8
1000428c:	6822      	ldr	r2, [r4, #0]
1000428e:	f7ff ff81 	bl	10004194 <stdio_out_chars_crlf>
10004292:	692d      	ldr	r5, [r5, #16]
10004294:	2d00      	cmp	r5, #0
10004296:	d1ef      	bne.n	10004278 <stdio_buffered_printer+0x34>
10004298:	2201      	movs	r2, #1
1000429a:	2300      	movs	r3, #0
1000429c:	e7db      	b.n	10004256 <stdio_buffered_printer+0x12>
1000429e:	46c0      	nop			@ (mov r8, r8)
100042a0:	20001ce0 	.word	0x20001ce0
100042a4:	20001ce8 	.word	0x20001ce8

100042a8 <stdio_put_string>:
100042a8:	b5f0      	push	{r4, r5, r6, r7, lr}
100042aa:	4645      	mov	r5, r8
100042ac:	46de      	mov	lr, fp
100042ae:	464e      	mov	r6, r9
100042b0:	4657      	mov	r7, sl
100042b2:	b5e0      	push	{r5, r6, r7, lr}
100042b4:	b083      	sub	sp, #12
100042b6:	4691      	mov	r9, r2
100042b8:	001c      	movs	r4, r3
100042ba:	4680      	mov	r8, r0
100042bc:	000d      	movs	r5, r1
100042be:	f7fd f821 	bl	10001304 <time_us_64>
100042c2:	2300      	movs	r3, #0
100042c4:	4a30      	ldr	r2, [pc, #192]	@ (10004388 <stdio_put_string+0xe0>)
100042c6:	1812      	adds	r2, r2, r0
100042c8:	414b      	adcs	r3, r1
100042ca:	2b00      	cmp	r3, #0
100042cc:	da02      	bge.n	100042d4 <stdio_put_string+0x2c>
100042ce:	2201      	movs	r2, #1
100042d0:	4b2e      	ldr	r3, [pc, #184]	@ (1000438c <stdio_put_string+0xe4>)
100042d2:	4252      	negs	r2, r2
100042d4:	492e      	ldr	r1, [pc, #184]	@ (10004390 <stdio_put_string+0xe8>)
100042d6:	0008      	movs	r0, r1
100042d8:	468a      	mov	sl, r1
100042da:	f002 fe01 	bl	10006ee0 <__mutex_try_enter_block_until_veneer>
100042de:	0007      	movs	r7, r0
100042e0:	1c6b      	adds	r3, r5, #1
100042e2:	d103      	bne.n	100042ec <stdio_put_string+0x44>
100042e4:	4640      	mov	r0, r8
100042e6:	f002 fd27 	bl	10006d38 <strlen>
100042ea:	0005      	movs	r5, r0
100042ec:	2c00      	cmp	r4, #0
100042ee:	d027      	beq.n	10004340 <stdio_put_string+0x98>
100042f0:	4e28      	ldr	r6, [pc, #160]	@ (10004394 <stdio_put_string+0xec>)
100042f2:	4b29      	ldr	r3, [pc, #164]	@ (10004398 <stdio_put_string+0xf0>)
100042f4:	681c      	ldr	r4, [r3, #0]
100042f6:	2c00      	cmp	r4, #0
100042f8:	d018      	beq.n	1000432c <stdio_put_string+0x84>
100042fa:	464b      	mov	r3, r9
100042fc:	2b00      	cmp	r3, #0
100042fe:	d121      	bne.n	10004344 <stdio_put_string+0x9c>
10004300:	4b26      	ldr	r3, [pc, #152]	@ (1000439c <stdio_put_string+0xf4>)
10004302:	4699      	mov	r9, r3
10004304:	e002      	b.n	1000430c <stdio_put_string+0x64>
10004306:	6924      	ldr	r4, [r4, #16]
10004308:	2c00      	cmp	r4, #0
1000430a:	d00f      	beq.n	1000432c <stdio_put_string+0x84>
1000430c:	6823      	ldr	r3, [r4, #0]
1000430e:	2b00      	cmp	r3, #0
10004310:	d0f9      	beq.n	10004306 <stdio_put_string+0x5e>
10004312:	464b      	mov	r3, r9
10004314:	681b      	ldr	r3, [r3, #0]
10004316:	2b00      	cmp	r3, #0
10004318:	d001      	beq.n	1000431e <stdio_put_string+0x76>
1000431a:	429c      	cmp	r4, r3
1000431c:	d1f3      	bne.n	10004306 <stdio_put_string+0x5e>
1000431e:	0020      	movs	r0, r4
10004320:	002a      	movs	r2, r5
10004322:	4641      	mov	r1, r8
10004324:	47b0      	blx	r6
10004326:	6924      	ldr	r4, [r4, #16]
10004328:	2c00      	cmp	r4, #0
1000432a:	d1ef      	bne.n	1000430c <stdio_put_string+0x64>
1000432c:	2f00      	cmp	r7, #0
1000432e:	d126      	bne.n	1000437e <stdio_put_string+0xd6>
10004330:	0028      	movs	r0, r5
10004332:	b003      	add	sp, #12
10004334:	bcf0      	pop	{r4, r5, r6, r7}
10004336:	46bb      	mov	fp, r7
10004338:	46b2      	mov	sl, r6
1000433a:	46a9      	mov	r9, r5
1000433c:	46a0      	mov	r8, r4
1000433e:	bdf0      	pop	{r4, r5, r6, r7, pc}
10004340:	4e17      	ldr	r6, [pc, #92]	@ (100043a0 <stdio_put_string+0xf8>)
10004342:	e7d6      	b.n	100042f2 <stdio_put_string+0x4a>
10004344:	4b15      	ldr	r3, [pc, #84]	@ (1000439c <stdio_put_string+0xf4>)
10004346:	4699      	mov	r9, r3
10004348:	230a      	movs	r3, #10
1000434a:	469b      	mov	fp, r3
1000434c:	e002      	b.n	10004354 <stdio_put_string+0xac>
1000434e:	6924      	ldr	r4, [r4, #16]
10004350:	2c00      	cmp	r4, #0
10004352:	d0eb      	beq.n	1000432c <stdio_put_string+0x84>
10004354:	6823      	ldr	r3, [r4, #0]
10004356:	2b00      	cmp	r3, #0
10004358:	d0f9      	beq.n	1000434e <stdio_put_string+0xa6>
1000435a:	464b      	mov	r3, r9
1000435c:	681b      	ldr	r3, [r3, #0]
1000435e:	2b00      	cmp	r3, #0
10004360:	d001      	beq.n	10004366 <stdio_put_string+0xbe>
10004362:	42a3      	cmp	r3, r4
10004364:	d1f3      	bne.n	1000434e <stdio_put_string+0xa6>
10004366:	002a      	movs	r2, r5
10004368:	4641      	mov	r1, r8
1000436a:	0020      	movs	r0, r4
1000436c:	47b0      	blx	r6
1000436e:	466b      	mov	r3, sp
10004370:	465a      	mov	r2, fp
10004372:	0020      	movs	r0, r4
10004374:	71da      	strb	r2, [r3, #7]
10004376:	1dd9      	adds	r1, r3, #7
10004378:	2201      	movs	r2, #1
1000437a:	47b0      	blx	r6
1000437c:	e7e7      	b.n	1000434e <stdio_put_string+0xa6>
1000437e:	4650      	mov	r0, sl
10004380:	f002 fd76 	bl	10006e70 <__mutex_exit_veneer>
10004384:	e7d4      	b.n	10004330 <stdio_put_string+0x88>
10004386:	46c0      	nop			@ (mov r8, r8)
10004388:	000f4240 	.word	0x000f4240
1000438c:	7fffffff 	.word	0x7fffffff
10004390:	200010a8 	.word	0x200010a8
10004394:	10004195 	.word	0x10004195
10004398:	20001ce0 	.word	0x20001ce0
1000439c:	20001ce8 	.word	0x20001ce8
100043a0:	10004185 	.word	0x10004185

100043a4 <stdio_set_driver_enabled>:
100043a4:	4a0a      	ldr	r2, [pc, #40]	@ (100043d0 <stdio_set_driver_enabled+0x2c>)
100043a6:	6813      	ldr	r3, [r2, #0]
100043a8:	2b00      	cmp	r3, #0
100043aa:	d105      	bne.n	100043b8 <stdio_set_driver_enabled+0x14>
100043ac:	e00c      	b.n	100043c8 <stdio_set_driver_enabled+0x24>
100043ae:	001a      	movs	r2, r3
100043b0:	691b      	ldr	r3, [r3, #16]
100043b2:	3210      	adds	r2, #16
100043b4:	2b00      	cmp	r3, #0
100043b6:	d007      	beq.n	100043c8 <stdio_set_driver_enabled+0x24>
100043b8:	4283      	cmp	r3, r0
100043ba:	d1f8      	bne.n	100043ae <stdio_set_driver_enabled+0xa>
100043bc:	2900      	cmp	r1, #0
100043be:	d102      	bne.n	100043c6 <stdio_set_driver_enabled+0x22>
100043c0:	6918      	ldr	r0, [r3, #16]
100043c2:	6010      	str	r0, [r2, #0]
100043c4:	6119      	str	r1, [r3, #16]
100043c6:	4770      	bx	lr
100043c8:	2900      	cmp	r1, #0
100043ca:	d0fc      	beq.n	100043c6 <stdio_set_driver_enabled+0x22>
100043cc:	6010      	str	r0, [r2, #0]
100043ce:	e7fa      	b.n	100043c6 <stdio_set_driver_enabled+0x22>
100043d0:	20001ce0 	.word	0x20001ce0

100043d4 <stdio_init_all>:
100043d4:	b510      	push	{r4, lr}
100043d6:	f000 faf1 	bl	100049bc <stdio_usb_init>
100043da:	bd10      	pop	{r4, pc}

100043dc <__wrap_putchar>:
100043dc:	b5f0      	push	{r4, r5, r6, r7, lr}
100043de:	46ce      	mov	lr, r9
100043e0:	4647      	mov	r7, r8
100043e2:	b580      	push	{r7, lr}
100043e4:	b083      	sub	sp, #12
100043e6:	466b      	mov	r3, sp
100043e8:	0006      	movs	r6, r0
100043ea:	1ddd      	adds	r5, r3, #7
100043ec:	7028      	strb	r0, [r5, #0]
100043ee:	f7fc ff89 	bl	10001304 <time_us_64>
100043f2:	2300      	movs	r3, #0
100043f4:	4a19      	ldr	r2, [pc, #100]	@ (1000445c <__wrap_putchar+0x80>)
100043f6:	1812      	adds	r2, r2, r0
100043f8:	414b      	adcs	r3, r1
100043fa:	2b00      	cmp	r3, #0
100043fc:	da02      	bge.n	10004404 <__wrap_putchar+0x28>
100043fe:	2201      	movs	r2, #1
10004400:	4b17      	ldr	r3, [pc, #92]	@ (10004460 <__wrap_putchar+0x84>)
10004402:	4252      	negs	r2, r2
10004404:	4917      	ldr	r1, [pc, #92]	@ (10004464 <__wrap_putchar+0x88>)
10004406:	0008      	movs	r0, r1
10004408:	4688      	mov	r8, r1
1000440a:	f002 fd69 	bl	10006ee0 <__mutex_try_enter_block_until_veneer>
1000440e:	4b16      	ldr	r3, [pc, #88]	@ (10004468 <__wrap_putchar+0x8c>)
10004410:	4681      	mov	r9, r0
10004412:	681c      	ldr	r4, [r3, #0]
10004414:	2c00      	cmp	r4, #0
10004416:	d014      	beq.n	10004442 <__wrap_putchar+0x66>
10004418:	4f14      	ldr	r7, [pc, #80]	@ (1000446c <__wrap_putchar+0x90>)
1000441a:	e002      	b.n	10004422 <__wrap_putchar+0x46>
1000441c:	6924      	ldr	r4, [r4, #16]
1000441e:	2c00      	cmp	r4, #0
10004420:	d00f      	beq.n	10004442 <__wrap_putchar+0x66>
10004422:	6823      	ldr	r3, [r4, #0]
10004424:	2b00      	cmp	r3, #0
10004426:	d0f9      	beq.n	1000441c <__wrap_putchar+0x40>
10004428:	683b      	ldr	r3, [r7, #0]
1000442a:	2b00      	cmp	r3, #0
1000442c:	d001      	beq.n	10004432 <__wrap_putchar+0x56>
1000442e:	429c      	cmp	r4, r3
10004430:	d1f4      	bne.n	1000441c <__wrap_putchar+0x40>
10004432:	0020      	movs	r0, r4
10004434:	2201      	movs	r2, #1
10004436:	0029      	movs	r1, r5
10004438:	f7ff feac 	bl	10004194 <stdio_out_chars_crlf>
1000443c:	6924      	ldr	r4, [r4, #16]
1000443e:	2c00      	cmp	r4, #0
10004440:	d1ef      	bne.n	10004422 <__wrap_putchar+0x46>
10004442:	464b      	mov	r3, r9
10004444:	2b00      	cmp	r3, #0
10004446:	d105      	bne.n	10004454 <__wrap_putchar+0x78>
10004448:	0030      	movs	r0, r6
1000444a:	b003      	add	sp, #12
1000444c:	bcc0      	pop	{r6, r7}
1000444e:	46b9      	mov	r9, r7
10004450:	46b0      	mov	r8, r6
10004452:	bdf0      	pop	{r4, r5, r6, r7, pc}
10004454:	4640      	mov	r0, r8
10004456:	f002 fd0b 	bl	10006e70 <__mutex_exit_veneer>
1000445a:	e7f5      	b.n	10004448 <__wrap_putchar+0x6c>
1000445c:	000f4240 	.word	0x000f4240
10004460:	7fffffff 	.word	0x7fffffff
10004464:	200010a8 	.word	0x200010a8
10004468:	20001ce0 	.word	0x20001ce0
1000446c:	20001ce8 	.word	0x20001ce8

10004470 <__wrap_puts>:
10004470:	b570      	push	{r4, r5, r6, lr}
10004472:	0004      	movs	r4, r0
10004474:	f002 fc60 	bl	10006d38 <strlen>
10004478:	2301      	movs	r3, #1
1000447a:	0001      	movs	r1, r0
1000447c:	0005      	movs	r5, r0
1000447e:	2201      	movs	r2, #1
10004480:	0020      	movs	r0, r4
10004482:	f7ff ff11 	bl	100042a8 <stdio_put_string>
10004486:	4b08      	ldr	r3, [pc, #32]	@ (100044a8 <__wrap_puts+0x38>)
10004488:	681c      	ldr	r4, [r3, #0]
1000448a:	2c00      	cmp	r4, #0
1000448c:	d006      	beq.n	1000449c <__wrap_puts+0x2c>
1000448e:	6863      	ldr	r3, [r4, #4]
10004490:	2b00      	cmp	r3, #0
10004492:	d005      	beq.n	100044a0 <__wrap_puts+0x30>
10004494:	4798      	blx	r3
10004496:	6924      	ldr	r4, [r4, #16]
10004498:	2c00      	cmp	r4, #0
1000449a:	d1f8      	bne.n	1000448e <__wrap_puts+0x1e>
1000449c:	0028      	movs	r0, r5
1000449e:	bd70      	pop	{r4, r5, r6, pc}
100044a0:	6924      	ldr	r4, [r4, #16]
100044a2:	2c00      	cmp	r4, #0
100044a4:	d1f3      	bne.n	1000448e <__wrap_puts+0x1e>
100044a6:	e7f9      	b.n	1000449c <__wrap_puts+0x2c>
100044a8:	20001ce0 	.word	0x20001ce0

100044ac <__wrap_vprintf>:
100044ac:	b5f0      	push	{r4, r5, r6, r7, lr}
100044ae:	46ce      	mov	lr, r9
100044b0:	4647      	mov	r7, r8
100044b2:	b580      	push	{r7, lr}
100044b4:	b0a3      	sub	sp, #140	@ 0x8c
100044b6:	0004      	movs	r4, r0
100044b8:	000d      	movs	r5, r1
100044ba:	f7fc ff23 	bl	10001304 <time_us_64>
100044be:	2300      	movs	r3, #0
100044c0:	4a27      	ldr	r2, [pc, #156]	@ (10004560 <__wrap_vprintf+0xb4>)
100044c2:	1812      	adds	r2, r2, r0
100044c4:	414b      	adcs	r3, r1
100044c6:	2b00      	cmp	r3, #0
100044c8:	da02      	bge.n	100044d0 <__wrap_vprintf+0x24>
100044ca:	2201      	movs	r2, #1
100044cc:	4b25      	ldr	r3, [pc, #148]	@ (10004564 <__wrap_vprintf+0xb8>)
100044ce:	4252      	negs	r2, r2
100044d0:	4e25      	ldr	r6, [pc, #148]	@ (10004568 <__wrap_vprintf+0xbc>)
100044d2:	0030      	movs	r0, r6
100044d4:	f002 fd04 	bl	10006ee0 <__mutex_try_enter_block_until_veneer>
100044d8:	2300      	movs	r3, #0
100044da:	0022      	movs	r2, r4
100044dc:	9301      	str	r3, [sp, #4]
100044de:	0007      	movs	r7, r0
100044e0:	002b      	movs	r3, r5
100044e2:	4822      	ldr	r0, [pc, #136]	@ (1000456c <__wrap_vprintf+0xc0>)
100044e4:	a901      	add	r1, sp, #4
100044e6:	f7ff fe07 	bl	100040f8 <vfctprintf>
100044ea:	4b21      	ldr	r3, [pc, #132]	@ (10004570 <__wrap_vprintf+0xc4>)
100044ec:	4680      	mov	r8, r0
100044ee:	4699      	mov	r9, r3
100044f0:	681c      	ldr	r4, [r3, #0]
100044f2:	9b01      	ldr	r3, [sp, #4]
100044f4:	2b00      	cmp	r3, #0
100044f6:	d01a      	beq.n	1000452e <__wrap_vprintf+0x82>
100044f8:	2c00      	cmp	r4, #0
100044fa:	d02f      	beq.n	1000455c <__wrap_vprintf+0xb0>
100044fc:	4d1d      	ldr	r5, [pc, #116]	@ (10004574 <__wrap_vprintf+0xc8>)
100044fe:	e002      	b.n	10004506 <__wrap_vprintf+0x5a>
10004500:	6924      	ldr	r4, [r4, #16]
10004502:	2c00      	cmp	r4, #0
10004504:	d00f      	beq.n	10004526 <__wrap_vprintf+0x7a>
10004506:	6823      	ldr	r3, [r4, #0]
10004508:	2b00      	cmp	r3, #0
1000450a:	d0f9      	beq.n	10004500 <__wrap_vprintf+0x54>
1000450c:	682b      	ldr	r3, [r5, #0]
1000450e:	2b00      	cmp	r3, #0
10004510:	d001      	beq.n	10004516 <__wrap_vprintf+0x6a>
10004512:	42a3      	cmp	r3, r4
10004514:	d1f4      	bne.n	10004500 <__wrap_vprintf+0x54>
10004516:	0020      	movs	r0, r4
10004518:	9a01      	ldr	r2, [sp, #4]
1000451a:	a902      	add	r1, sp, #8
1000451c:	f7ff fe3a 	bl	10004194 <stdio_out_chars_crlf>
10004520:	6924      	ldr	r4, [r4, #16]
10004522:	2c00      	cmp	r4, #0
10004524:	d1ef      	bne.n	10004506 <__wrap_vprintf+0x5a>
10004526:	464b      	mov	r3, r9
10004528:	681c      	ldr	r4, [r3, #0]
1000452a:	2300      	movs	r3, #0
1000452c:	9301      	str	r3, [sp, #4]
1000452e:	2c00      	cmp	r4, #0
10004530:	d006      	beq.n	10004540 <__wrap_vprintf+0x94>
10004532:	6863      	ldr	r3, [r4, #4]
10004534:	2b00      	cmp	r3, #0
10004536:	d00b      	beq.n	10004550 <__wrap_vprintf+0xa4>
10004538:	4798      	blx	r3
1000453a:	6924      	ldr	r4, [r4, #16]
1000453c:	2c00      	cmp	r4, #0
1000453e:	d1f8      	bne.n	10004532 <__wrap_vprintf+0x86>
10004540:	2f00      	cmp	r7, #0
10004542:	d107      	bne.n	10004554 <__wrap_vprintf+0xa8>
10004544:	4640      	mov	r0, r8
10004546:	b023      	add	sp, #140	@ 0x8c
10004548:	bcc0      	pop	{r6, r7}
1000454a:	46b9      	mov	r9, r7
1000454c:	46b0      	mov	r8, r6
1000454e:	bdf0      	pop	{r4, r5, r6, r7, pc}
10004550:	6924      	ldr	r4, [r4, #16]
10004552:	e7ec      	b.n	1000452e <__wrap_vprintf+0x82>
10004554:	0030      	movs	r0, r6
10004556:	f002 fc8b 	bl	10006e70 <__mutex_exit_veneer>
1000455a:	e7f3      	b.n	10004544 <__wrap_vprintf+0x98>
1000455c:	9401      	str	r4, [sp, #4]
1000455e:	e7ef      	b.n	10004540 <__wrap_vprintf+0x94>
10004560:	000f4240 	.word	0x000f4240
10004564:	7fffffff 	.word	0x7fffffff
10004568:	200010a8 	.word	0x200010a8
1000456c:	10004245 	.word	0x10004245
10004570:	20001ce0 	.word	0x20001ce0
10004574:	20001ce8 	.word	0x20001ce8

10004578 <__wrap_printf>:
10004578:	b40f      	push	{r0, r1, r2, r3}
1000457a:	b500      	push	{lr}
1000457c:	b083      	sub	sp, #12
1000457e:	a904      	add	r1, sp, #16
10004580:	c901      	ldmia	r1!, {r0}
10004582:	9101      	str	r1, [sp, #4]
10004584:	f7ff ff92 	bl	100044ac <__wrap_vprintf>
10004588:	b003      	add	sp, #12
1000458a:	bc08      	pop	{r3}
1000458c:	b004      	add	sp, #16
1000458e:	4718      	bx	r3

10004590 <resetd_init>:
10004590:	4770      	bx	lr
10004592:	46c0      	nop			@ (mov r8, r8)

10004594 <resetd_reset>:
10004594:	2200      	movs	r2, #0
10004596:	4b01      	ldr	r3, [pc, #4]	@ (1000459c <resetd_reset+0x8>)
10004598:	701a      	strb	r2, [r3, #0]
1000459a:	4770      	bx	lr
1000459c:	2000213e 	.word	0x2000213e

100045a0 <resetd_open>:
100045a0:	794b      	ldrb	r3, [r1, #5]
100045a2:	2000      	movs	r0, #0
100045a4:	2bff      	cmp	r3, #255	@ 0xff
100045a6:	d10b      	bne.n	100045c0 <resetd_open+0x20>
100045a8:	798b      	ldrb	r3, [r1, #6]
100045aa:	2b00      	cmp	r3, #0
100045ac:	d108      	bne.n	100045c0 <resetd_open+0x20>
100045ae:	79cb      	ldrb	r3, [r1, #7]
100045b0:	2b01      	cmp	r3, #1
100045b2:	d105      	bne.n	100045c0 <resetd_open+0x20>
100045b4:	2a08      	cmp	r2, #8
100045b6:	d903      	bls.n	100045c0 <resetd_open+0x20>
100045b8:	4b02      	ldr	r3, [pc, #8]	@ (100045c4 <resetd_open+0x24>)
100045ba:	788a      	ldrb	r2, [r1, #2]
100045bc:	3009      	adds	r0, #9
100045be:	701a      	strb	r2, [r3, #0]
100045c0:	4770      	bx	lr
100045c2:	46c0      	nop			@ (mov r8, r8)
100045c4:	2000213e 	.word	0x2000213e

100045c8 <resetd_xfer_cb>:
100045c8:	2001      	movs	r0, #1
100045ca:	4770      	bx	lr

100045cc <resetd_control_xfer_cb>:
100045cc:	b510      	push	{r4, lr}
100045ce:	2901      	cmp	r1, #1
100045d0:	d113      	bne.n	100045fa <resetd_control_xfer_cb+0x2e>
100045d2:	4912      	ldr	r1, [pc, #72]	@ (1000461c <resetd_control_xfer_cb+0x50>)
100045d4:	7953      	ldrb	r3, [r2, #5]
100045d6:	7910      	ldrb	r0, [r2, #4]
100045d8:	7809      	ldrb	r1, [r1, #0]
100045da:	021b      	lsls	r3, r3, #8
100045dc:	4303      	orrs	r3, r0
100045de:	2000      	movs	r0, #0
100045e0:	4299      	cmp	r1, r3
100045e2:	d000      	beq.n	100045e6 <resetd_control_xfer_cb+0x1a>
100045e4:	bd10      	pop	{r4, pc}
100045e6:	7853      	ldrb	r3, [r2, #1]
100045e8:	2b01      	cmp	r3, #1
100045ea:	d008      	beq.n	100045fe <resetd_control_xfer_cb+0x32>
100045ec:	2b02      	cmp	r3, #2
100045ee:	d1f9      	bne.n	100045e4 <resetd_control_xfer_cb+0x18>
100045f0:	2264      	movs	r2, #100	@ 0x64
100045f2:	2100      	movs	r1, #0
100045f4:	2000      	movs	r0, #0
100045f6:	f7fd f893 	bl	10001720 <watchdog_reboot>
100045fa:	2001      	movs	r0, #1
100045fc:	e7f2      	b.n	100045e4 <resetd_control_xfer_cb+0x18>
100045fe:	78d3      	ldrb	r3, [r2, #3]
10004600:	7891      	ldrb	r1, [r2, #2]
10004602:	021b      	lsls	r3, r3, #8
10004604:	4319      	orrs	r1, r3
10004606:	0a48      	lsrs	r0, r1, #9
10004608:	05db      	lsls	r3, r3, #23
1000460a:	d401      	bmi.n	10004610 <resetd_control_xfer_cb+0x44>
1000460c:	2001      	movs	r0, #1
1000460e:	4240      	negs	r0, r0
10004610:	237f      	movs	r3, #127	@ 0x7f
10004612:	058a      	lsls	r2, r1, #22
10004614:	0fd2      	lsrs	r2, r2, #31
10004616:	4019      	ands	r1, r3
10004618:	f7fd f90a 	bl	10001830 <rom_reset_usb_boot_extra>
1000461c:	2000213e 	.word	0x2000213e

10004620 <tud_descriptor_bos_cb>:
10004620:	4800      	ldr	r0, [pc, #0]	@ (10004624 <tud_descriptor_bos_cb+0x4>)
10004622:	4770      	bx	lr
10004624:	100075fc 	.word	0x100075fc

10004628 <tud_vendor_control_xfer_cb>:
10004628:	b570      	push	{r4, r5, r6, lr}
1000462a:	0005      	movs	r5, r0
1000462c:	0014      	movs	r4, r2
1000462e:	2001      	movs	r0, #1
10004630:	2901      	cmp	r1, #1
10004632:	d109      	bne.n	10004648 <tud_vendor_control_xfer_cb+0x20>
10004634:	7853      	ldrb	r3, [r2, #1]
10004636:	2000      	movs	r0, #0
10004638:	2b01      	cmp	r3, #1
1000463a:	d105      	bne.n	10004648 <tud_vendor_control_xfer_cb+0x20>
1000463c:	7963      	ldrb	r3, [r4, #5]
1000463e:	7912      	ldrb	r2, [r2, #4]
10004640:	021b      	lsls	r3, r3, #8
10004642:	4313      	orrs	r3, r2
10004644:	2b07      	cmp	r3, #7
10004646:	d000      	beq.n	1000464a <tud_vendor_control_xfer_cb+0x22>
10004648:	bd70      	pop	{r4, r5, r6, pc}
1000464a:	0021      	movs	r1, r4
1000464c:	0028      	movs	r0, r5
1000464e:	4a02      	ldr	r2, [pc, #8]	@ (10004658 <tud_vendor_control_xfer_cb+0x30>)
10004650:	339f      	adds	r3, #159	@ 0x9f
10004652:	f001 fa55 	bl	10005b00 <tud_control_xfer>
10004656:	e7f7      	b.n	10004648 <tud_vendor_control_xfer_cb+0x20>
10004658:	10007554 	.word	0x10007554

1000465c <usbd_app_driver_get_cb>:
1000465c:	2301      	movs	r3, #1
1000465e:	7003      	strb	r3, [r0, #0]
10004660:	4800      	ldr	r0, [pc, #0]	@ (10004664 <usbd_app_driver_get_cb+0x8>)
10004662:	4770      	bx	lr
10004664:	10007534 	.word	0x10007534

10004668 <tud_cdc_line_coding_cb>:
10004668:	784b      	ldrb	r3, [r1, #1]
1000466a:	780a      	ldrb	r2, [r1, #0]
1000466c:	021b      	lsls	r3, r3, #8
1000466e:	4313      	orrs	r3, r2
10004670:	788a      	ldrb	r2, [r1, #2]
10004672:	b510      	push	{r4, lr}
10004674:	0412      	lsls	r2, r2, #16
10004676:	431a      	orrs	r2, r3
10004678:	78cb      	ldrb	r3, [r1, #3]
1000467a:	061b      	lsls	r3, r3, #24
1000467c:	4313      	orrs	r3, r2
1000467e:	2296      	movs	r2, #150	@ 0x96
10004680:	00d2      	lsls	r2, r2, #3
10004682:	4293      	cmp	r3, r2
10004684:	d000      	beq.n	10004688 <tud_cdc_line_coding_cb+0x20>
10004686:	bd10      	pop	{r4, pc}
10004688:	2200      	movs	r2, #0
1000468a:	2001      	movs	r0, #1
1000468c:	0011      	movs	r1, r2
1000468e:	4240      	negs	r0, r0
10004690:	f7fd f8ce 	bl	10001830 <rom_reset_usb_boot_extra>

10004694 <stdio_usb_set_chars_available_callback>:
10004694:	4b02      	ldr	r3, [pc, #8]	@ (100046a0 <stdio_usb_set_chars_available_callback+0xc>)
10004696:	6018      	str	r0, [r3, #0]
10004698:	4b02      	ldr	r3, [pc, #8]	@ (100046a4 <stdio_usb_set_chars_available_callback+0x10>)
1000469a:	6019      	str	r1, [r3, #0]
1000469c:	4770      	bx	lr
1000469e:	46c0      	nop			@ (mov r8, r8)
100046a0:	20001c80 	.word	0x20001c80
100046a4:	20001c84 	.word	0x20001c84

100046a8 <usb_irq>:
100046a8:	b510      	push	{r4, lr}
100046aa:	4b02      	ldr	r3, [pc, #8]	@ (100046b4 <usb_irq+0xc>)
100046ac:	7818      	ldrb	r0, [r3, #0]
100046ae:	f7fc f809 	bl	100006c4 <irq_set_pending>
100046b2:	bd10      	pop	{r4, pc}
100046b4:	2000213f 	.word	0x2000213f

100046b8 <timer_task>:
100046b8:	4b15      	ldr	r3, [pc, #84]	@ (10004710 <timer_task+0x58>)
100046ba:	b570      	push	{r4, r5, r6, lr}
100046bc:	681a      	ldr	r2, [r3, #0]
100046be:	2a00      	cmp	r2, #0
100046c0:	d022      	beq.n	10004708 <timer_task+0x50>
100046c2:	f3ef 8110 	mrs	r1, PRIMASK
100046c6:	b672      	cpsid	i
100046c8:	6810      	ldr	r0, [r2, #0]
100046ca:	2800      	cmp	r0, #0
100046cc:	d0fc      	beq.n	100046c8 <timer_task+0x10>
100046ce:	f3bf 8f5f 	dmb	sy
100046d2:	2000      	movs	r0, #0
100046d4:	4a0f      	ldr	r2, [pc, #60]	@ (10004714 <timer_task+0x5c>)
100046d6:	6059      	str	r1, [r3, #4]
100046d8:	7010      	strb	r0, [r2, #0]
100046da:	681b      	ldr	r3, [r3, #0]
100046dc:	f3bf 8f5f 	dmb	sy
100046e0:	6018      	str	r0, [r3, #0]
100046e2:	f381 8810 	msr	PRIMASK, r1
100046e6:	2400      	movs	r4, #0
100046e8:	2500      	movs	r5, #0
100046ea:	4e0b      	ldr	r6, [pc, #44]	@ (10004718 <timer_task+0x60>)
100046ec:	7830      	ldrb	r0, [r6, #0]
100046ee:	f7fb ffdd 	bl	100006ac <irq_is_enabled>
100046f2:	2800      	cmp	r0, #0
100046f4:	d104      	bne.n	10004700 <timer_task+0x48>
100046f6:	2400      	movs	r4, #0
100046f8:	2500      	movs	r5, #0
100046fa:	0029      	movs	r1, r5
100046fc:	0020      	movs	r0, r4
100046fe:	bd70      	pop	{r4, r5, r6, pc}
10004700:	7830      	ldrb	r0, [r6, #0]
10004702:	f7fb ffdf 	bl	100006c4 <irq_set_pending>
10004706:	e7f8      	b.n	100046fa <timer_task+0x42>
10004708:	24fa      	movs	r4, #250	@ 0xfa
1000470a:	2500      	movs	r5, #0
1000470c:	00a4      	lsls	r4, r4, #2
1000470e:	e7ec      	b.n	100046ea <timer_task+0x32>
10004710:	200020f8 	.word	0x200020f8
10004714:	20002140 	.word	0x20002140
10004718:	2000213f 	.word	0x2000213f

1000471c <stdio_usb_in_chars>:
1000471c:	b570      	push	{r4, r5, r6, lr}
1000471e:	0004      	movs	r4, r0
10004720:	2000      	movs	r0, #0
10004722:	000e      	movs	r6, r1
10004724:	f001 fb0a 	bl	10005d3c <tud_cdc_n_connected>
10004728:	2800      	cmp	r0, #0
1000472a:	d034      	beq.n	10004796 <stdio_usb_in_chars+0x7a>
1000472c:	2000      	movs	r0, #0
1000472e:	f001 fb1b 	bl	10005d68 <tud_cdc_n_available>
10004732:	2800      	cmp	r0, #0
10004734:	d02f      	beq.n	10004796 <stdio_usb_in_chars+0x7a>
10004736:	f7fc fde5 	bl	10001304 <time_us_64>
1000473a:	2300      	movs	r3, #0
1000473c:	4a17      	ldr	r2, [pc, #92]	@ (1000479c <stdio_usb_in_chars+0x80>)
1000473e:	1812      	adds	r2, r2, r0
10004740:	414b      	adcs	r3, r1
10004742:	2b00      	cmp	r3, #0
10004744:	db16      	blt.n	10004774 <stdio_usb_in_chars+0x58>
10004746:	4d16      	ldr	r5, [pc, #88]	@ (100047a0 <stdio_usb_in_chars+0x84>)
10004748:	0028      	movs	r0, r5
1000474a:	f002 fbc9 	bl	10006ee0 <__mutex_try_enter_block_until_veneer>
1000474e:	2800      	cmp	r0, #0
10004750:	d021      	beq.n	10004796 <stdio_usb_in_chars+0x7a>
10004752:	2000      	movs	r0, #0
10004754:	f001 faf2 	bl	10005d3c <tud_cdc_n_connected>
10004758:	2800      	cmp	r0, #0
1000475a:	d10f      	bne.n	1000477c <stdio_usb_in_chars+0x60>
1000475c:	2001      	movs	r0, #1
1000475e:	2100      	movs	r1, #0
10004760:	4240      	negs	r0, r0
10004762:	f000 fd01 	bl	10005168 <tud_task_ext>
10004766:	2403      	movs	r4, #3
10004768:	4264      	negs	r4, r4
1000476a:	0028      	movs	r0, r5
1000476c:	f002 fb80 	bl	10006e70 <__mutex_exit_veneer>
10004770:	0020      	movs	r0, r4
10004772:	bd70      	pop	{r4, r5, r6, pc}
10004774:	2201      	movs	r2, #1
10004776:	4b0b      	ldr	r3, [pc, #44]	@ (100047a4 <stdio_usb_in_chars+0x88>)
10004778:	4252      	negs	r2, r2
1000477a:	e7e4      	b.n	10004746 <stdio_usb_in_chars+0x2a>
1000477c:	2000      	movs	r0, #0
1000477e:	f001 faf3 	bl	10005d68 <tud_cdc_n_available>
10004782:	2800      	cmp	r0, #0
10004784:	d0ea      	beq.n	1000475c <stdio_usb_in_chars+0x40>
10004786:	0021      	movs	r1, r4
10004788:	0032      	movs	r2, r6
1000478a:	2000      	movs	r0, #0
1000478c:	f001 faf6 	bl	10005d7c <tud_cdc_n_read>
10004790:	1e04      	subs	r4, r0, #0
10004792:	d1ea      	bne.n	1000476a <stdio_usb_in_chars+0x4e>
10004794:	e7e7      	b.n	10004766 <stdio_usb_in_chars+0x4a>
10004796:	2403      	movs	r4, #3
10004798:	4264      	negs	r4, r4
1000479a:	e7e9      	b.n	10004770 <stdio_usb_in_chars+0x54>
1000479c:	000f4240 	.word	0x000f4240
100047a0:	20002120 	.word	0x20002120
100047a4:	7fffffff 	.word	0x7fffffff

100047a8 <stdio_usb_out_flush>:
100047a8:	b510      	push	{r4, lr}
100047aa:	f7fc fdab 	bl	10001304 <time_us_64>
100047ae:	2300      	movs	r3, #0
100047b0:	4a0d      	ldr	r2, [pc, #52]	@ (100047e8 <stdio_usb_out_flush+0x40>)
100047b2:	1812      	adds	r2, r2, r0
100047b4:	414b      	adcs	r3, r1
100047b6:	2b00      	cmp	r3, #0
100047b8:	da02      	bge.n	100047c0 <stdio_usb_out_flush+0x18>
100047ba:	2201      	movs	r2, #1
100047bc:	4b0b      	ldr	r3, [pc, #44]	@ (100047ec <stdio_usb_out_flush+0x44>)
100047be:	4252      	negs	r2, r2
100047c0:	4c0b      	ldr	r4, [pc, #44]	@ (100047f0 <stdio_usb_out_flush+0x48>)
100047c2:	0020      	movs	r0, r4
100047c4:	f002 fb8c 	bl	10006ee0 <__mutex_try_enter_block_until_veneer>
100047c8:	2800      	cmp	r0, #0
100047ca:	d00c      	beq.n	100047e6 <stdio_usb_out_flush+0x3e>
100047cc:	2001      	movs	r0, #1
100047ce:	2100      	movs	r1, #0
100047d0:	4240      	negs	r0, r0
100047d2:	f000 fcc9 	bl	10005168 <tud_task_ext>
100047d6:	2000      	movs	r0, #0
100047d8:	f001 fb14 	bl	10005e04 <tud_cdc_n_write_flush>
100047dc:	2800      	cmp	r0, #0
100047de:	d1f5      	bne.n	100047cc <stdio_usb_out_flush+0x24>
100047e0:	0020      	movs	r0, r4
100047e2:	f002 fb45 	bl	10006e70 <__mutex_exit_veneer>
100047e6:	bd10      	pop	{r4, pc}
100047e8:	000f4240 	.word	0x000f4240
100047ec:	7fffffff 	.word	0x7fffffff
100047f0:	20002120 	.word	0x20002120

100047f4 <stdio_usb_out_chars>:
100047f4:	b5f8      	push	{r3, r4, r5, r6, r7, lr}
100047f6:	46de      	mov	lr, fp
100047f8:	4657      	mov	r7, sl
100047fa:	b580      	push	{r7, lr}
100047fc:	0005      	movs	r5, r0
100047fe:	000c      	movs	r4, r1
10004800:	f7fc fd80 	bl	10001304 <time_us_64>
10004804:	2300      	movs	r3, #0
10004806:	4a36      	ldr	r2, [pc, #216]	@ (100048e0 <stdio_usb_out_chars+0xec>)
10004808:	1812      	adds	r2, r2, r0
1000480a:	414b      	adcs	r3, r1
1000480c:	2b00      	cmp	r3, #0
1000480e:	da02      	bge.n	10004816 <stdio_usb_out_chars+0x22>
10004810:	2201      	movs	r2, #1
10004812:	4b34      	ldr	r3, [pc, #208]	@ (100048e4 <stdio_usb_out_chars+0xf0>)
10004814:	4252      	negs	r2, r2
10004816:	4934      	ldr	r1, [pc, #208]	@ (100048e8 <stdio_usb_out_chars+0xf4>)
10004818:	0008      	movs	r0, r1
1000481a:	468a      	mov	sl, r1
1000481c:	f002 fb60 	bl	10006ee0 <__mutex_try_enter_block_until_veneer>
10004820:	2800      	cmp	r0, #0
10004822:	d103      	bne.n	1000482c <stdio_usb_out_chars+0x38>
10004824:	bcc0      	pop	{r6, r7}
10004826:	46bb      	mov	fp, r7
10004828:	46b2      	mov	sl, r6
1000482a:	bdf8      	pop	{r3, r4, r5, r6, r7, pc}
1000482c:	2000      	movs	r0, #0
1000482e:	f001 fa85 	bl	10005d3c <tud_cdc_n_connected>
10004832:	2800      	cmp	r0, #0
10004834:	d04a      	beq.n	100048cc <stdio_usb_out_chars+0xd8>
10004836:	2600      	movs	r6, #0
10004838:	2c00      	cmp	r4, #0
1000483a:	dd43      	ble.n	100048c4 <stdio_usb_out_chars+0xd0>
1000483c:	4b2b      	ldr	r3, [pc, #172]	@ (100048ec <stdio_usb_out_chars+0xf8>)
1000483e:	469b      	mov	fp, r3
10004840:	e014      	b.n	1000486c <stdio_usb_out_chars+0x78>
10004842:	19a9      	adds	r1, r5, r6
10004844:	2000      	movs	r0, #0
10004846:	f001 fb17 	bl	10005e78 <tud_cdc_n_write>
1000484a:	0007      	movs	r7, r0
1000484c:	2001      	movs	r0, #1
1000484e:	2100      	movs	r1, #0
10004850:	4240      	negs	r0, r0
10004852:	f000 fc89 	bl	10005168 <tud_task_ext>
10004856:	2000      	movs	r0, #0
10004858:	f001 fad4 	bl	10005e04 <tud_cdc_n_write_flush>
1000485c:	f7fc fd52 	bl	10001304 <time_us_64>
10004860:	4b22      	ldr	r3, [pc, #136]	@ (100048ec <stdio_usb_out_chars+0xf8>)
10004862:	19f6      	adds	r6, r6, r7
10004864:	6018      	str	r0, [r3, #0]
10004866:	6059      	str	r1, [r3, #4]
10004868:	42b4      	cmp	r4, r6
1000486a:	dd2b      	ble.n	100048c4 <stdio_usb_out_chars+0xd0>
1000486c:	2000      	movs	r0, #0
1000486e:	f001 fb23 	bl	10005eb8 <tud_cdc_n_write_available>
10004872:	1ba7      	subs	r7, r4, r6
10004874:	0002      	movs	r2, r0
10004876:	42b8      	cmp	r0, r7
10004878:	dd00      	ble.n	1000487c <stdio_usb_out_chars+0x88>
1000487a:	003a      	movs	r2, r7
1000487c:	2a00      	cmp	r2, #0
1000487e:	d1e0      	bne.n	10004842 <stdio_usb_out_chars+0x4e>
10004880:	2001      	movs	r0, #1
10004882:	2100      	movs	r1, #0
10004884:	4240      	negs	r0, r0
10004886:	f000 fc6f 	bl	10005168 <tud_task_ext>
1000488a:	2000      	movs	r0, #0
1000488c:	f001 faba 	bl	10005e04 <tud_cdc_n_write_flush>
10004890:	2000      	movs	r0, #0
10004892:	f001 fa53 	bl	10005d3c <tud_cdc_n_connected>
10004896:	2800      	cmp	r0, #0
10004898:	d014      	beq.n	100048c4 <stdio_usb_out_chars+0xd0>
1000489a:	2000      	movs	r0, #0
1000489c:	f001 fb0c 	bl	10005eb8 <tud_cdc_n_write_available>
100048a0:	2800      	cmp	r0, #0
100048a2:	d1e1      	bne.n	10004868 <stdio_usb_out_chars+0x74>
100048a4:	f7fc fd2e 	bl	10001304 <time_us_64>
100048a8:	465b      	mov	r3, fp
100048aa:	000f      	movs	r7, r1
100048ac:	681a      	ldr	r2, [r3, #0]
100048ae:	685b      	ldr	r3, [r3, #4]
100048b0:	2100      	movs	r1, #0
100048b2:	4684      	mov	ip, r0
100048b4:	480e      	ldr	r0, [pc, #56]	@ (100048f0 <stdio_usb_out_chars+0xfc>)
100048b6:	1812      	adds	r2, r2, r0
100048b8:	414b      	adcs	r3, r1
100048ba:	429f      	cmp	r7, r3
100048bc:	d802      	bhi.n	100048c4 <stdio_usb_out_chars+0xd0>
100048be:	d1d3      	bne.n	10004868 <stdio_usb_out_chars+0x74>
100048c0:	4594      	cmp	ip, r2
100048c2:	d9d1      	bls.n	10004868 <stdio_usb_out_chars+0x74>
100048c4:	4650      	mov	r0, sl
100048c6:	f002 fad3 	bl	10006e70 <__mutex_exit_veneer>
100048ca:	e7ab      	b.n	10004824 <stdio_usb_out_chars+0x30>
100048cc:	2000      	movs	r0, #0
100048ce:	2100      	movs	r1, #0
100048d0:	4b06      	ldr	r3, [pc, #24]	@ (100048ec <stdio_usb_out_chars+0xf8>)
100048d2:	6018      	str	r0, [r3, #0]
100048d4:	6059      	str	r1, [r3, #4]
100048d6:	4650      	mov	r0, sl
100048d8:	f002 faca 	bl	10006e70 <__mutex_exit_veneer>
100048dc:	e7a2      	b.n	10004824 <stdio_usb_out_chars+0x30>
100048de:	46c0      	nop			@ (mov r8, r8)
100048e0:	000f4240 	.word	0x000f4240
100048e4:	7fffffff 	.word	0x7fffffff
100048e8:	20002120 	.word	0x20002120
100048ec:	20001230 	.word	0x20001230
100048f0:	0007a120 	.word	0x0007a120

100048f4 <low_priority_worker_irq>:
100048f4:	b530      	push	{r4, r5, lr}
100048f6:	4c2a      	ldr	r4, [pc, #168]	@ (100049a0 <low_priority_worker_irq+0xac>)
100048f8:	b085      	sub	sp, #20
100048fa:	2100      	movs	r1, #0
100048fc:	0020      	movs	r0, r4
100048fe:	f002 fad7 	bl	10006eb0 <__mutex_try_enter_veneer>
10004902:	2800      	cmp	r0, #0
10004904:	d11c      	bne.n	10004940 <low_priority_worker_irq+0x4c>
10004906:	4b27      	ldr	r3, [pc, #156]	@ (100049a4 <low_priority_worker_irq+0xb0>)
10004908:	681a      	ldr	r2, [r3, #0]
1000490a:	2a00      	cmp	r2, #0
1000490c:	d016      	beq.n	1000493c <low_priority_worker_irq+0x48>
1000490e:	f3ef 8110 	mrs	r1, PRIMASK
10004912:	b672      	cpsid	i
10004914:	6810      	ldr	r0, [r2, #0]
10004916:	2800      	cmp	r0, #0
10004918:	d0fc      	beq.n	10004914 <low_priority_worker_irq+0x20>
1000491a:	f3bf 8f5f 	dmb	sy
1000491e:	2401      	movs	r4, #1
10004920:	4821      	ldr	r0, [pc, #132]	@ (100049a8 <low_priority_worker_irq+0xb4>)
10004922:	6059      	str	r1, [r3, #4]
10004924:	7802      	ldrb	r2, [r0, #0]
10004926:	681b      	ldr	r3, [r3, #0]
10004928:	b2d2      	uxtb	r2, r2
1000492a:	7004      	strb	r4, [r0, #0]
1000492c:	f3bf 8f5f 	dmb	sy
10004930:	2000      	movs	r0, #0
10004932:	6018      	str	r0, [r3, #0]
10004934:	f381 8810 	msr	PRIMASK, r1
10004938:	2a00      	cmp	r2, #0
1000493a:	d017      	beq.n	1000496c <low_priority_worker_irq+0x78>
1000493c:	b005      	add	sp, #20
1000493e:	bd30      	pop	{r4, r5, pc}
10004940:	2001      	movs	r0, #1
10004942:	2100      	movs	r1, #0
10004944:	4240      	negs	r0, r0
10004946:	f000 fc0f 	bl	10005168 <tud_task_ext>
1000494a:	2000      	movs	r0, #0
1000494c:	f001 fa0c 	bl	10005d68 <tud_cdc_n_available>
10004950:	0005      	movs	r5, r0
10004952:	0020      	movs	r0, r4
10004954:	f002 fa8c 	bl	10006e70 <__mutex_exit_veneer>
10004958:	2d00      	cmp	r5, #0
1000495a:	d0ef      	beq.n	1000493c <low_priority_worker_irq+0x48>
1000495c:	4b13      	ldr	r3, [pc, #76]	@ (100049ac <low_priority_worker_irq+0xb8>)
1000495e:	681b      	ldr	r3, [r3, #0]
10004960:	2b00      	cmp	r3, #0
10004962:	d0eb      	beq.n	1000493c <low_priority_worker_irq+0x48>
10004964:	4a12      	ldr	r2, [pc, #72]	@ (100049b0 <low_priority_worker_irq+0xbc>)
10004966:	6810      	ldr	r0, [r2, #0]
10004968:	4798      	blx	r3
1000496a:	e7e7      	b.n	1000493c <low_priority_worker_irq+0x48>
1000496c:	f7fc fab4 	bl	10000ed8 <alarm_pool_get_default>
10004970:	0004      	movs	r4, r0
10004972:	f7fc fcc7 	bl	10001304 <time_us_64>
10004976:	22fa      	movs	r2, #250	@ 0xfa
10004978:	2300      	movs	r3, #0
1000497a:	0092      	lsls	r2, r2, #2
1000497c:	1812      	adds	r2, r2, r0
1000497e:	414b      	adcs	r3, r1
10004980:	2b00      	cmp	r3, #0
10004982:	da02      	bge.n	1000498a <low_priority_worker_irq+0x96>
10004984:	2201      	movs	r2, #1
10004986:	4b0b      	ldr	r3, [pc, #44]	@ (100049b4 <low_priority_worker_irq+0xc0>)
10004988:	4252      	negs	r2, r2
1000498a:	2101      	movs	r1, #1
1000498c:	9102      	str	r1, [sp, #8]
1000498e:	2100      	movs	r1, #0
10004990:	9101      	str	r1, [sp, #4]
10004992:	4909      	ldr	r1, [pc, #36]	@ (100049b8 <low_priority_worker_irq+0xc4>)
10004994:	0020      	movs	r0, r4
10004996:	9100      	str	r1, [sp, #0]
10004998:	f7fc faa2 	bl	10000ee0 <alarm_pool_add_alarm_at>
1000499c:	e7ce      	b.n	1000493c <low_priority_worker_irq+0x48>
1000499e:	46c0      	nop			@ (mov r8, r8)
100049a0:	20002120 	.word	0x20002120
100049a4:	200020f8 	.word	0x200020f8
100049a8:	20002140 	.word	0x20002140
100049ac:	20001c80 	.word	0x20001c80
100049b0:	20001c84 	.word	0x20001c84
100049b4:	7fffffff 	.word	0x7fffffff
100049b8:	100046b9 	.word	0x100046b9

100049bc <stdio_usb_init>:
100049bc:	23d0      	movs	r3, #208	@ 0xd0
100049be:	b510      	push	{r4, lr}
100049c0:	061b      	lsls	r3, r3, #24
100049c2:	b084      	sub	sp, #16
100049c4:	681c      	ldr	r4, [r3, #0]
100049c6:	f7fc fa87 	bl	10000ed8 <alarm_pool_get_default>
100049ca:	f7fc fb83 	bl	100010d4 <alarm_pool_core_num>
100049ce:	42a0      	cmp	r0, r4
100049d0:	d002      	beq.n	100049d8 <stdio_usb_init+0x1c>
100049d2:	2000      	movs	r0, #0
100049d4:	b004      	add	sp, #16
100049d6:	bd10      	pop	{r4, pc}
100049d8:	4b29      	ldr	r3, [pc, #164]	@ (10004a80 <stdio_usb_init+0xc4>)
100049da:	2100      	movs	r1, #0
100049dc:	2000      	movs	r0, #0
100049de:	781b      	ldrb	r3, [r3, #0]
100049e0:	f001 fd5e 	bl	100064a0 <tusb_rhport_init>
100049e4:	4827      	ldr	r0, [pc, #156]	@ (10004a84 <stdio_usb_init+0xc8>)
100049e6:	6803      	ldr	r3, [r0, #0]
100049e8:	2b00      	cmp	r3, #0
100049ea:	d045      	beq.n	10004a78 <stdio_usb_init+0xbc>
100049ec:	2001      	movs	r0, #1
100049ee:	f7fc f801 	bl	100009f4 <user_irq_claim_unused>
100049f2:	23ff      	movs	r3, #255	@ 0xff
100049f4:	4c24      	ldr	r4, [pc, #144]	@ (10004a88 <stdio_usb_init+0xcc>)
100049f6:	4925      	ldr	r1, [pc, #148]	@ (10004a8c <stdio_usb_init+0xd0>)
100049f8:	7020      	strb	r0, [r4, #0]
100049fa:	4018      	ands	r0, r3
100049fc:	f7fb fe7c 	bl	100006f8 <irq_set_exclusive_handler>
10004a00:	7820      	ldrb	r0, [r4, #0]
10004a02:	2101      	movs	r1, #1
10004a04:	f7fb fe40 	bl	10000688 <irq_set_enabled>
10004a08:	2005      	movs	r0, #5
10004a0a:	f7fb fe63 	bl	100006d4 <irq_has_shared_handler>
10004a0e:	2800      	cmp	r0, #0
10004a10:	d124      	bne.n	10004a5c <stdio_usb_init+0xa0>
10004a12:	2208      	movs	r2, #8
10004a14:	2100      	movs	r1, #0
10004a16:	481e      	ldr	r0, [pc, #120]	@ (10004a90 <stdio_usb_init+0xd4>)
10004a18:	f7fd ff12 	bl	10002840 <__wrap_memset>
10004a1c:	f7fc fa5c 	bl	10000ed8 <alarm_pool_get_default>
10004a20:	0004      	movs	r4, r0
10004a22:	f7fc fc6f 	bl	10001304 <time_us_64>
10004a26:	22fa      	movs	r2, #250	@ 0xfa
10004a28:	2300      	movs	r3, #0
10004a2a:	0092      	lsls	r2, r2, #2
10004a2c:	1812      	adds	r2, r2, r0
10004a2e:	414b      	adcs	r3, r1
10004a30:	2b00      	cmp	r3, #0
10004a32:	da02      	bge.n	10004a3a <stdio_usb_init+0x7e>
10004a34:	2201      	movs	r2, #1
10004a36:	4b17      	ldr	r3, [pc, #92]	@ (10004a94 <stdio_usb_init+0xd8>)
10004a38:	4252      	negs	r2, r2
10004a3a:	2101      	movs	r1, #1
10004a3c:	9102      	str	r1, [sp, #8]
10004a3e:	2100      	movs	r1, #0
10004a40:	9101      	str	r1, [sp, #4]
10004a42:	4915      	ldr	r1, [pc, #84]	@ (10004a98 <stdio_usb_init+0xdc>)
10004a44:	0020      	movs	r0, r4
10004a46:	9100      	str	r1, [sp, #0]
10004a48:	f7fc fa4a 	bl	10000ee0 <alarm_pool_add_alarm_at>
10004a4c:	2800      	cmp	r0, #0
10004a4e:	dbc0      	blt.n	100049d2 <stdio_usb_init+0x16>
10004a50:	4812      	ldr	r0, [pc, #72]	@ (10004a9c <stdio_usb_init+0xe0>)
10004a52:	2101      	movs	r1, #1
10004a54:	f7ff fca6 	bl	100043a4 <stdio_set_driver_enabled>
10004a58:	2001      	movs	r0, #1
10004a5a:	e7bb      	b.n	100049d4 <stdio_usb_init+0x18>
10004a5c:	2001      	movs	r0, #1
10004a5e:	f7fb fde1 	bl	10000624 <spin_lock_claim_unused>
10004a62:	4b0b      	ldr	r3, [pc, #44]	@ (10004a90 <stdio_usb_init+0xd4>)
10004a64:	0001      	movs	r1, r0
10004a66:	0018      	movs	r0, r3
10004a68:	f7fc f826 	bl	10000ab8 <critical_section_init_with_lock_num>
10004a6c:	2200      	movs	r2, #0
10004a6e:	2005      	movs	r0, #5
10004a70:	490b      	ldr	r1, [pc, #44]	@ (10004aa0 <stdio_usb_init+0xe4>)
10004a72:	f7fb fe6b 	bl	1000074c <irq_add_shared_handler>
10004a76:	e7eb      	b.n	10004a50 <stdio_usb_init+0x94>
10004a78:	f7fc f802 	bl	10000a80 <mutex_init>
10004a7c:	e7b6      	b.n	100049ec <stdio_usb_init+0x30>
10004a7e:	46c0      	nop			@ (mov r8, r8)
10004a80:	100077b0 	.word	0x100077b0
10004a84:	20002120 	.word	0x20002120
10004a88:	2000213f 	.word	0x2000213f
10004a8c:	100048f5 	.word	0x100048f5
10004a90:	200020f8 	.word	0x200020f8
10004a94:	7fffffff 	.word	0x7fffffff
10004a98:	100046b9 	.word	0x100046b9
10004a9c:	20001070 	.word	0x20001070
10004aa0:	100046a9 	.word	0x100046a9

10004aa4 <tud_descriptor_device_cb>:
10004aa4:	4800      	ldr	r0, [pc, #0]	@ (10004aa8 <tud_descriptor_device_cb+0x4>)
10004aa6:	4770      	bx	lr
10004aa8:	10007698 	.word	0x10007698

10004aac <tud_descriptor_configuration_cb>:
10004aac:	4800      	ldr	r0, [pc, #0]	@ (10004ab0 <tud_descriptor_configuration_cb+0x4>)
10004aae:	4770      	bx	lr
10004ab0:	10007644 	.word	0x10007644

10004ab4 <tud_descriptor_string_cb>:
10004ab4:	b510      	push	{r4, lr}
10004ab6:	0004      	movs	r4, r0
10004ab8:	4817      	ldr	r0, [pc, #92]	@ (10004b18 <tud_descriptor_string_cb+0x64>)
10004aba:	7803      	ldrb	r3, [r0, #0]
10004abc:	2b00      	cmp	r3, #0
10004abe:	d020      	beq.n	10004b02 <tud_descriptor_string_cb+0x4e>
10004ac0:	2c00      	cmp	r4, #0
10004ac2:	d106      	bne.n	10004ad2 <tud_descriptor_string_cb+0x1e>
10004ac4:	4b15      	ldr	r3, [pc, #84]	@ (10004b1c <tud_descriptor_string_cb+0x68>)
10004ac6:	4816      	ldr	r0, [pc, #88]	@ (10004b20 <tud_descriptor_string_cb+0x6c>)
10004ac8:	8043      	strh	r3, [r0, #2]
10004aca:	3b06      	subs	r3, #6
10004acc:	3bff      	subs	r3, #255	@ 0xff
10004ace:	8003      	strh	r3, [r0, #0]
10004ad0:	bd10      	pop	{r4, pc}
10004ad2:	2c05      	cmp	r4, #5
10004ad4:	d81d      	bhi.n	10004b12 <tud_descriptor_string_cb+0x5e>
10004ad6:	4b13      	ldr	r3, [pc, #76]	@ (10004b24 <tud_descriptor_string_cb+0x70>)
10004ad8:	00a4      	lsls	r4, r4, #2
10004ada:	58e0      	ldr	r0, [r4, r3]
10004adc:	4912      	ldr	r1, [pc, #72]	@ (10004b28 <tud_descriptor_string_cb+0x74>)
10004ade:	2301      	movs	r3, #1
10004ae0:	3801      	subs	r0, #1
10004ae2:	e004      	b.n	10004aee <tud_descriptor_string_cb+0x3a>
10004ae4:	3301      	adds	r3, #1
10004ae6:	800a      	strh	r2, [r1, #0]
10004ae8:	3102      	adds	r1, #2
10004aea:	2b14      	cmp	r3, #20
10004aec:	d00d      	beq.n	10004b0a <tud_descriptor_string_cb+0x56>
10004aee:	5cc2      	ldrb	r2, [r0, r3]
10004af0:	2a00      	cmp	r2, #0
10004af2:	d1f7      	bne.n	10004ae4 <tud_descriptor_string_cb+0x30>
10004af4:	22c0      	movs	r2, #192	@ 0xc0
10004af6:	b2db      	uxtb	r3, r3
10004af8:	005b      	lsls	r3, r3, #1
10004afa:	0092      	lsls	r2, r2, #2
10004afc:	4808      	ldr	r0, [pc, #32]	@ (10004b20 <tud_descriptor_string_cb+0x6c>)
10004afe:	4313      	orrs	r3, r2
10004b00:	e7e5      	b.n	10004ace <tud_descriptor_string_cb+0x1a>
10004b02:	2111      	movs	r1, #17
10004b04:	f000 f81a 	bl	10004b3c <pico_get_unique_board_id_string>
10004b08:	e7da      	b.n	10004ac0 <tud_descriptor_string_cb+0xc>
10004b0a:	23ca      	movs	r3, #202	@ 0xca
10004b0c:	4804      	ldr	r0, [pc, #16]	@ (10004b20 <tud_descriptor_string_cb+0x6c>)
10004b0e:	009b      	lsls	r3, r3, #2
10004b10:	e7dd      	b.n	10004ace <tud_descriptor_string_cb+0x1a>
10004b12:	2000      	movs	r0, #0
10004b14:	e7dc      	b.n	10004ad0 <tud_descriptor_string_cb+0x1c>
10004b16:	46c0      	nop			@ (mov r8, r8)
10004b18:	20002128 	.word	0x20002128
10004b1c:	00000409 	.word	0x00000409
10004b20:	20001cb8 	.word	0x20001cb8
10004b24:	1000762c 	.word	0x1000762c
10004b28:	20001cba 	.word	0x20001cba

10004b2c <_retrieve_unique_id_on_boot>:
10004b2c:	b510      	push	{r4, lr}
10004b2e:	4802      	ldr	r0, [pc, #8]	@ (10004b38 <_retrieve_unique_id_on_boot+0xc>)
10004b30:	f000 f8d8 	bl	10004ce4 <flash_get_unique_id>
10004b34:	bd10      	pop	{r4, pc}
10004b36:	46c0      	nop			@ (mov r8, r8)
10004b38:	20002110 	.word	0x20002110

10004b3c <pico_get_unique_board_id_string>:
10004b3c:	b530      	push	{r4, r5, lr}
10004b3e:	1e4b      	subs	r3, r1, #1
10004b40:	2901      	cmp	r1, #1
10004b42:	d100      	bne.n	10004b46 <pico_get_unique_board_id_string+0xa>
10004b44:	e0a7      	b.n	10004c96 <pico_get_unique_board_id_string+0x15a>
10004b46:	4a66      	ldr	r2, [pc, #408]	@ (10004ce0 <pico_get_unique_board_id_string+0x1a4>)
10004b48:	7811      	ldrb	r1, [r2, #0]
10004b4a:	090d      	lsrs	r5, r1, #4
10004b4c:	002c      	movs	r4, r5
10004b4e:	3430      	adds	r4, #48	@ 0x30
10004b50:	299f      	cmp	r1, #159	@ 0x9f
10004b52:	d900      	bls.n	10004b56 <pico_get_unique_board_id_string+0x1a>
10004b54:	e0a2      	b.n	10004c9c <pico_get_unique_board_id_string+0x160>
10004b56:	7004      	strb	r4, [r0, #0]
10004b58:	2b01      	cmp	r3, #1
10004b5a:	d100      	bne.n	10004b5e <pico_get_unique_board_id_string+0x22>
10004b5c:	e0be      	b.n	10004cdc <pico_get_unique_board_id_string+0x1a0>
10004b5e:	210f      	movs	r1, #15
10004b60:	7814      	ldrb	r4, [r2, #0]
10004b62:	4021      	ands	r1, r4
10004b64:	000c      	movs	r4, r1
10004b66:	3430      	adds	r4, #48	@ 0x30
10004b68:	2909      	cmp	r1, #9
10004b6a:	d900      	bls.n	10004b6e <pico_get_unique_board_id_string+0x32>
10004b6c:	e098      	b.n	10004ca0 <pico_get_unique_board_id_string+0x164>
10004b6e:	7044      	strb	r4, [r0, #1]
10004b70:	2b02      	cmp	r3, #2
10004b72:	d100      	bne.n	10004b76 <pico_get_unique_board_id_string+0x3a>
10004b74:	e0b2      	b.n	10004cdc <pico_get_unique_board_id_string+0x1a0>
10004b76:	7854      	ldrb	r4, [r2, #1]
10004b78:	0925      	lsrs	r5, r4, #4
10004b7a:	0029      	movs	r1, r5
10004b7c:	3130      	adds	r1, #48	@ 0x30
10004b7e:	2c9f      	cmp	r4, #159	@ 0x9f
10004b80:	d900      	bls.n	10004b84 <pico_get_unique_board_id_string+0x48>
10004b82:	e090      	b.n	10004ca6 <pico_get_unique_board_id_string+0x16a>
10004b84:	7081      	strb	r1, [r0, #2]
10004b86:	2b03      	cmp	r3, #3
10004b88:	d100      	bne.n	10004b8c <pico_get_unique_board_id_string+0x50>
10004b8a:	e0a7      	b.n	10004cdc <pico_get_unique_board_id_string+0x1a0>
10004b8c:	210f      	movs	r1, #15
10004b8e:	4021      	ands	r1, r4
10004b90:	000c      	movs	r4, r1
10004b92:	3430      	adds	r4, #48	@ 0x30
10004b94:	2909      	cmp	r1, #9
10004b96:	d900      	bls.n	10004b9a <pico_get_unique_board_id_string+0x5e>
10004b98:	e087      	b.n	10004caa <pico_get_unique_board_id_string+0x16e>
10004b9a:	70c4      	strb	r4, [r0, #3]
10004b9c:	2b04      	cmp	r3, #4
10004b9e:	d100      	bne.n	10004ba2 <pico_get_unique_board_id_string+0x66>
10004ba0:	e09c      	b.n	10004cdc <pico_get_unique_board_id_string+0x1a0>
10004ba2:	7894      	ldrb	r4, [r2, #2]
10004ba4:	0925      	lsrs	r5, r4, #4
10004ba6:	0029      	movs	r1, r5
10004ba8:	3130      	adds	r1, #48	@ 0x30
10004baa:	2c9f      	cmp	r4, #159	@ 0x9f
10004bac:	d900      	bls.n	10004bb0 <pico_get_unique_board_id_string+0x74>
10004bae:	e07f      	b.n	10004cb0 <pico_get_unique_board_id_string+0x174>
10004bb0:	7101      	strb	r1, [r0, #4]
10004bb2:	2b05      	cmp	r3, #5
10004bb4:	d100      	bne.n	10004bb8 <pico_get_unique_board_id_string+0x7c>
10004bb6:	e091      	b.n	10004cdc <pico_get_unique_board_id_string+0x1a0>
10004bb8:	210f      	movs	r1, #15
10004bba:	4021      	ands	r1, r4
10004bbc:	000c      	movs	r4, r1
10004bbe:	3430      	adds	r4, #48	@ 0x30
10004bc0:	2909      	cmp	r1, #9
10004bc2:	d900      	bls.n	10004bc6 <pico_get_unique_board_id_string+0x8a>
10004bc4:	e076      	b.n	10004cb4 <pico_get_unique_board_id_string+0x178>
10004bc6:	7144      	strb	r4, [r0, #5]
10004bc8:	2b06      	cmp	r3, #6
10004bca:	d100      	bne.n	10004bce <pico_get_unique_board_id_string+0x92>
10004bcc:	e086      	b.n	10004cdc <pico_get_unique_board_id_string+0x1a0>
10004bce:	78d4      	ldrb	r4, [r2, #3]
10004bd0:	0925      	lsrs	r5, r4, #4
10004bd2:	0029      	movs	r1, r5
10004bd4:	3130      	adds	r1, #48	@ 0x30
10004bd6:	2c9f      	cmp	r4, #159	@ 0x9f
10004bd8:	d900      	bls.n	10004bdc <pico_get_unique_board_id_string+0xa0>
10004bda:	e06e      	b.n	10004cba <pico_get_unique_board_id_string+0x17e>
10004bdc:	7181      	strb	r1, [r0, #6]
10004bde:	2b07      	cmp	r3, #7
10004be0:	d100      	bne.n	10004be4 <pico_get_unique_board_id_string+0xa8>
10004be2:	e07b      	b.n	10004cdc <pico_get_unique_board_id_string+0x1a0>
10004be4:	210f      	movs	r1, #15
10004be6:	4021      	ands	r1, r4
10004be8:	000c      	movs	r4, r1
10004bea:	3430      	adds	r4, #48	@ 0x30
10004bec:	2909      	cmp	r1, #9
10004bee:	d866      	bhi.n	10004cbe <pico_get_unique_board_id_string+0x182>
10004bf0:	71c4      	strb	r4, [r0, #7]
10004bf2:	2b08      	cmp	r3, #8
10004bf4:	d100      	bne.n	10004bf8 <pico_get_unique_board_id_string+0xbc>
10004bf6:	e071      	b.n	10004cdc <pico_get_unique_board_id_string+0x1a0>
10004bf8:	7914      	ldrb	r4, [r2, #4]
10004bfa:	0925      	lsrs	r5, r4, #4
10004bfc:	0029      	movs	r1, r5
10004bfe:	3130      	adds	r1, #48	@ 0x30
10004c00:	2c9f      	cmp	r4, #159	@ 0x9f
10004c02:	d85f      	bhi.n	10004cc4 <pico_get_unique_board_id_string+0x188>
10004c04:	7201      	strb	r1, [r0, #8]
10004c06:	2b09      	cmp	r3, #9
10004c08:	d068      	beq.n	10004cdc <pico_get_unique_board_id_string+0x1a0>
10004c0a:	210f      	movs	r1, #15
10004c0c:	4021      	ands	r1, r4
10004c0e:	000c      	movs	r4, r1
10004c10:	3430      	adds	r4, #48	@ 0x30
10004c12:	2909      	cmp	r1, #9
10004c14:	d858      	bhi.n	10004cc8 <pico_get_unique_board_id_string+0x18c>
10004c16:	7244      	strb	r4, [r0, #9]
10004c18:	2b0a      	cmp	r3, #10
10004c1a:	d05f      	beq.n	10004cdc <pico_get_unique_board_id_string+0x1a0>
10004c1c:	7954      	ldrb	r4, [r2, #5]
10004c1e:	0925      	lsrs	r5, r4, #4
10004c20:	0029      	movs	r1, r5
10004c22:	3130      	adds	r1, #48	@ 0x30
10004c24:	2c9f      	cmp	r4, #159	@ 0x9f
10004c26:	d852      	bhi.n	10004cce <pico_get_unique_board_id_string+0x192>
10004c28:	7281      	strb	r1, [r0, #10]
10004c2a:	2b0b      	cmp	r3, #11
10004c2c:	d056      	beq.n	10004cdc <pico_get_unique_board_id_string+0x1a0>
10004c2e:	210f      	movs	r1, #15
10004c30:	4021      	ands	r1, r4
10004c32:	000c      	movs	r4, r1
10004c34:	3430      	adds	r4, #48	@ 0x30
10004c36:	2909      	cmp	r1, #9
10004c38:	d84b      	bhi.n	10004cd2 <pico_get_unique_board_id_string+0x196>
10004c3a:	72c4      	strb	r4, [r0, #11]
10004c3c:	2b0c      	cmp	r3, #12
10004c3e:	d04d      	beq.n	10004cdc <pico_get_unique_board_id_string+0x1a0>
10004c40:	7994      	ldrb	r4, [r2, #6]
10004c42:	0925      	lsrs	r5, r4, #4
10004c44:	0029      	movs	r1, r5
10004c46:	3130      	adds	r1, #48	@ 0x30
10004c48:	2c9f      	cmp	r4, #159	@ 0x9f
10004c4a:	d900      	bls.n	10004c4e <pico_get_unique_board_id_string+0x112>
10004c4c:	3107      	adds	r1, #7
10004c4e:	7301      	strb	r1, [r0, #12]
10004c50:	2b0d      	cmp	r3, #13
10004c52:	d043      	beq.n	10004cdc <pico_get_unique_board_id_string+0x1a0>
10004c54:	210f      	movs	r1, #15
10004c56:	4021      	ands	r1, r4
10004c58:	000c      	movs	r4, r1
10004c5a:	3430      	adds	r4, #48	@ 0x30
10004c5c:	2909      	cmp	r1, #9
10004c5e:	d901      	bls.n	10004c64 <pico_get_unique_board_id_string+0x128>
10004c60:	3137      	adds	r1, #55	@ 0x37
10004c62:	000c      	movs	r4, r1
10004c64:	7344      	strb	r4, [r0, #13]
10004c66:	2b0e      	cmp	r3, #14
10004c68:	d038      	beq.n	10004cdc <pico_get_unique_board_id_string+0x1a0>
10004c6a:	79d1      	ldrb	r1, [r2, #7]
10004c6c:	090c      	lsrs	r4, r1, #4
10004c6e:	0022      	movs	r2, r4
10004c70:	3230      	adds	r2, #48	@ 0x30
10004c72:	299f      	cmp	r1, #159	@ 0x9f
10004c74:	d900      	bls.n	10004c78 <pico_get_unique_board_id_string+0x13c>
10004c76:	3207      	adds	r2, #7
10004c78:	7382      	strb	r2, [r0, #14]
10004c7a:	2b0f      	cmp	r3, #15
10004c7c:	d02e      	beq.n	10004cdc <pico_get_unique_board_id_string+0x1a0>
10004c7e:	220f      	movs	r2, #15
10004c80:	400a      	ands	r2, r1
10004c82:	0011      	movs	r1, r2
10004c84:	3137      	adds	r1, #55	@ 0x37
10004c86:	2a09      	cmp	r2, #9
10004c88:	d801      	bhi.n	10004c8e <pico_get_unique_board_id_string+0x152>
10004c8a:	3230      	adds	r2, #48	@ 0x30
10004c8c:	0011      	movs	r1, r2
10004c8e:	73c1      	strb	r1, [r0, #15]
10004c90:	2b10      	cmp	r3, #16
10004c92:	d023      	beq.n	10004cdc <pico_get_unique_board_id_string+0x1a0>
10004c94:	3010      	adds	r0, #16
10004c96:	2300      	movs	r3, #0
10004c98:	7003      	strb	r3, [r0, #0]
10004c9a:	bd30      	pop	{r4, r5, pc}
10004c9c:	3407      	adds	r4, #7
10004c9e:	e75a      	b.n	10004b56 <pico_get_unique_board_id_string+0x1a>
10004ca0:	3137      	adds	r1, #55	@ 0x37
10004ca2:	000c      	movs	r4, r1
10004ca4:	e763      	b.n	10004b6e <pico_get_unique_board_id_string+0x32>
10004ca6:	3107      	adds	r1, #7
10004ca8:	e76c      	b.n	10004b84 <pico_get_unique_board_id_string+0x48>
10004caa:	3137      	adds	r1, #55	@ 0x37
10004cac:	000c      	movs	r4, r1
10004cae:	e774      	b.n	10004b9a <pico_get_unique_board_id_string+0x5e>
10004cb0:	3107      	adds	r1, #7
10004cb2:	e77d      	b.n	10004bb0 <pico_get_unique_board_id_string+0x74>
10004cb4:	3137      	adds	r1, #55	@ 0x37
10004cb6:	000c      	movs	r4, r1
10004cb8:	e785      	b.n	10004bc6 <pico_get_unique_board_id_string+0x8a>
10004cba:	3107      	adds	r1, #7
10004cbc:	e78e      	b.n	10004bdc <pico_get_unique_board_id_string+0xa0>
10004cbe:	3137      	adds	r1, #55	@ 0x37
10004cc0:	000c      	movs	r4, r1
10004cc2:	e795      	b.n	10004bf0 <pico_get_unique_board_id_string+0xb4>
10004cc4:	3107      	adds	r1, #7
10004cc6:	e79d      	b.n	10004c04 <pico_get_unique_board_id_string+0xc8>
10004cc8:	3137      	adds	r1, #55	@ 0x37
10004cca:	000c      	movs	r4, r1
10004ccc:	e7a3      	b.n	10004c16 <pico_get_unique_board_id_string+0xda>
10004cce:	3107      	adds	r1, #7
10004cd0:	e7aa      	b.n	10004c28 <pico_get_unique_board_id_string+0xec>
10004cd2:	3137      	adds	r1, #55	@ 0x37
10004cd4:	000c      	movs	r4, r1
10004cd6:	72c4      	strb	r4, [r0, #11]
10004cd8:	2b0c      	cmp	r3, #12
10004cda:	d1b1      	bne.n	10004c40 <pico_get_unique_board_id_string+0x104>
10004cdc:	18c0      	adds	r0, r0, r3
10004cde:	e7da      	b.n	10004c96 <pico_get_unique_board_id_string+0x15a>
10004ce0:	20002110 	.word	0x20002110

10004ce4 <flash_get_unique_id>:
10004ce4:	b510      	push	{r4, lr}
10004ce6:	b088      	sub	sp, #32
10004ce8:	0004      	movs	r4, r0
10004cea:	220d      	movs	r2, #13
10004cec:	2100      	movs	r1, #0
10004cee:	4668      	mov	r0, sp
10004cf0:	f7fd fda6 	bl	10002840 <__wrap_memset>
10004cf4:	220d      	movs	r2, #13
10004cf6:	2100      	movs	r1, #0
10004cf8:	a804      	add	r0, sp, #16
10004cfa:	f7fd fda1 	bl	10002840 <__wrap_memset>
10004cfe:	234b      	movs	r3, #75	@ 0x4b
10004d00:	466a      	mov	r2, sp
10004d02:	4668      	mov	r0, sp
10004d04:	7013      	strb	r3, [r2, #0]
10004d06:	a904      	add	r1, sp, #16
10004d08:	220d      	movs	r2, #13
10004d0a:	f002 f8a9 	bl	10006e60 <__flash_do_cmd_veneer>
10004d0e:	2115      	movs	r1, #21
10004d10:	2208      	movs	r2, #8
10004d12:	0020      	movs	r0, r4
10004d14:	4469      	add	r1, sp
10004d16:	f7fd fd99 	bl	1000284c <__wrap___aeabi_memcpy>
10004d1a:	b008      	add	sp, #32
10004d1c:	bd10      	pop	{r4, pc}
10004d1e:	46c0      	nop			@ (mov r8, r8)

10004d20 <dcd_init>:
10004d20:	b5f8      	push	{r3, r4, r5, r6, r7, lr}
10004d22:	f000 f947 	bl	10004fb4 <rp2040_usb_init>
10004d26:	230c      	movs	r3, #12
10004d28:	4d19      	ldr	r5, [pc, #100]	@ (10004d90 <dcd_init+0x70>)
10004d2a:	22ff      	movs	r2, #255	@ 0xff
10004d2c:	67ab      	str	r3, [r5, #120]	@ 0x78
10004d2e:	2005      	movs	r0, #5
10004d30:	4918      	ldr	r1, [pc, #96]	@ (10004d94 <dcd_init+0x74>)
10004d32:	f7fb fd0b 	bl	1000074c <irq_add_shared_handler>
10004d36:	4c18      	ldr	r4, [pc, #96]	@ (10004d98 <dcd_init+0x78>)
10004d38:	2240      	movs	r2, #64	@ 0x40
10004d3a:	2100      	movs	r1, #0
10004d3c:	0020      	movs	r0, r4
10004d3e:	f7fd fd7f 	bl	10002840 <__wrap_memset>
10004d42:	2740      	movs	r7, #64	@ 0x40
10004d44:	2300      	movs	r3, #0
10004d46:	2601      	movs	r6, #1
10004d48:	2121      	movs	r1, #33	@ 0x21
10004d4a:	4a14      	ldr	r2, [pc, #80]	@ (10004d9c <dcd_init+0x7c>)
10004d4c:	7066      	strb	r6, [r4, #1]
10004d4e:	8327      	strh	r7, [r4, #24]
10004d50:	60a2      	str	r2, [r4, #8]
10004d52:	6013      	str	r3, [r2, #0]
10004d54:	5463      	strb	r3, [r4, r1]
10004d56:	315f      	adds	r1, #95	@ 0x5f
10004d58:	8461      	strh	r1, [r4, #34]	@ 0x22
10004d5a:	3945      	subs	r1, #69	@ 0x45
10004d5c:	5463      	strb	r3, [r4, r1]
10004d5e:	4a10      	ldr	r2, [pc, #64]	@ (10004da0 <dcd_init+0x80>)
10004d60:	4910      	ldr	r1, [pc, #64]	@ (10004da4 <dcd_init+0x84>)
10004d62:	6063      	str	r3, [r4, #4]
10004d64:	60e2      	str	r2, [r4, #12]
10004d66:	8727      	strh	r7, [r4, #56]	@ 0x38
10004d68:	62a1      	str	r1, [r4, #40]	@ 0x28
10004d6a:	600b      	str	r3, [r1, #0]
10004d6c:	6263      	str	r3, [r4, #36]	@ 0x24
10004d6e:	62e2      	str	r2, [r4, #44]	@ 0x2c
10004d70:	f002 f8c6 	bl	10006f00 <__reset_non_control_endpoints_veneer>
10004d74:	2380      	movs	r3, #128	@ 0x80
10004d76:	059b      	lsls	r3, r3, #22
10004d78:	642e      	str	r6, [r5, #64]	@ 0x40
10004d7a:	64eb      	str	r3, [r5, #76]	@ 0x4c
10004d7c:	2390      	movs	r3, #144	@ 0x90
10004d7e:	4a0a      	ldr	r2, [pc, #40]	@ (10004da8 <dcd_init+0x88>)
10004d80:	2001      	movs	r0, #1
10004d82:	50ea      	str	r2, [r5, r3]
10004d84:	2280      	movs	r2, #128	@ 0x80
10004d86:	4b09      	ldr	r3, [pc, #36]	@ (10004dac <dcd_init+0x8c>)
10004d88:	0252      	lsls	r2, r2, #9
10004d8a:	64da      	str	r2, [r3, #76]	@ 0x4c
10004d8c:	bdf8      	pop	{r3, r4, r5, r6, r7, pc}
10004d8e:	46c0      	nop			@ (mov r8, r8)
10004d90:	50110000 	.word	0x50110000
10004d94:	20000545 	.word	0x20000545
10004d98:	20001cec 	.word	0x20001cec
10004d9c:	50100084 	.word	0x50100084
10004da0:	50100100 	.word	0x50100100
10004da4:	50100080 	.word	0x50100080
10004da8:	0001d010 	.word	0x0001d010
10004dac:	50112000 	.word	0x50112000

10004db0 <dcd_int_enable>:
10004db0:	b510      	push	{r4, lr}
10004db2:	2101      	movs	r1, #1
10004db4:	2005      	movs	r0, #5
10004db6:	f7fb fc67 	bl	10000688 <irq_set_enabled>
10004dba:	bd10      	pop	{r4, pc}

10004dbc <dcd_set_address>:
10004dbc:	b510      	push	{r4, lr}
10004dbe:	2200      	movs	r2, #0
10004dc0:	2100      	movs	r1, #0
10004dc2:	4802      	ldr	r0, [pc, #8]	@ (10004dcc <dcd_set_address+0x10>)
10004dc4:	f000 f916 	bl	10004ff4 <hw_endpoint_xfer_start>
10004dc8:	bd10      	pop	{r4, pc}
10004dca:	46c0      	nop			@ (mov r8, r8)
10004dcc:	20001d0c 	.word	0x20001d0c

10004dd0 <dcd_sof_enable>:
10004dd0:	4b04      	ldr	r3, [pc, #16]	@ (10004de4 <dcd_sof_enable+0x14>)
10004dd2:	7019      	strb	r1, [r3, #0]
10004dd4:	2900      	cmp	r1, #0
10004dd6:	d004      	beq.n	10004de2 <dcd_sof_enable+0x12>
10004dd8:	2180      	movs	r1, #128	@ 0x80
10004dda:	2390      	movs	r3, #144	@ 0x90
10004ddc:	4a02      	ldr	r2, [pc, #8]	@ (10004de8 <dcd_sof_enable+0x18>)
10004dde:	0289      	lsls	r1, r1, #10
10004de0:	50d1      	str	r1, [r2, r3]
10004de2:	4770      	bx	lr
10004de4:	2000213a 	.word	0x2000213a
10004de8:	50112000 	.word	0x50112000

10004dec <dcd_edpt0_status_complete>:
10004dec:	780b      	ldrb	r3, [r1, #0]
10004dee:	065b      	lsls	r3, r3, #25
10004df0:	d102      	bne.n	10004df8 <dcd_edpt0_status_complete+0xc>
10004df2:	784b      	ldrb	r3, [r1, #1]
10004df4:	2b05      	cmp	r3, #5
10004df6:	d000      	beq.n	10004dfa <dcd_edpt0_status_complete+0xe>
10004df8:	4770      	bx	lr
10004dfa:	788a      	ldrb	r2, [r1, #2]
10004dfc:	4b01      	ldr	r3, [pc, #4]	@ (10004e04 <dcd_edpt0_status_complete+0x18>)
10004dfe:	601a      	str	r2, [r3, #0]
10004e00:	e7fa      	b.n	10004df8 <dcd_edpt0_status_complete+0xc>
10004e02:	46c0      	nop			@ (mov r8, r8)
10004e04:	50110000 	.word	0x50110000

10004e08 <dcd_edpt_open>:
10004e08:	b5f0      	push	{r4, r5, r6, r7, lr}
10004e0a:	46c6      	mov	lr, r8
10004e0c:	78c8      	ldrb	r0, [r1, #3]
10004e0e:	b500      	push	{lr}
10004e10:	0780      	lsls	r0, r0, #30
10004e12:	0f83      	lsrs	r3, r0, #30
10004e14:	0018      	movs	r0, r3
10004e16:	2b01      	cmp	r3, #1
10004e18:	d060      	beq.n	10004edc <dcd_edpt_open+0xd4>
10004e1a:	788f      	ldrb	r7, [r1, #2]
10004e1c:	790a      	ldrb	r2, [r1, #4]
10004e1e:	794b      	ldrb	r3, [r1, #5]
10004e20:	217f      	movs	r1, #127	@ 0x7f
10004e22:	4039      	ands	r1, r7
10004e24:	09fc      	lsrs	r4, r7, #7
10004e26:	021b      	lsls	r3, r3, #8
10004e28:	004e      	lsls	r6, r1, #1
10004e2a:	4313      	orrs	r3, r2
10004e2c:	4d33      	ldr	r5, [pc, #204]	@ (10004efc <dcd_edpt_open+0xf4>)
10004e2e:	1932      	adds	r2, r6, r4
10004e30:	0152      	lsls	r2, r2, #5
10004e32:	18aa      	adds	r2, r5, r2
10004e34:	7097      	strb	r7, [r2, #2]
10004e36:	2701      	movs	r7, #1
10004e38:	4067      	eors	r7, r4
10004e3a:	7057      	strb	r7, [r2, #1]
10004e3c:	2700      	movs	r7, #0
10004e3e:	055b      	lsls	r3, r3, #21
10004e40:	0d5b      	lsrs	r3, r3, #21
10004e42:	70d7      	strb	r7, [r2, #3]
10004e44:	8313      	strh	r3, [r2, #24]
10004e46:	76d0      	strb	r0, [r2, #27]
10004e48:	46b8      	mov	r8, r7
10004e4a:	00ca      	lsls	r2, r1, #3
10004e4c:	2c01      	cmp	r4, #1
10004e4e:	d032      	beq.n	10004eb6 <dcd_edpt_open+0xae>
10004e50:	4f2b      	ldr	r7, [pc, #172]	@ (10004f00 <dcd_edpt_open+0xf8>)
10004e52:	46bc      	mov	ip, r7
10004e54:	018f      	lsls	r7, r1, #6
10004e56:	4462      	add	r2, ip
10004e58:	46bc      	mov	ip, r7
10004e5a:	44ac      	add	ip, r5
10004e5c:	4667      	mov	r7, ip
10004e5e:	60ba      	str	r2, [r7, #8]
10004e60:	4647      	mov	r7, r8
10004e62:	6017      	str	r7, [r2, #0]
10004e64:	2900      	cmp	r1, #0
10004e66:	d032      	beq.n	10004ece <dcd_edpt_open+0xc6>
10004e68:	4a26      	ldr	r2, [pc, #152]	@ (10004f04 <dcd_edpt_open+0xfc>)
10004e6a:	00c9      	lsls	r1, r1, #3
10004e6c:	4690      	mov	r8, r2
10004e6e:	4662      	mov	r2, ip
10004e70:	4441      	add	r1, r8
10004e72:	6051      	str	r1, [r2, #4]
10004e74:	223f      	movs	r2, #63	@ 0x3f
10004e76:	333f      	adds	r3, #63	@ 0x3f
10004e78:	4393      	bics	r3, r2
10004e7a:	2802      	cmp	r0, #2
10004e7c:	d037      	beq.n	10004eee <dcd_edpt_open+0xe6>
10004e7e:	4922      	ldr	r1, [pc, #136]	@ (10004f08 <dcd_edpt_open+0x100>)
10004e80:	1937      	adds	r7, r6, r4
10004e82:	680a      	ldr	r2, [r1, #0]
10004e84:	017f      	lsls	r7, r7, #5
10004e86:	18d3      	adds	r3, r2, r3
10004e88:	600b      	str	r3, [r1, #0]
10004e8a:	4920      	ldr	r1, [pc, #128]	@ (10004f0c <dcd_edpt_open+0x104>)
10004e8c:	19ef      	adds	r7, r5, r7
10004e8e:	60fa      	str	r2, [r7, #12]
10004e90:	428b      	cmp	r3, r1
10004e92:	d82e      	bhi.n	10004ef2 <dcd_edpt_open+0xea>
10004e94:	1936      	adds	r6, r6, r4
10004e96:	0176      	lsls	r6, r6, #5
10004e98:	19ad      	adds	r5, r5, r6
10004e9a:	7eeb      	ldrb	r3, [r5, #27]
10004e9c:	491c      	ldr	r1, [pc, #112]	@ (10004f10 <dcd_edpt_open+0x108>)
10004e9e:	069b      	lsls	r3, r3, #26
10004ea0:	404a      	eors	r2, r1
10004ea2:	4313      	orrs	r3, r2
10004ea4:	2280      	movs	r2, #128	@ 0x80
10004ea6:	0612      	lsls	r2, r2, #24
10004ea8:	4313      	orrs	r3, r2
10004eaa:	686a      	ldr	r2, [r5, #4]
10004eac:	6013      	str	r3, [r2, #0]
10004eae:	2001      	movs	r0, #1
10004eb0:	bc80      	pop	{r7}
10004eb2:	46b8      	mov	r8, r7
10004eb4:	bdf0      	pop	{r4, r5, r6, r7, pc}
10004eb6:	4f17      	ldr	r7, [pc, #92]	@ (10004f14 <dcd_edpt_open+0x10c>)
10004eb8:	46bc      	mov	ip, r7
10004eba:	018f      	lsls	r7, r1, #6
10004ebc:	4462      	add	r2, ip
10004ebe:	46bc      	mov	ip, r7
10004ec0:	44ac      	add	ip, r5
10004ec2:	4667      	mov	r7, ip
10004ec4:	62ba      	str	r2, [r7, #40]	@ 0x28
10004ec6:	4647      	mov	r7, r8
10004ec8:	6017      	str	r7, [r2, #0]
10004eca:	2900      	cmp	r1, #0
10004ecc:	d108      	bne.n	10004ee0 <dcd_edpt_open+0xd8>
10004ece:	2300      	movs	r3, #0
10004ed0:	0164      	lsls	r4, r4, #5
10004ed2:	192c      	adds	r4, r5, r4
10004ed4:	6063      	str	r3, [r4, #4]
10004ed6:	4b10      	ldr	r3, [pc, #64]	@ (10004f18 <dcd_edpt_open+0x110>)
10004ed8:	60e3      	str	r3, [r4, #12]
10004eda:	e7e8      	b.n	10004eae <dcd_edpt_open+0xa6>
10004edc:	2000      	movs	r0, #0
10004ede:	e7e7      	b.n	10004eb0 <dcd_edpt_open+0xa8>
10004ee0:	4a0b      	ldr	r2, [pc, #44]	@ (10004f10 <dcd_edpt_open+0x108>)
10004ee2:	00c9      	lsls	r1, r1, #3
10004ee4:	4690      	mov	r8, r2
10004ee6:	4662      	mov	r2, ip
10004ee8:	4441      	add	r1, r8
10004eea:	6251      	str	r1, [r2, #36]	@ 0x24
10004eec:	e7c2      	b.n	10004e74 <dcd_edpt_open+0x6c>
10004eee:	005b      	lsls	r3, r3, #1
10004ef0:	e7c5      	b.n	10004e7e <dcd_edpt_open+0x76>
10004ef2:	f7fc fcc5 	bl	10001880 <hard_assertion_failure>
10004ef6:	68fa      	ldr	r2, [r7, #12]
10004ef8:	e7cc      	b.n	10004e94 <dcd_edpt_open+0x8c>
10004efa:	46c0      	nop			@ (mov r8, r8)
10004efc:	20001cec 	.word	0x20001cec
10004f00:	50100084 	.word	0x50100084
10004f04:	50100004 	.word	0x50100004
10004f08:	200020f4 	.word	0x200020f4
10004f0c:	50100fff 	.word	0x50100fff
10004f10:	50100000 	.word	0x50100000
10004f14:	50100080 	.word	0x50100080
10004f18:	50100100 	.word	0x50100100

10004f1c <dcd_edpt_close_all>:
10004f1c:	b510      	push	{r4, lr}
10004f1e:	f001 ffef 	bl	10006f00 <__reset_non_control_endpoints_veneer>
10004f22:	bd10      	pop	{r4, pc}

10004f24 <dcd_edpt_xfer>:
10004f24:	b510      	push	{r4, lr}
10004f26:	207f      	movs	r0, #127	@ 0x7f
10004f28:	000c      	movs	r4, r1
10004f2a:	4020      	ands	r0, r4
10004f2c:	0040      	lsls	r0, r0, #1
10004f2e:	09e4      	lsrs	r4, r4, #7
10004f30:	0011      	movs	r1, r2
10004f32:	1900      	adds	r0, r0, r4
10004f34:	001a      	movs	r2, r3
10004f36:	4b03      	ldr	r3, [pc, #12]	@ (10004f44 <dcd_edpt_xfer+0x20>)
10004f38:	0140      	lsls	r0, r0, #5
10004f3a:	18c0      	adds	r0, r0, r3
10004f3c:	f000 f85a 	bl	10004ff4 <hw_endpoint_xfer_start>
10004f40:	2001      	movs	r0, #1
10004f42:	bd10      	pop	{r4, pc}
10004f44:	20001cec 	.word	0x20001cec

10004f48 <dcd_edpt_stall>:
10004f48:	237f      	movs	r3, #127	@ 0x7f
10004f4a:	0018      	movs	r0, r3
10004f4c:	b500      	push	{lr}
10004f4e:	4008      	ands	r0, r1
10004f50:	b083      	sub	sp, #12
10004f52:	420b      	tst	r3, r1
10004f54:	d104      	bne.n	10004f60 <dcd_edpt_stall+0x18>
10004f56:	424b      	negs	r3, r1
10004f58:	414b      	adcs	r3, r1
10004f5a:	4a08      	ldr	r2, [pc, #32]	@ (10004f7c <dcd_edpt_stall+0x34>)
10004f5c:	3301      	adds	r3, #1
10004f5e:	6693      	str	r3, [r2, #104]	@ 0x68
10004f60:	2280      	movs	r2, #128	@ 0x80
10004f62:	09c9      	lsrs	r1, r1, #7
10004f64:	0040      	lsls	r0, r0, #1
10004f66:	4b06      	ldr	r3, [pc, #24]	@ (10004f80 <dcd_edpt_stall+0x38>)
10004f68:	1840      	adds	r0, r0, r1
10004f6a:	0140      	lsls	r0, r0, #5
10004f6c:	2100      	movs	r1, #0
10004f6e:	18c0      	adds	r0, r0, r3
10004f70:	0112      	lsls	r2, r2, #4
10004f72:	f001 ffcd 	bl	10006f10 <___hw_endpoint_buffer_control_update32_veneer>
10004f76:	b003      	add	sp, #12
10004f78:	bd00      	pop	{pc}
10004f7a:	46c0      	nop			@ (mov r8, r8)
10004f7c:	50112000 	.word	0x50112000
10004f80:	20001cec 	.word	0x20001cec

10004f84 <dcd_edpt_clear_stall>:
10004f84:	227f      	movs	r2, #127	@ 0x7f
10004f86:	0013      	movs	r3, r2
10004f88:	b510      	push	{r4, lr}
10004f8a:	400b      	ands	r3, r1
10004f8c:	420a      	tst	r2, r1
10004f8e:	d100      	bne.n	10004f92 <dcd_edpt_clear_stall+0xe>
10004f90:	bd10      	pop	{r4, pc}
10004f92:	09c9      	lsrs	r1, r1, #7
10004f94:	005b      	lsls	r3, r3, #1
10004f96:	185b      	adds	r3, r3, r1
10004f98:	4804      	ldr	r0, [pc, #16]	@ (10004fac <dcd_edpt_clear_stall+0x28>)
10004f9a:	015b      	lsls	r3, r3, #5
10004f9c:	18c0      	adds	r0, r0, r3
10004f9e:	2300      	movs	r3, #0
10004fa0:	2200      	movs	r2, #0
10004fa2:	4903      	ldr	r1, [pc, #12]	@ (10004fb0 <dcd_edpt_clear_stall+0x2c>)
10004fa4:	70c3      	strb	r3, [r0, #3]
10004fa6:	f001 ffb3 	bl	10006f10 <___hw_endpoint_buffer_control_update32_veneer>
10004faa:	e7f1      	b.n	10004f90 <dcd_edpt_clear_stall+0xc>
10004fac:	20001cec 	.word	0x20001cec
10004fb0:	fffff7ff 	.word	0xfffff7ff

10004fb4 <rp2040_usb_init>:
10004fb4:	2280      	movs	r2, #128	@ 0x80
10004fb6:	4b0a      	ldr	r3, [pc, #40]	@ (10004fe0 <rp2040_usb_init+0x2c>)
10004fb8:	0452      	lsls	r2, r2, #17
10004fba:	b510      	push	{r4, lr}
10004fbc:	601a      	str	r2, [r3, #0]
10004fbe:	4b09      	ldr	r3, [pc, #36]	@ (10004fe4 <rp2040_usb_init+0x30>)
10004fc0:	4909      	ldr	r1, [pc, #36]	@ (10004fe8 <rp2040_usb_init+0x34>)
10004fc2:	601a      	str	r2, [r3, #0]
10004fc4:	0010      	movs	r0, r2
10004fc6:	680b      	ldr	r3, [r1, #0]
10004fc8:	4398      	bics	r0, r3
10004fca:	d1fb      	bne.n	10004fc4 <rp2040_usb_init+0x10>
10004fcc:	2280      	movs	r2, #128	@ 0x80
10004fce:	2100      	movs	r1, #0
10004fd0:	0152      	lsls	r2, r2, #5
10004fd2:	4806      	ldr	r0, [pc, #24]	@ (10004fec <rp2040_usb_init+0x38>)
10004fd4:	f7fd fc34 	bl	10002840 <__wrap_memset>
10004fd8:	2209      	movs	r2, #9
10004fda:	4b05      	ldr	r3, [pc, #20]	@ (10004ff0 <rp2040_usb_init+0x3c>)
10004fdc:	675a      	str	r2, [r3, #116]	@ 0x74
10004fde:	bd10      	pop	{r4, pc}
10004fe0:	4000e000 	.word	0x4000e000
10004fe4:	4000f000 	.word	0x4000f000
10004fe8:	4000c008 	.word	0x4000c008
10004fec:	50100000 	.word	0x50100000
10004ff0:	50110000 	.word	0x50110000

10004ff4 <hw_endpoint_xfer_start>:
10004ff4:	2300      	movs	r3, #0
10004ff6:	b510      	push	{r4, lr}
10004ff8:	82c3      	strh	r3, [r0, #22]
10004ffa:	3301      	adds	r3, #1
10004ffc:	8282      	strh	r2, [r0, #20]
10004ffe:	7683      	strb	r3, [r0, #26]
10005000:	6101      	str	r1, [r0, #16]
10005002:	0004      	movs	r4, r0
10005004:	f001 ff44 	bl	10006e90 <__e15_is_bulkin_ep_veneer>
10005008:	2800      	cmp	r0, #0
1000500a:	d004      	beq.n	10005016 <hw_endpoint_xfer_start+0x22>
1000500c:	2180      	movs	r1, #128	@ 0x80
1000500e:	2390      	movs	r3, #144	@ 0x90
10005010:	4a07      	ldr	r2, [pc, #28]	@ (10005030 <hw_endpoint_xfer_start+0x3c>)
10005012:	0289      	lsls	r1, r1, #10
10005014:	50d1      	str	r1, [r2, r3]
10005016:	0020      	movs	r0, r4
10005018:	f001 ff5a 	bl	10006ed0 <__e15_is_critical_frame_period_veneer>
1000501c:	2800      	cmp	r0, #0
1000501e:	d002      	beq.n	10005026 <hw_endpoint_xfer_start+0x32>
10005020:	2301      	movs	r3, #1
10005022:	7723      	strb	r3, [r4, #28]
10005024:	bd10      	pop	{r4, pc}
10005026:	0020      	movs	r0, r4
10005028:	f001 ff62 	bl	10006ef0 <__hw_endpoint_start_next_buffer_veneer>
1000502c:	e7fa      	b.n	10005024 <hw_endpoint_xfer_start+0x30>
1000502e:	46c0      	nop			@ (mov r8, r8)
10005030:	50112000 	.word	0x50112000

10005034 <tud_event_hook_cb>:
10005034:	4770      	bx	lr
10005036:	46c0      	nop			@ (mov r8, r8)

10005038 <tud_sof_cb>:
10005038:	4770      	bx	lr
1000503a:	46c0      	nop			@ (mov r8, r8)

1000503c <tud_descriptor_device_qualifier_cb>:
1000503c:	2000      	movs	r0, #0
1000503e:	4770      	bx	lr

10005040 <tud_descriptor_other_speed_configuration_cb>:
10005040:	2000      	movs	r0, #0
10005042:	4770      	bx	lr

10005044 <tud_mount_cb>:
10005044:	4770      	bx	lr
10005046:	46c0      	nop			@ (mov r8, r8)

10005048 <tud_umount_cb>:
10005048:	4770      	bx	lr
1000504a:	46c0      	nop			@ (mov r8, r8)

1000504c <tud_suspend_cb>:
1000504c:	4770      	bx	lr
1000504e:	46c0      	nop			@ (mov r8, r8)

10005050 <tud_resume_cb>:
10005050:	4770      	bx	lr
10005052:	46c0      	nop			@ (mov r8, r8)

10005054 <tud_mounted>:
10005054:	4b02      	ldr	r3, [pc, #8]	@ (10005060 <tud_mounted+0xc>)
10005056:	7858      	ldrb	r0, [r3, #1]
10005058:	1e43      	subs	r3, r0, #1
1000505a:	4198      	sbcs	r0, r3
1000505c:	b2c0      	uxtb	r0, r0
1000505e:	4770      	bx	lr
10005060:	20001798 	.word	0x20001798

10005064 <tud_suspended>:
10005064:	4b02      	ldr	r3, [pc, #8]	@ (10005070 <tud_suspended+0xc>)
10005066:	7818      	ldrb	r0, [r3, #0]
10005068:	0740      	lsls	r0, r0, #29
1000506a:	0fc0      	lsrs	r0, r0, #31
1000506c:	4770      	bx	lr
1000506e:	46c0      	nop			@ (mov r8, r8)
10005070:	20001798 	.word	0x20001798

10005074 <tud_rhport_init>:
10005074:	b5f0      	push	{r4, r5, r6, r7, lr}
10005076:	46d6      	mov	lr, sl
10005078:	464f      	mov	r7, r9
1000507a:	4646      	mov	r6, r8
1000507c:	b5c0      	push	{r6, r7, lr}
1000507e:	4b2f      	ldr	r3, [pc, #188]	@ (1000513c <tud_rhport_init+0xc8>)
10005080:	0007      	movs	r7, r0
10005082:	469a      	mov	sl, r3
10005084:	781b      	ldrb	r3, [r3, #0]
10005086:	000e      	movs	r6, r1
10005088:	2bff      	cmp	r3, #255	@ 0xff
1000508a:	d150      	bne.n	1000512e <tud_rhport_init+0xba>
1000508c:	2900      	cmp	r1, #0
1000508e:	d041      	beq.n	10005114 <tud_rhport_init+0xa0>
10005090:	2100      	movs	r1, #0
10005092:	2254      	movs	r2, #84	@ 0x54
10005094:	482a      	ldr	r0, [pc, #168]	@ (10005140 <tud_rhport_init+0xcc>)
10005096:	f7fd fbd3 	bl	10002840 <__wrap_memset>
1000509a:	2200      	movs	r2, #0
1000509c:	4c29      	ldr	r4, [pc, #164]	@ (10005144 <tud_rhport_init+0xd0>)
1000509e:	4b2a      	ldr	r3, [pc, #168]	@ (10005148 <tud_rhport_init+0xd4>)
100050a0:	0020      	movs	r0, r4
100050a2:	701a      	strb	r2, [r3, #0]
100050a4:	f7fb fcec 	bl	10000a80 <mutex_init>
100050a8:	4b28      	ldr	r3, [pc, #160]	@ (1000514c <tud_rhport_init+0xd8>)
100050aa:	601c      	str	r4, [r3, #0]
100050ac:	4c28      	ldr	r4, [pc, #160]	@ (10005150 <tud_rhport_init+0xdc>)
100050ae:	0020      	movs	r0, r4
100050b0:	3c14      	subs	r4, #20
100050b2:	f7fb fcf3 	bl	10000a9c <critical_section_init>
100050b6:	0020      	movs	r0, r4
100050b8:	f001 fdfa 	bl	10006cb0 <tu_fifo_clear>
100050bc:	4b25      	ldr	r3, [pc, #148]	@ (10005154 <tud_rhport_init+0xe0>)
100050be:	4d26      	ldr	r5, [pc, #152]	@ (10005158 <tud_rhport_init+0xe4>)
100050c0:	601c      	str	r4, [r3, #0]
100050c2:	4b26      	ldr	r3, [pc, #152]	@ (1000515c <tud_rhport_init+0xe8>)
100050c4:	2b00      	cmp	r3, #0
100050c6:	d004      	beq.n	100050d2 <tud_rhport_init+0x5e>
100050c8:	0028      	movs	r0, r5
100050ca:	f7ff fac7 	bl	1000465c <usbd_app_driver_get_cb>
100050ce:	4b24      	ldr	r3, [pc, #144]	@ (10005160 <tud_rhport_init+0xec>)
100050d0:	6018      	str	r0, [r3, #0]
100050d2:	4924      	ldr	r1, [pc, #144]	@ (10005164 <tud_rhport_init+0xf0>)
100050d4:	2400      	movs	r4, #0
100050d6:	4689      	mov	r9, r1
100050d8:	4921      	ldr	r1, [pc, #132]	@ (10005160 <tud_rhport_init+0xec>)
100050da:	2300      	movs	r3, #0
100050dc:	4688      	mov	r8, r1
100050de:	782a      	ldrb	r2, [r5, #0]
100050e0:	e010      	b.n	10005104 <tud_rhport_init+0x90>
100050e2:	4643      	mov	r3, r8
100050e4:	681b      	ldr	r3, [r3, #0]
100050e6:	0162      	lsls	r2, r4, #5
100050e8:	189b      	adds	r3, r3, r2
100050ea:	2b00      	cmp	r3, #0
100050ec:	d012      	beq.n	10005114 <tud_rhport_init+0xa0>
100050ee:	685b      	ldr	r3, [r3, #4]
100050f0:	2b00      	cmp	r3, #0
100050f2:	d00f      	beq.n	10005114 <tud_rhport_init+0xa0>
100050f4:	4798      	blx	r3
100050f6:	782a      	ldrb	r2, [r5, #0]
100050f8:	3401      	adds	r4, #1
100050fa:	b2e4      	uxtb	r4, r4
100050fc:	1c51      	adds	r1, r2, #1
100050fe:	0023      	movs	r3, r4
10005100:	42a1      	cmp	r1, r4
10005102:	db09      	blt.n	10005118 <tud_rhport_init+0xa4>
10005104:	42a2      	cmp	r2, r4
10005106:	d8ec      	bhi.n	100050e2 <tud_rhport_init+0x6e>
10005108:	1a9b      	subs	r3, r3, r2
1000510a:	015b      	lsls	r3, r3, #5
1000510c:	444b      	add	r3, r9
1000510e:	685b      	ldr	r3, [r3, #4]
10005110:	2b00      	cmp	r3, #0
10005112:	d1ef      	bne.n	100050f4 <tud_rhport_init+0x80>
10005114:	2000      	movs	r0, #0
10005116:	e00b      	b.n	10005130 <tud_rhport_init+0xbc>
10005118:	4653      	mov	r3, sl
1000511a:	0031      	movs	r1, r6
1000511c:	0038      	movs	r0, r7
1000511e:	701f      	strb	r7, [r3, #0]
10005120:	f7ff fdfe 	bl	10004d20 <dcd_init>
10005124:	2800      	cmp	r0, #0
10005126:	d0f5      	beq.n	10005114 <tud_rhport_init+0xa0>
10005128:	0038      	movs	r0, r7
1000512a:	f7ff fe41 	bl	10004db0 <dcd_int_enable>
1000512e:	2001      	movs	r0, #1
10005130:	bce0      	pop	{r5, r6, r7}
10005132:	46ba      	mov	sl, r7
10005134:	46b1      	mov	r9, r6
10005136:	46a8      	mov	r8, r5
10005138:	bdf0      	pop	{r4, r5, r6, r7, pc}
1000513a:	46c0      	nop			@ (mov r8, r8)
1000513c:	200010a4 	.word	0x200010a4
10005140:	20001798 	.word	0x20001798
10005144:	20001790 	.word	0x20001790
10005148:	2000213b 	.word	0x2000213b
1000514c:	200017ec 	.word	0x200017ec
10005150:	2000109c 	.word	0x2000109c
10005154:	200017f0 	.word	0x200017f0
10005158:	20002139 	.word	0x20002139
1000515c:	1000465d 	.word	0x1000465d
10005160:	200015e8 	.word	0x200015e8
10005164:	10007754 	.word	0x10007754

10005168 <tud_task_ext>:
10005168:	b5f0      	push	{r4, r5, r6, r7, lr}
1000516a:	46de      	mov	lr, fp
1000516c:	4657      	mov	r7, sl
1000516e:	464e      	mov	r6, r9
10005170:	4645      	mov	r5, r8
10005172:	b5e0      	push	{r5, r6, r7, lr}
10005174:	4bc8      	ldr	r3, [pc, #800]	@ (10005498 <tud_task_ext+0x330>)
10005176:	b091      	sub	sp, #68	@ 0x44
10005178:	9302      	str	r3, [sp, #8]
1000517a:	781b      	ldrb	r3, [r3, #0]
1000517c:	2bff      	cmp	r3, #255	@ 0xff
1000517e:	d100      	bne.n	10005182 <tud_task_ext+0x1a>
10005180:	e13e      	b.n	10005400 <tud_task_ext+0x298>
10005182:	4bc6      	ldr	r3, [pc, #792]	@ (1000549c <tud_task_ext+0x334>)
10005184:	4ec6      	ldr	r6, [pc, #792]	@ (100054a0 <tud_task_ext+0x338>)
10005186:	469b      	mov	fp, r3
10005188:	465f      	mov	r7, fp
1000518a:	4bc6      	ldr	r3, [pc, #792]	@ (100054a4 <tud_task_ext+0x33c>)
1000518c:	ac0d      	add	r4, sp, #52	@ 0x34
1000518e:	9301      	str	r3, [sp, #4]
10005190:	4bc5      	ldr	r3, [pc, #788]	@ (100054a8 <tud_task_ext+0x340>)
10005192:	9300      	str	r3, [sp, #0]
10005194:	6835      	ldr	r5, [r6, #0]
10005196:	696a      	ldr	r2, [r5, #20]
10005198:	f3ef 8110 	mrs	r1, PRIMASK
1000519c:	b672      	cpsid	i
1000519e:	6813      	ldr	r3, [r2, #0]
100051a0:	2b00      	cmp	r3, #0
100051a2:	d0fc      	beq.n	1000519e <tud_task_ext+0x36>
100051a4:	f3bf 8f5f 	dmb	sy
100051a8:	61a9      	str	r1, [r5, #24]
100051aa:	0028      	movs	r0, r5
100051ac:	0021      	movs	r1, r4
100051ae:	f001 fbaf 	bl	10006910 <tu_fifo_read>
100051b2:	696a      	ldr	r2, [r5, #20]
100051b4:	69ab      	ldr	r3, [r5, #24]
100051b6:	f3bf 8f5f 	dmb	sy
100051ba:	2100      	movs	r1, #0
100051bc:	6011      	str	r1, [r2, #0]
100051be:	f383 8810 	msr	PRIMASK, r3
100051c2:	2800      	cmp	r0, #0
100051c4:	d100      	bne.n	100051c8 <tud_task_ext+0x60>
100051c6:	e11b      	b.n	10005400 <tud_task_ext+0x298>
100051c8:	7863      	ldrb	r3, [r4, #1]
100051ca:	2b08      	cmp	r3, #8
100051cc:	d8e2      	bhi.n	10005194 <tud_task_ext+0x2c>
100051ce:	009b      	lsls	r3, r3, #2
100051d0:	58fb      	ldr	r3, [r7, r3]
100051d2:	469f      	mov	pc, r3
100051d4:	6863      	ldr	r3, [r4, #4]
100051d6:	2b00      	cmp	r3, #0
100051d8:	d0dc      	beq.n	10005194 <tud_task_ext+0x2c>
100051da:	68a0      	ldr	r0, [r4, #8]
100051dc:	4798      	blx	r3
100051de:	e7d9      	b.n	10005194 <tud_task_ext+0x2c>
100051e0:	227f      	movs	r2, #127	@ 0x7f
100051e2:	7921      	ldrb	r1, [r4, #4]
100051e4:	4daf      	ldr	r5, [pc, #700]	@ (100054a4 <tud_task_ext+0x33c>)
100051e6:	400a      	ands	r2, r1
100051e8:	0053      	lsls	r3, r2, #1
100051ea:	18eb      	adds	r3, r5, r3
100051ec:	4698      	mov	r8, r3
100051ee:	09c8      	lsrs	r0, r1, #7
100051f0:	4480      	add	r8, r0
100051f2:	4640      	mov	r0, r8
100051f4:	2301      	movs	r3, #1
100051f6:	3030      	adds	r0, #48	@ 0x30
100051f8:	7905      	ldrb	r5, [r0, #4]
100051fa:	439d      	bics	r5, r3
100051fc:	7105      	strb	r5, [r0, #4]
100051fe:	7905      	ldrb	r5, [r0, #4]
10005200:	3303      	adds	r3, #3
10005202:	439d      	bics	r5, r3
10005204:	7105      	strb	r5, [r0, #4]
10005206:	2a00      	cmp	r2, #0
10005208:	d100      	bne.n	1000520c <tud_task_ext+0xa4>
1000520a:	e100      	b.n	1000540e <tud_task_ext+0x2a6>
1000520c:	4643      	mov	r3, r8
1000520e:	4aa7      	ldr	r2, [pc, #668]	@ (100054ac <tud_task_ext+0x344>)
10005210:	7d1b      	ldrb	r3, [r3, #20]
10005212:	7812      	ldrb	r2, [r2, #0]
10005214:	4293      	cmp	r3, r2
10005216:	d300      	bcc.n	1000521a <tud_task_ext+0xb2>
10005218:	e0ef      	b.n	100053fa <tud_task_ext+0x292>
1000521a:	4aa5      	ldr	r2, [pc, #660]	@ (100054b0 <tud_task_ext+0x348>)
1000521c:	015b      	lsls	r3, r3, #5
1000521e:	6815      	ldr	r5, [r2, #0]
10005220:	18ed      	adds	r5, r5, r3
10005222:	2d00      	cmp	r5, #0
10005224:	d100      	bne.n	10005228 <tud_task_ext+0xc0>
10005226:	e0eb      	b.n	10005400 <tud_task_ext+0x298>
10005228:	68a3      	ldr	r3, [r4, #8]
1000522a:	7962      	ldrb	r2, [r4, #5]
1000522c:	7820      	ldrb	r0, [r4, #0]
1000522e:	69ad      	ldr	r5, [r5, #24]
10005230:	47a8      	blx	r5
10005232:	e7af      	b.n	10005194 <tud_task_ext+0x2c>
10005234:	4a9f      	ldr	r2, [pc, #636]	@ (100054b4 <tud_task_ext+0x34c>)
10005236:	7813      	ldrb	r3, [r2, #0]
10005238:	2b00      	cmp	r3, #0
1000523a:	d100      	bne.n	1000523e <tud_task_ext+0xd6>
1000523c:	e0e0      	b.n	10005400 <tud_task_ext+0x298>
1000523e:	7813      	ldrb	r3, [r2, #0]
10005240:	3b01      	subs	r3, #1
10005242:	b2db      	uxtb	r3, r3
10005244:	7013      	strb	r3, [r2, #0]
10005246:	7813      	ldrb	r3, [r2, #0]
10005248:	2b00      	cmp	r3, #0
1000524a:	d1a3      	bne.n	10005194 <tud_task_ext+0x2c>
1000524c:	2201      	movs	r2, #1
1000524e:	4d95      	ldr	r5, [pc, #596]	@ (100054a4 <tud_task_ext+0x33c>)
10005250:	2101      	movs	r1, #1
10005252:	782b      	ldrb	r3, [r5, #0]
10005254:	2004      	movs	r0, #4
10005256:	4313      	orrs	r3, r2
10005258:	702b      	strb	r3, [r5, #0]
1000525a:	2334      	movs	r3, #52	@ 0x34
1000525c:	5cea      	ldrb	r2, [r5, r3]
1000525e:	438a      	bics	r2, r1
10005260:	54ea      	strb	r2, [r5, r3]
10005262:	5cea      	ldrb	r2, [r5, r3]
10005264:	4382      	bics	r2, r0
10005266:	54ea      	strb	r2, [r5, r3]
10005268:	3301      	adds	r3, #1
1000526a:	5cea      	ldrb	r2, [r5, r3]
1000526c:	438a      	bics	r2, r1
1000526e:	54ea      	strb	r2, [r5, r3]
10005270:	5cea      	ldrb	r2, [r5, r3]
10005272:	4382      	bics	r2, r0
10005274:	54ea      	strb	r2, [r5, r3]
10005276:	7823      	ldrb	r3, [r4, #0]
10005278:	2000      	movs	r0, #0
1000527a:	469b      	mov	fp, r3
1000527c:	f000 fc9e 	bl	10005bbc <usbd_control_set_complete_callback>
10005280:	2260      	movs	r2, #96	@ 0x60
10005282:	7923      	ldrb	r3, [r4, #4]
10005284:	401a      	ands	r2, r3
10005286:	2a60      	cmp	r2, #96	@ 0x60
10005288:	d100      	bne.n	1000528c <tud_task_ext+0x124>
1000528a:	e0ef      	b.n	1000546c <tud_task_ext+0x304>
1000528c:	2a40      	cmp	r2, #64	@ 0x40
1000528e:	d100      	bne.n	10005292 <tud_task_ext+0x12a>
10005290:	e0f5      	b.n	1000547e <tud_task_ext+0x316>
10005292:	06db      	lsls	r3, r3, #27
10005294:	0edb      	lsrs	r3, r3, #27
10005296:	2b01      	cmp	r3, #1
10005298:	d100      	bne.n	1000529c <tud_task_ext+0x134>
1000529a:	e113      	b.n	100054c4 <tud_task_ext+0x35c>
1000529c:	2b02      	cmp	r3, #2
1000529e:	d100      	bne.n	100052a2 <tud_task_ext+0x13a>
100052a0:	e0c7      	b.n	10005432 <tud_task_ext+0x2ca>
100052a2:	2b00      	cmp	r3, #0
100052a4:	d000      	beq.n	100052a8 <tud_task_ext+0x140>
100052a6:	e0e1      	b.n	1000546c <tud_task_ext+0x304>
100052a8:	2a20      	cmp	r2, #32
100052aa:	d100      	bne.n	100052ae <tud_task_ext+0x146>
100052ac:	e21c      	b.n	100056e8 <tud_task_ext+0x580>
100052ae:	2a00      	cmp	r2, #0
100052b0:	d000      	beq.n	100052b4 <tud_task_ext+0x14c>
100052b2:	e0db      	b.n	1000546c <tud_task_ext+0x304>
100052b4:	7963      	ldrb	r3, [r4, #5]
100052b6:	2b09      	cmp	r3, #9
100052b8:	d900      	bls.n	100052bc <tud_task_ext+0x154>
100052ba:	e0d7      	b.n	1000546c <tud_task_ext+0x304>
100052bc:	4a7e      	ldr	r2, [pc, #504]	@ (100054b8 <tud_task_ext+0x350>)
100052be:	009b      	lsls	r3, r3, #2
100052c0:	58d3      	ldr	r3, [r2, r3]
100052c2:	469f      	mov	pc, r3
100052c4:	4d77      	ldr	r5, [pc, #476]	@ (100054a4 <tud_task_ext+0x33c>)
100052c6:	782b      	ldrb	r3, [r5, #0]
100052c8:	07db      	lsls	r3, r3, #31
100052ca:	d400      	bmi.n	100052ce <tud_task_ext+0x166>
100052cc:	e762      	b.n	10005194 <tud_task_ext+0x2c>
100052ce:	f7ff febf 	bl	10005050 <tud_resume_cb>
100052d2:	e75f      	b.n	10005194 <tud_task_ext+0x2c>
100052d4:	9b01      	ldr	r3, [sp, #4]
100052d6:	78db      	ldrb	r3, [r3, #3]
100052d8:	07db      	lsls	r3, r3, #31
100052da:	d400      	bmi.n	100052de <tud_task_ext+0x176>
100052dc:	e75a      	b.n	10005194 <tud_task_ext+0x2c>
100052de:	6860      	ldr	r0, [r4, #4]
100052e0:	f7ff feaa 	bl	10005038 <tud_sof_cb>
100052e4:	e756      	b.n	10005194 <tud_task_ext+0x2c>
100052e6:	4d6f      	ldr	r5, [pc, #444]	@ (100054a4 <tud_task_ext+0x33c>)
100052e8:	782b      	ldrb	r3, [r5, #0]
100052ea:	07db      	lsls	r3, r3, #31
100052ec:	d400      	bmi.n	100052f0 <tud_task_ext+0x188>
100052ee:	e751      	b.n	10005194 <tud_task_ext+0x2c>
100052f0:	7828      	ldrb	r0, [r5, #0]
100052f2:	0700      	lsls	r0, r0, #28
100052f4:	0fc0      	lsrs	r0, r0, #31
100052f6:	f7ff fea9 	bl	1000504c <tud_suspend_cb>
100052fa:	e74b      	b.n	10005194 <tud_task_ext+0x2c>
100052fc:	7823      	ldrb	r3, [r4, #0]
100052fe:	496a      	ldr	r1, [pc, #424]	@ (100054a8 <tud_task_ext+0x340>)
10005300:	4699      	mov	r9, r3
10005302:	468b      	mov	fp, r1
10005304:	4b69      	ldr	r3, [pc, #420]	@ (100054ac <tud_task_ext+0x344>)
10005306:	496a      	ldr	r1, [pc, #424]	@ (100054b0 <tud_task_ext+0x348>)
10005308:	4698      	mov	r8, r3
1000530a:	468a      	mov	sl, r1
1000530c:	0039      	movs	r1, r7
1000530e:	781a      	ldrb	r2, [r3, #0]
10005310:	4647      	mov	r7, r8
10005312:	2300      	movs	r3, #0
10005314:	46b0      	mov	r8, r6
10005316:	2500      	movs	r5, #0
10005318:	464e      	mov	r6, r9
1000531a:	4689      	mov	r9, r1
1000531c:	e010      	b.n	10005340 <tud_task_ext+0x1d8>
1000531e:	4653      	mov	r3, sl
10005320:	681b      	ldr	r3, [r3, #0]
10005322:	016a      	lsls	r2, r5, #5
10005324:	189b      	adds	r3, r3, r2
10005326:	2b00      	cmp	r3, #0
10005328:	d100      	bne.n	1000532c <tud_task_ext+0x1c4>
1000532a:	e076      	b.n	1000541a <tud_task_ext+0x2b2>
1000532c:	68db      	ldr	r3, [r3, #12]
1000532e:	0030      	movs	r0, r6
10005330:	4798      	blx	r3
10005332:	783a      	ldrb	r2, [r7, #0]
10005334:	3501      	adds	r5, #1
10005336:	b2ed      	uxtb	r5, r5
10005338:	1c51      	adds	r1, r2, #1
1000533a:	002b      	movs	r3, r5
1000533c:	428d      	cmp	r5, r1
1000533e:	dc44      	bgt.n	100053ca <tud_task_ext+0x262>
10005340:	4295      	cmp	r5, r2
10005342:	d3ec      	bcc.n	1000531e <tud_task_ext+0x1b6>
10005344:	1a9b      	subs	r3, r3, r2
10005346:	015b      	lsls	r3, r3, #5
10005348:	445b      	add	r3, fp
1000534a:	e7ef      	b.n	1000532c <tud_task_ext+0x1c4>
1000534c:	7823      	ldrb	r3, [r4, #0]
1000534e:	4958      	ldr	r1, [pc, #352]	@ (100054b0 <tud_task_ext+0x348>)
10005350:	4699      	mov	r9, r3
10005352:	4b56      	ldr	r3, [pc, #344]	@ (100054ac <tud_task_ext+0x344>)
10005354:	468a      	mov	sl, r1
10005356:	4698      	mov	r8, r3
10005358:	0031      	movs	r1, r6
1000535a:	46bb      	mov	fp, r7
1000535c:	464e      	mov	r6, r9
1000535e:	781a      	ldrb	r2, [r3, #0]
10005360:	2500      	movs	r5, #0
10005362:	2300      	movs	r3, #0
10005364:	4647      	mov	r7, r8
10005366:	4689      	mov	r9, r1
10005368:	e00f      	b.n	1000538a <tud_task_ext+0x222>
1000536a:	4653      	mov	r3, sl
1000536c:	681b      	ldr	r3, [r3, #0]
1000536e:	016a      	lsls	r2, r5, #5
10005370:	189b      	adds	r3, r3, r2
10005372:	2b00      	cmp	r3, #0
10005374:	d055      	beq.n	10005422 <tud_task_ext+0x2ba>
10005376:	68db      	ldr	r3, [r3, #12]
10005378:	0030      	movs	r0, r6
1000537a:	4798      	blx	r3
1000537c:	783a      	ldrb	r2, [r7, #0]
1000537e:	3501      	adds	r5, #1
10005380:	b2ed      	uxtb	r5, r5
10005382:	1c51      	adds	r1, r2, #1
10005384:	002b      	movs	r3, r5
10005386:	428d      	cmp	r5, r1
10005388:	dc07      	bgt.n	1000539a <tud_task_ext+0x232>
1000538a:	4295      	cmp	r5, r2
1000538c:	d3ed      	bcc.n	1000536a <tud_task_ext+0x202>
1000538e:	1a9b      	subs	r3, r3, r2
10005390:	9a00      	ldr	r2, [sp, #0]
10005392:	015b      	lsls	r3, r3, #5
10005394:	4694      	mov	ip, r2
10005396:	4463      	add	r3, ip
10005398:	e7ed      	b.n	10005376 <tud_task_ext+0x20e>
1000539a:	9d01      	ldr	r5, [sp, #4]
1000539c:	2254      	movs	r2, #84	@ 0x54
1000539e:	2100      	movs	r1, #0
100053a0:	0028      	movs	r0, r5
100053a2:	f7fd fa4d 	bl	10002840 <__wrap_memset>
100053a6:	2210      	movs	r2, #16
100053a8:	21ff      	movs	r1, #255	@ 0xff
100053aa:	4844      	ldr	r0, [pc, #272]	@ (100054bc <tud_task_ext+0x354>)
100053ac:	f7fd fa48 	bl	10002840 <__wrap_memset>
100053b0:	0028      	movs	r0, r5
100053b2:	2220      	movs	r2, #32
100053b4:	21ff      	movs	r1, #255	@ 0xff
100053b6:	3014      	adds	r0, #20
100053b8:	464e      	mov	r6, r9
100053ba:	465f      	mov	r7, fp
100053bc:	f7fd fa40 	bl	10002840 <__wrap_memset>
100053c0:	f000 fbf2 	bl	10005ba8 <usbd_control_reset>
100053c4:	f7ff fe40 	bl	10005048 <tud_umount_cb>
100053c8:	e6e4      	b.n	10005194 <tud_task_ext+0x2c>
100053ca:	4d36      	ldr	r5, [pc, #216]	@ (100054a4 <tud_task_ext+0x33c>)
100053cc:	2254      	movs	r2, #84	@ 0x54
100053ce:	2100      	movs	r1, #0
100053d0:	0028      	movs	r0, r5
100053d2:	f7fd fa35 	bl	10002840 <__wrap_memset>
100053d6:	2210      	movs	r2, #16
100053d8:	21ff      	movs	r1, #255	@ 0xff
100053da:	1d28      	adds	r0, r5, #4
100053dc:	f7fd fa30 	bl	10002840 <__wrap_memset>
100053e0:	0028      	movs	r0, r5
100053e2:	2220      	movs	r2, #32
100053e4:	21ff      	movs	r1, #255	@ 0xff
100053e6:	3014      	adds	r0, #20
100053e8:	4646      	mov	r6, r8
100053ea:	464f      	mov	r7, r9
100053ec:	f7fd fa28 	bl	10002840 <__wrap_memset>
100053f0:	f000 fbda 	bl	10005ba8 <usbd_control_reset>
100053f4:	7923      	ldrb	r3, [r4, #4]
100053f6:	70ab      	strb	r3, [r5, #2]
100053f8:	e6cc      	b.n	10005194 <tud_task_ext+0x2c>
100053fa:	1c50      	adds	r0, r2, #1
100053fc:	4298      	cmp	r0, r3
100053fe:	da13      	bge.n	10005428 <tud_task_ext+0x2c0>
10005400:	b011      	add	sp, #68	@ 0x44
10005402:	bcf0      	pop	{r4, r5, r6, r7}
10005404:	46bb      	mov	fp, r7
10005406:	46b2      	mov	sl, r6
10005408:	46a9      	mov	r9, r5
1000540a:	46a0      	mov	r8, r4
1000540c:	bdf0      	pop	{r4, r5, r6, r7, pc}
1000540e:	68a3      	ldr	r3, [r4, #8]
10005410:	7962      	ldrb	r2, [r4, #5]
10005412:	7820      	ldrb	r0, [r4, #0]
10005414:	f000 fbe6 	bl	10005be4 <usbd_control_xfer_cb>
10005418:	e6bc      	b.n	10005194 <tud_task_ext+0x2c>
1000541a:	4646      	mov	r6, r8
1000541c:	464f      	mov	r7, r9
1000541e:	4d21      	ldr	r5, [pc, #132]	@ (100054a4 <tud_task_ext+0x33c>)
10005420:	e7e6      	b.n	100053f0 <tud_task_ext+0x288>
10005422:	464e      	mov	r6, r9
10005424:	465f      	mov	r7, fp
10005426:	e7cb      	b.n	100053c0 <tud_task_ext+0x258>
10005428:	4d1f      	ldr	r5, [pc, #124]	@ (100054a8 <tud_task_ext+0x340>)
1000542a:	1a9b      	subs	r3, r3, r2
1000542c:	015b      	lsls	r3, r3, #5
1000542e:	195d      	adds	r5, r3, r5
10005430:	e6fa      	b.n	10005228 <tud_task_ext+0xc0>
10005432:	2370      	movs	r3, #112	@ 0x70
10005434:	7a21      	ldrb	r1, [r4, #8]
10005436:	420b      	tst	r3, r1
10005438:	d118      	bne.n	1000546c <tud_task_ext+0x304>
1000543a:	09c8      	lsrs	r0, r1, #7
1000543c:	4682      	mov	sl, r0
1000543e:	330f      	adds	r3, #15
10005440:	400b      	ands	r3, r1
10005442:	005b      	lsls	r3, r3, #1
10005444:	4698      	mov	r8, r3
10005446:	4819      	ldr	r0, [pc, #100]	@ (100054ac <tud_task_ext+0x344>)
10005448:	18eb      	adds	r3, r5, r3
1000544a:	4453      	add	r3, sl
1000544c:	7d1b      	ldrb	r3, [r3, #20]
1000544e:	7800      	ldrb	r0, [r0, #0]
10005450:	4699      	mov	r9, r3
10005452:	4283      	cmp	r3, r0
10005454:	d266      	bcs.n	10005524 <tud_task_ext+0x3bc>
10005456:	4816      	ldr	r0, [pc, #88]	@ (100054b0 <tud_task_ext+0x348>)
10005458:	015b      	lsls	r3, r3, #5
1000545a:	6800      	ldr	r0, [r0, #0]
1000545c:	4681      	mov	r9, r0
1000545e:	4499      	add	r9, r3
10005460:	2a00      	cmp	r2, #0
10005462:	d100      	bne.n	10005466 <tud_task_ext+0x2fe>
10005464:	e15f      	b.n	10005726 <tud_task_ext+0x5be>
10005466:	464b      	mov	r3, r9
10005468:	2b00      	cmp	r3, #0
1000546a:	d168      	bne.n	1000553e <tud_task_ext+0x3d6>
1000546c:	7820      	ldrb	r0, [r4, #0]
1000546e:	2100      	movs	r1, #0
10005470:	f7ff fd6a 	bl	10004f48 <dcd_edpt_stall>
10005474:	2180      	movs	r1, #128	@ 0x80
10005476:	7820      	ldrb	r0, [r4, #0]
10005478:	f7ff fd66 	bl	10004f48 <dcd_edpt_stall>
1000547c:	e68a      	b.n	10005194 <tud_task_ext+0x2c>
1000547e:	4810      	ldr	r0, [pc, #64]	@ (100054c0 <tud_task_ext+0x358>)
10005480:	f000 fb9c 	bl	10005bbc <usbd_control_set_complete_callback>
10005484:	2101      	movs	r1, #1
10005486:	4658      	mov	r0, fp
10005488:	aa0e      	add	r2, sp, #56	@ 0x38
1000548a:	f7ff f8cd 	bl	10004628 <tud_vendor_control_xfer_cb>
1000548e:	2800      	cmp	r0, #0
10005490:	d000      	beq.n	10005494 <tud_task_ext+0x32c>
10005492:	e67f      	b.n	10005194 <tud_task_ext+0x2c>
10005494:	e7ea      	b.n	1000546c <tud_task_ext+0x304>
10005496:	46c0      	nop			@ (mov r8, r8)
10005498:	200010a4 	.word	0x200010a4
1000549c:	100076ac 	.word	0x100076ac
100054a0:	200017f0 	.word	0x200017f0
100054a4:	20001798 	.word	0x20001798
100054a8:	10007754 	.word	0x10007754
100054ac:	20002139 	.word	0x20002139
100054b0:	200015e8 	.word	0x200015e8
100054b4:	2000213b 	.word	0x2000213b
100054b8:	100076d0 	.word	0x100076d0
100054bc:	2000179c 	.word	0x2000179c
100054c0:	10004629 	.word	0x10004629
100054c4:	7a23      	ldrb	r3, [r4, #8]
100054c6:	2b0f      	cmp	r3, #15
100054c8:	d8d0      	bhi.n	1000546c <tud_task_ext+0x304>
100054ca:	4acf      	ldr	r2, [pc, #828]	@ (10005808 <tud_task_ext+0x6a0>)
100054cc:	18eb      	adds	r3, r5, r3
100054ce:	791b      	ldrb	r3, [r3, #4]
100054d0:	7815      	ldrb	r5, [r2, #0]
100054d2:	42ab      	cmp	r3, r5
100054d4:	d33e      	bcc.n	10005554 <tud_task_ext+0x3ec>
100054d6:	1c69      	adds	r1, r5, #1
100054d8:	4299      	cmp	r1, r3
100054da:	dbc7      	blt.n	1000546c <tud_task_ext+0x304>
100054dc:	1b5d      	subs	r5, r3, r5
100054de:	4bcb      	ldr	r3, [pc, #812]	@ (1000580c <tud_task_ext+0x6a4>)
100054e0:	016d      	lsls	r5, r5, #5
100054e2:	18ed      	adds	r5, r5, r3
100054e4:	6968      	ldr	r0, [r5, #20]
100054e6:	f000 fb69 	bl	10005bbc <usbd_control_set_complete_callback>
100054ea:	2101      	movs	r1, #1
100054ec:	4658      	mov	r0, fp
100054ee:	696b      	ldr	r3, [r5, #20]
100054f0:	aa0e      	add	r2, sp, #56	@ 0x38
100054f2:	4798      	blx	r3
100054f4:	2800      	cmp	r0, #0
100054f6:	d000      	beq.n	100054fa <tud_task_ext+0x392>
100054f8:	e64c      	b.n	10005194 <tud_task_ext+0x2c>
100054fa:	2260      	movs	r2, #96	@ 0x60
100054fc:	0015      	movs	r5, r2
100054fe:	7923      	ldrb	r3, [r4, #4]
10005500:	401d      	ands	r5, r3
10005502:	421a      	tst	r2, r3
10005504:	d1b2      	bne.n	1000546c <tud_task_ext+0x304>
10005506:	7963      	ldrb	r3, [r4, #5]
10005508:	3b0a      	subs	r3, #10
1000550a:	2b01      	cmp	r3, #1
1000550c:	d8ae      	bhi.n	1000546c <tud_task_ext+0x304>
1000550e:	f000 fb55 	bl	10005bbc <usbd_control_set_complete_callback>
10005512:	7963      	ldrb	r3, [r4, #5]
10005514:	2b0a      	cmp	r3, #10
10005516:	d100      	bne.n	1000551a <tud_task_ext+0x3b2>
10005518:	e199      	b.n	1000584e <tud_task_ext+0x6e6>
1000551a:	4658      	mov	r0, fp
1000551c:	a90e      	add	r1, sp, #56	@ 0x38
1000551e:	f000 fad9 	bl	10005ad4 <tud_control_status>
10005522:	e637      	b.n	10005194 <tud_task_ext+0x2c>
10005524:	1c43      	adds	r3, r0, #1
10005526:	454b      	cmp	r3, r9
10005528:	da00      	bge.n	1000552c <tud_task_ext+0x3c4>
1000552a:	e0f7      	b.n	1000571c <tud_task_ext+0x5b4>
1000552c:	464b      	mov	r3, r9
1000552e:	1a1b      	subs	r3, r3, r0
10005530:	015b      	lsls	r3, r3, #5
10005532:	4699      	mov	r9, r3
10005534:	48b5      	ldr	r0, [pc, #724]	@ (1000580c <tud_task_ext+0x6a4>)
10005536:	4481      	add	r9, r0
10005538:	2a00      	cmp	r2, #0
1000553a:	d100      	bne.n	1000553e <tud_task_ext+0x3d6>
1000553c:	e0f3      	b.n	10005726 <tud_task_ext+0x5be>
1000553e:	464b      	mov	r3, r9
10005540:	6958      	ldr	r0, [r3, #20]
10005542:	f000 fb3b 	bl	10005bbc <usbd_control_set_complete_callback>
10005546:	464b      	mov	r3, r9
10005548:	2101      	movs	r1, #1
1000554a:	4658      	mov	r0, fp
1000554c:	695b      	ldr	r3, [r3, #20]
1000554e:	aa0e      	add	r2, sp, #56	@ 0x38
10005550:	4798      	blx	r3
10005552:	e79c      	b.n	1000548e <tud_task_ext+0x326>
10005554:	4aae      	ldr	r2, [pc, #696]	@ (10005810 <tud_task_ext+0x6a8>)
10005556:	015b      	lsls	r3, r3, #5
10005558:	6815      	ldr	r5, [r2, #0]
1000555a:	18ed      	adds	r5, r5, r3
1000555c:	2d00      	cmp	r5, #0
1000555e:	d1c1      	bne.n	100054e4 <tud_task_ext+0x37c>
10005560:	e784      	b.n	1000546c <tud_task_ext+0x304>
10005562:	79a3      	ldrb	r3, [r4, #6]
10005564:	4699      	mov	r9, r3
10005566:	786b      	ldrb	r3, [r5, #1]
10005568:	4599      	cmp	r9, r3
1000556a:	d0d6      	beq.n	1000551a <tud_task_ext+0x3b2>
1000556c:	786b      	ldrb	r3, [r5, #1]
1000556e:	2b00      	cmp	r3, #0
10005570:	d000      	beq.n	10005574 <tud_task_ext+0x40c>
10005572:	e133      	b.n	100057dc <tud_task_ext+0x674>
10005574:	464b      	mov	r3, r9
10005576:	706b      	strb	r3, [r5, #1]
10005578:	2b00      	cmp	r3, #0
1000557a:	d100      	bne.n	1000557e <tud_task_ext+0x416>
1000557c:	e12b      	b.n	100057d6 <tud_task_ext+0x66e>
1000557e:	4648      	mov	r0, r9
10005580:	3801      	subs	r0, #1
10005582:	b2c0      	uxtb	r0, r0
10005584:	f7ff fa92 	bl	10004aac <tud_descriptor_configuration_cb>
10005588:	2800      	cmp	r0, #0
1000558a:	d100      	bne.n	1000558e <tud_task_ext+0x426>
1000558c:	e17e      	b.n	1000588c <tud_task_ext+0x724>
1000558e:	7843      	ldrb	r3, [r0, #1]
10005590:	9307      	str	r3, [sp, #28]
10005592:	2b02      	cmp	r3, #2
10005594:	d000      	beq.n	10005598 <tud_task_ext+0x430>
10005596:	e179      	b.n	1000588c <tud_task_ext+0x724>
10005598:	2201      	movs	r2, #1
1000559a:	79c1      	ldrb	r1, [r0, #7]
1000559c:	46b1      	mov	r9, r6
1000559e:	118b      	asrs	r3, r1, #6
100055a0:	1149      	asrs	r1, r1, #5
100055a2:	4013      	ands	r3, r2
100055a4:	400a      	ands	r2, r1
100055a6:	2130      	movs	r1, #48	@ 0x30
100055a8:	0112      	lsls	r2, r2, #4
100055aa:	015b      	lsls	r3, r3, #5
100055ac:	4313      	orrs	r3, r2
100055ae:	782a      	ldrb	r2, [r5, #0]
100055b0:	46a8      	mov	r8, r5
100055b2:	438a      	bics	r2, r1
100055b4:	4313      	orrs	r3, r2
100055b6:	702b      	strb	r3, [r5, #0]
100055b8:	2309      	movs	r3, #9
100055ba:	469a      	mov	sl, r3
100055bc:	4482      	add	sl, r0
100055be:	4656      	mov	r6, sl
100055c0:	46ba      	mov	sl, r7
100055c2:	78c3      	ldrb	r3, [r0, #3]
100055c4:	7882      	ldrb	r2, [r0, #2]
100055c6:	021b      	lsls	r3, r3, #8
100055c8:	4313      	orrs	r3, r2
100055ca:	18c3      	adds	r3, r0, r3
100055cc:	9305      	str	r3, [sp, #20]
100055ce:	4b8e      	ldr	r3, [pc, #568]	@ (10005808 <tud_task_ext+0x6a0>)
100055d0:	9304      	str	r3, [sp, #16]
100055d2:	4b8e      	ldr	r3, [pc, #568]	@ (1000580c <tud_task_ext+0x6a4>)
100055d4:	9308      	str	r3, [sp, #32]
100055d6:	4b8e      	ldr	r3, [pc, #568]	@ (10005810 <tud_task_ext+0x6a8>)
100055d8:	9309      	str	r3, [sp, #36]	@ 0x24
100055da:	4b8e      	ldr	r3, [pc, #568]	@ (10005814 <tud_task_ext+0x6ac>)
100055dc:	930a      	str	r3, [sp, #40]	@ 0x28
100055de:	9b05      	ldr	r3, [sp, #20]
100055e0:	42b3      	cmp	r3, r6
100055e2:	d800      	bhi.n	100055e6 <tud_task_ext+0x47e>
100055e4:	e155      	b.n	10005892 <tud_task_ext+0x72a>
100055e6:	7873      	ldrb	r3, [r6, #1]
100055e8:	2201      	movs	r2, #1
100055ea:	2b0b      	cmp	r3, #11
100055ec:	d103      	bne.n	100055f6 <tud_task_ext+0x48e>
100055ee:	7833      	ldrb	r3, [r6, #0]
100055f0:	78f2      	ldrb	r2, [r6, #3]
100055f2:	18f6      	adds	r6, r6, r3
100055f4:	7873      	ldrb	r3, [r6, #1]
100055f6:	2b04      	cmp	r3, #4
100055f8:	d000      	beq.n	100055fc <tud_task_ext+0x494>
100055fa:	e144      	b.n	10005886 <tud_task_ext+0x71e>
100055fc:	9b05      	ldr	r3, [sp, #20]
100055fe:	2700      	movs	r7, #0
10005600:	1b9b      	subs	r3, r3, r6
10005602:	b29b      	uxth	r3, r3
10005604:	9306      	str	r3, [sp, #24]
10005606:	9b04      	ldr	r3, [sp, #16]
10005608:	920b      	str	r2, [sp, #44]	@ 0x2c
1000560a:	781d      	ldrb	r5, [r3, #0]
1000560c:	2300      	movs	r3, #0
1000560e:	9303      	str	r3, [sp, #12]
10005610:	e01b      	b.n	1000564a <tud_task_ext+0x4e2>
10005612:	9a09      	ldr	r2, [sp, #36]	@ 0x24
10005614:	017b      	lsls	r3, r7, #5
10005616:	6815      	ldr	r5, [r2, #0]
10005618:	18ed      	adds	r5, r5, r3
1000561a:	2d00      	cmp	r5, #0
1000561c:	d100      	bne.n	10005620 <tud_task_ext+0x4b8>
1000561e:	e132      	b.n	10005886 <tud_task_ext+0x71e>
10005620:	0031      	movs	r1, r6
10005622:	4658      	mov	r0, fp
10005624:	692b      	ldr	r3, [r5, #16]
10005626:	9a06      	ldr	r2, [sp, #24]
10005628:	4798      	blx	r3
1000562a:	4684      	mov	ip, r0
1000562c:	2808      	cmp	r0, #8
1000562e:	d903      	bls.n	10005638 <tud_task_ext+0x4d0>
10005630:	9a06      	ldr	r2, [sp, #24]
10005632:	4282      	cmp	r2, r0
10005634:	d300      	bcc.n	10005638 <tud_task_ext+0x4d0>
10005636:	e113      	b.n	10005860 <tud_task_ext+0x6f8>
10005638:	9b04      	ldr	r3, [sp, #16]
1000563a:	3701      	adds	r7, #1
1000563c:	781d      	ldrb	r5, [r3, #0]
1000563e:	b2ff      	uxtb	r7, r7
10005640:	1c6b      	adds	r3, r5, #1
10005642:	9703      	str	r7, [sp, #12]
10005644:	429f      	cmp	r7, r3
10005646:	dd00      	ble.n	1000564a <tud_task_ext+0x4e2>
10005648:	e11d      	b.n	10005886 <tud_task_ext+0x71e>
1000564a:	42bd      	cmp	r5, r7
1000564c:	d8e1      	bhi.n	10005612 <tud_task_ext+0x4aa>
1000564e:	9b03      	ldr	r3, [sp, #12]
10005650:	1b5d      	subs	r5, r3, r5
10005652:	9b08      	ldr	r3, [sp, #32]
10005654:	016d      	lsls	r5, r5, #5
10005656:	469c      	mov	ip, r3
10005658:	4465      	add	r5, ip
1000565a:	e7e1      	b.n	10005620 <tud_task_ext+0x4b8>
1000565c:	786b      	ldrb	r3, [r5, #1]
1000565e:	aa0c      	add	r2, sp, #48	@ 0x30
10005660:	3202      	adds	r2, #2
10005662:	7013      	strb	r3, [r2, #0]
10005664:	4658      	mov	r0, fp
10005666:	2301      	movs	r3, #1
10005668:	a90e      	add	r1, sp, #56	@ 0x38
1000566a:	f000 fa49 	bl	10005b00 <tud_control_xfer>
1000566e:	e591      	b.n	10005194 <tud_task_ext+0x2c>
10005670:	88e3      	ldrh	r3, [r4, #6]
10005672:	0a1a      	lsrs	r2, r3, #8
10005674:	b2d8      	uxtb	r0, r3
10005676:	2a0f      	cmp	r2, #15
10005678:	d900      	bls.n	1000567c <tud_task_ext+0x514>
1000567a:	e6f7      	b.n	1000546c <tud_task_ext+0x304>
1000567c:	4966      	ldr	r1, [pc, #408]	@ (10005818 <tud_task_ext+0x6b0>)
1000567e:	0093      	lsls	r3, r2, #2
10005680:	58cb      	ldr	r3, [r1, r3]
10005682:	469f      	mov	pc, r3
10005684:	a80e      	add	r0, sp, #56	@ 0x38
10005686:	f000 fa9f 	bl	10005bc8 <usbd_control_set_request>
1000568a:	4658      	mov	r0, fp
1000568c:	79a1      	ldrb	r1, [r4, #6]
1000568e:	f7ff fb95 	bl	10004dbc <dcd_set_address>
10005692:	2202      	movs	r2, #2
10005694:	782b      	ldrb	r3, [r5, #0]
10005696:	4313      	orrs	r3, r2
10005698:	702b      	strb	r3, [r5, #0]
1000569a:	e57b      	b.n	10005194 <tud_task_ext+0x2c>
1000569c:	88e3      	ldrh	r3, [r4, #6]
1000569e:	2b01      	cmp	r3, #1
100056a0:	d000      	beq.n	100056a4 <tud_task_ext+0x53c>
100056a2:	e6e3      	b.n	1000546c <tud_task_ext+0x304>
100056a4:	2208      	movs	r2, #8
100056a6:	782b      	ldrb	r3, [r5, #0]
100056a8:	4658      	mov	r0, fp
100056aa:	4393      	bics	r3, r2
100056ac:	a90e      	add	r1, sp, #56	@ 0x38
100056ae:	702b      	strb	r3, [r5, #0]
100056b0:	f000 fa10 	bl	10005ad4 <tud_control_status>
100056b4:	e56e      	b.n	10005194 <tud_task_ext+0x2c>
100056b6:	2002      	movs	r0, #2
100056b8:	7829      	ldrb	r1, [r5, #0]
100056ba:	ab0c      	add	r3, sp, #48	@ 0x30
100056bc:	1c9a      	adds	r2, r3, #2
100056be:	068b      	lsls	r3, r1, #26
100056c0:	0889      	lsrs	r1, r1, #2
100056c2:	0fdb      	lsrs	r3, r3, #31
100056c4:	4001      	ands	r1, r0
100056c6:	430b      	orrs	r3, r1
100056c8:	8013      	strh	r3, [r2, #0]
100056ca:	4658      	mov	r0, fp
100056cc:	2302      	movs	r3, #2
100056ce:	a90e      	add	r1, sp, #56	@ 0x38
100056d0:	f000 fa16 	bl	10005b00 <tud_control_xfer>
100056d4:	e55e      	b.n	10005194 <tud_task_ext+0x2c>
100056d6:	88e3      	ldrh	r3, [r4, #6]
100056d8:	2b01      	cmp	r3, #1
100056da:	d000      	beq.n	100056de <tud_task_ext+0x576>
100056dc:	e6c6      	b.n	1000546c <tud_task_ext+0x304>
100056de:	2208      	movs	r2, #8
100056e0:	782b      	ldrb	r3, [r5, #0]
100056e2:	4313      	orrs	r3, r2
100056e4:	702b      	strb	r3, [r5, #0]
100056e6:	e718      	b.n	1000551a <tud_task_ext+0x3b2>
100056e8:	7a23      	ldrb	r3, [r4, #8]
100056ea:	2b0f      	cmp	r3, #15
100056ec:	d900      	bls.n	100056f0 <tud_task_ext+0x588>
100056ee:	e6bd      	b.n	1000546c <tud_task_ext+0x304>
100056f0:	18eb      	adds	r3, r5, r3
100056f2:	791d      	ldrb	r5, [r3, #4]
100056f4:	4b44      	ldr	r3, [pc, #272]	@ (10005808 <tud_task_ext+0x6a0>)
100056f6:	781b      	ldrb	r3, [r3, #0]
100056f8:	429d      	cmp	r5, r3
100056fa:	d228      	bcs.n	1000574e <tud_task_ext+0x5e6>
100056fc:	4b44      	ldr	r3, [pc, #272]	@ (10005810 <tud_task_ext+0x6a8>)
100056fe:	016d      	lsls	r5, r5, #5
10005700:	681b      	ldr	r3, [r3, #0]
10005702:	195d      	adds	r5, r3, r5
10005704:	2d00      	cmp	r5, #0
10005706:	d100      	bne.n	1000570a <tud_task_ext+0x5a2>
10005708:	e6b0      	b.n	1000546c <tud_task_ext+0x304>
1000570a:	6968      	ldr	r0, [r5, #20]
1000570c:	f000 fa56 	bl	10005bbc <usbd_control_set_complete_callback>
10005710:	2101      	movs	r1, #1
10005712:	4658      	mov	r0, fp
10005714:	696b      	ldr	r3, [r5, #20]
10005716:	aa0e      	add	r2, sp, #56	@ 0x38
10005718:	4798      	blx	r3
1000571a:	e6b8      	b.n	1000548e <tud_task_ext+0x326>
1000571c:	2a00      	cmp	r2, #0
1000571e:	d000      	beq.n	10005722 <tud_task_ext+0x5ba>
10005720:	e6a4      	b.n	1000546c <tud_task_ext+0x304>
10005722:	2300      	movs	r3, #0
10005724:	4699      	mov	r9, r3
10005726:	7962      	ldrb	r2, [r4, #5]
10005728:	2002      	movs	r0, #2
1000572a:	0013      	movs	r3, r2
1000572c:	9203      	str	r2, [sp, #12]
1000572e:	4383      	bics	r3, r0
10005730:	2b01      	cmp	r3, #1
10005732:	d015      	beq.n	10005760 <tud_task_ext+0x5f8>
10005734:	2a00      	cmp	r2, #0
10005736:	d000      	beq.n	1000573a <tud_task_ext+0x5d2>
10005738:	e698      	b.n	1000546c <tud_task_ext+0x304>
1000573a:	002b      	movs	r3, r5
1000573c:	4443      	add	r3, r8
1000573e:	4453      	add	r3, sl
10005740:	3330      	adds	r3, #48	@ 0x30
10005742:	791b      	ldrb	r3, [r3, #4]
10005744:	aa0c      	add	r2, sp, #48	@ 0x30
10005746:	079b      	lsls	r3, r3, #30
10005748:	0fdb      	lsrs	r3, r3, #31
1000574a:	3202      	adds	r2, #2
1000574c:	e7bc      	b.n	100056c8 <tud_task_ext+0x560>
1000574e:	1c5a      	adds	r2, r3, #1
10005750:	42aa      	cmp	r2, r5
10005752:	da00      	bge.n	10005756 <tud_task_ext+0x5ee>
10005754:	e68a      	b.n	1000546c <tud_task_ext+0x304>
10005756:	1aed      	subs	r5, r5, r3
10005758:	4b2c      	ldr	r3, [pc, #176]	@ (1000580c <tud_task_ext+0x6a4>)
1000575a:	016d      	lsls	r5, r5, #5
1000575c:	18ed      	adds	r5, r5, r3
1000575e:	e7d4      	b.n	1000570a <tud_task_ext+0x5a2>
10005760:	88e3      	ldrh	r3, [r4, #6]
10005762:	2b00      	cmp	r3, #0
10005764:	d112      	bne.n	1000578c <tud_task_ext+0x624>
10005766:	9b02      	ldr	r3, [sp, #8]
10005768:	7818      	ldrb	r0, [r3, #0]
1000576a:	9b03      	ldr	r3, [sp, #12]
1000576c:	2b01      	cmp	r3, #1
1000576e:	d023      	beq.n	100057b8 <tud_task_ext+0x650>
10005770:	f7ff fbea 	bl	10004f48 <dcd_edpt_stall>
10005774:	4643      	mov	r3, r8
10005776:	2102      	movs	r1, #2
10005778:	18eb      	adds	r3, r5, r3
1000577a:	4453      	add	r3, sl
1000577c:	3330      	adds	r3, #48	@ 0x30
1000577e:	791a      	ldrb	r2, [r3, #4]
10005780:	430a      	orrs	r2, r1
10005782:	2101      	movs	r1, #1
10005784:	711a      	strb	r2, [r3, #4]
10005786:	791a      	ldrb	r2, [r3, #4]
10005788:	430a      	orrs	r2, r1
1000578a:	711a      	strb	r2, [r3, #4]
1000578c:	464b      	mov	r3, r9
1000578e:	2b00      	cmp	r3, #0
10005790:	d100      	bne.n	10005794 <tud_task_ext+0x62c>
10005792:	e4ff      	b.n	10005194 <tud_task_ext+0x2c>
10005794:	6958      	ldr	r0, [r3, #20]
10005796:	f000 fa11 	bl	10005bbc <usbd_control_set_complete_callback>
1000579a:	464b      	mov	r3, r9
1000579c:	2101      	movs	r1, #1
1000579e:	695b      	ldr	r3, [r3, #20]
100057a0:	aa0e      	add	r2, sp, #56	@ 0x38
100057a2:	4658      	mov	r0, fp
100057a4:	4798      	blx	r3
100057a6:	2000      	movs	r0, #0
100057a8:	f000 fa08 	bl	10005bbc <usbd_control_set_complete_callback>
100057ac:	2335      	movs	r3, #53	@ 0x35
100057ae:	5ceb      	ldrb	r3, [r5, r3]
100057b0:	07db      	lsls	r3, r3, #31
100057b2:	d500      	bpl.n	100057b6 <tud_task_ext+0x64e>
100057b4:	e4ee      	b.n	10005194 <tud_task_ext+0x2c>
100057b6:	e6b0      	b.n	1000551a <tud_task_ext+0x3b2>
100057b8:	f7ff fbe4 	bl	10004f84 <dcd_edpt_clear_stall>
100057bc:	4643      	mov	r3, r8
100057be:	2102      	movs	r1, #2
100057c0:	18eb      	adds	r3, r5, r3
100057c2:	4453      	add	r3, sl
100057c4:	3330      	adds	r3, #48	@ 0x30
100057c6:	791a      	ldrb	r2, [r3, #4]
100057c8:	438a      	bics	r2, r1
100057ca:	711a      	strb	r2, [r3, #4]
100057cc:	791a      	ldrb	r2, [r3, #4]
100057ce:	9903      	ldr	r1, [sp, #12]
100057d0:	438a      	bics	r2, r1
100057d2:	711a      	strb	r2, [r3, #4]
100057d4:	e7da      	b.n	1000578c <tud_task_ext+0x624>
100057d6:	f7ff fc37 	bl	10005048 <tud_umount_cb>
100057da:	e69e      	b.n	1000551a <tud_task_ext+0x3b2>
100057dc:	2100      	movs	r1, #0
100057de:	4658      	mov	r0, fp
100057e0:	f7ff faf6 	bl	10004dd0 <dcd_sof_enable>
100057e4:	4658      	mov	r0, fp
100057e6:	f7ff fb99 	bl	10004f1c <dcd_edpt_close_all>
100057ea:	78ab      	ldrb	r3, [r5, #2]
100057ec:	4907      	ldr	r1, [pc, #28]	@ (1000580c <tud_task_ext+0x6a4>)
100057ee:	9303      	str	r3, [sp, #12]
100057f0:	9104      	str	r1, [sp, #16]
100057f2:	4b05      	ldr	r3, [pc, #20]	@ (10005808 <tud_task_ext+0x6a0>)
100057f4:	4906      	ldr	r1, [pc, #24]	@ (10005810 <tud_task_ext+0x6a8>)
100057f6:	4698      	mov	r8, r3
100057f8:	781a      	ldrb	r2, [r3, #0]
100057fa:	9105      	str	r1, [sp, #20]
100057fc:	2300      	movs	r3, #0
100057fe:	0029      	movs	r1, r5
10005800:	001d      	movs	r5, r3
10005802:	468a      	mov	sl, r1
10005804:	e01b      	b.n	1000583e <tud_task_ext+0x6d6>
10005806:	46c0      	nop			@ (mov r8, r8)
10005808:	20002139 	.word	0x20002139
1000580c:	10007754 	.word	0x10007754
10005810:	200015e8 	.word	0x200015e8
10005814:	200017ac 	.word	0x200017ac
10005818:	100076f8 	.word	0x100076f8
1000581c:	9b05      	ldr	r3, [sp, #20]
1000581e:	016a      	lsls	r2, r5, #5
10005820:	681b      	ldr	r3, [r3, #0]
10005822:	189b      	adds	r3, r3, r2
10005824:	2b00      	cmp	r3, #0
10005826:	d04d      	beq.n	100058c4 <tud_task_ext+0x75c>
10005828:	68db      	ldr	r3, [r3, #12]
1000582a:	4658      	mov	r0, fp
1000582c:	4798      	blx	r3
1000582e:	4643      	mov	r3, r8
10005830:	781a      	ldrb	r2, [r3, #0]
10005832:	3501      	adds	r5, #1
10005834:	b2ed      	uxtb	r5, r5
10005836:	1c51      	adds	r1, r2, #1
10005838:	002b      	movs	r3, r5
1000583a:	428d      	cmp	r5, r1
1000583c:	dc2e      	bgt.n	1000589c <tud_task_ext+0x734>
1000583e:	4295      	cmp	r5, r2
10005840:	d3ec      	bcc.n	1000581c <tud_task_ext+0x6b4>
10005842:	1a9b      	subs	r3, r3, r2
10005844:	9a04      	ldr	r2, [sp, #16]
10005846:	015b      	lsls	r3, r3, #5
10005848:	4694      	mov	ip, r2
1000584a:	4463      	add	r3, ip
1000584c:	e7ec      	b.n	10005828 <tud_task_ext+0x6c0>
1000584e:	ab0c      	add	r3, sp, #48	@ 0x30
10005850:	1c9a      	adds	r2, r3, #2
10005852:	4658      	mov	r0, fp
10005854:	2301      	movs	r3, #1
10005856:	a90e      	add	r1, sp, #56	@ 0x38
10005858:	7015      	strb	r5, [r2, #0]
1000585a:	f000 f951 	bl	10005b00 <tud_control_xfer>
1000585e:	e499      	b.n	10005194 <tud_task_ext+0x2c>
10005860:	9a0b      	ldr	r2, [sp, #44]	@ 0x2c
10005862:	2a01      	cmp	r2, #1
10005864:	d04f      	beq.n	10005906 <tud_task_ext+0x79e>
10005866:	2a00      	cmp	r2, #0
10005868:	d03c      	beq.n	100058e4 <tud_task_ext+0x77c>
1000586a:	2300      	movs	r3, #0
1000586c:	78b0      	ldrb	r0, [r6, #2]
1000586e:	e004      	b.n	1000587a <tud_task_ext+0x712>
10005870:	3301      	adds	r3, #1
10005872:	b2db      	uxtb	r3, r3
10005874:	710f      	strb	r7, [r1, #4]
10005876:	4293      	cmp	r3, r2
10005878:	d234      	bcs.n	100058e4 <tud_task_ext+0x77c>
1000587a:	18c1      	adds	r1, r0, r3
1000587c:	b2c9      	uxtb	r1, r1
1000587e:	4441      	add	r1, r8
10005880:	790d      	ldrb	r5, [r1, #4]
10005882:	2dff      	cmp	r5, #255	@ 0xff
10005884:	d0f4      	beq.n	10005870 <tud_task_ext+0x708>
10005886:	464e      	mov	r6, r9
10005888:	4645      	mov	r5, r8
1000588a:	4657      	mov	r7, sl
1000588c:	2300      	movs	r3, #0
1000588e:	706b      	strb	r3, [r5, #1]
10005890:	e5ec      	b.n	1000546c <tud_task_ext+0x304>
10005892:	464e      	mov	r6, r9
10005894:	4657      	mov	r7, sl
10005896:	f7ff fbd5 	bl	10005044 <tud_mount_cb>
1000589a:	e63e      	b.n	1000551a <tud_task_ext+0x3b2>
1000589c:	4655      	mov	r5, sl
1000589e:	2254      	movs	r2, #84	@ 0x54
100058a0:	2100      	movs	r1, #0
100058a2:	0028      	movs	r0, r5
100058a4:	f7fc ffcc 	bl	10002840 <__wrap_memset>
100058a8:	2210      	movs	r2, #16
100058aa:	21ff      	movs	r1, #255	@ 0xff
100058ac:	1d28      	adds	r0, r5, #4
100058ae:	f7fc ffc7 	bl	10002840 <__wrap_memset>
100058b2:	0028      	movs	r0, r5
100058b4:	2220      	movs	r2, #32
100058b6:	21ff      	movs	r1, #255	@ 0xff
100058b8:	3014      	adds	r0, #20
100058ba:	f7fc ffc1 	bl	10002840 <__wrap_memset>
100058be:	9b03      	ldr	r3, [sp, #12]
100058c0:	70ab      	strb	r3, [r5, #2]
100058c2:	e657      	b.n	10005574 <tud_task_ext+0x40c>
100058c4:	4655      	mov	r5, sl
100058c6:	e7fa      	b.n	100058be <tud_task_ext+0x756>
100058c8:	f7fe feaa 	bl	10004620 <tud_descriptor_bos_cb>
100058cc:	1e02      	subs	r2, r0, #0
100058ce:	d100      	bne.n	100058d2 <tud_task_ext+0x76a>
100058d0:	e5cc      	b.n	1000546c <tud_task_ext+0x304>
100058d2:	78d3      	ldrb	r3, [r2, #3]
100058d4:	7891      	ldrb	r1, [r2, #2]
100058d6:	021b      	lsls	r3, r3, #8
100058d8:	430b      	orrs	r3, r1
100058da:	4658      	mov	r0, fp
100058dc:	a90e      	add	r1, sp, #56	@ 0x38
100058de:	f000 f90f 	bl	10005b00 <tud_control_xfer>
100058e2:	e5d4      	b.n	1000548e <tud_task_ext+0x326>
100058e4:	4665      	mov	r5, ip
100058e6:	003b      	movs	r3, r7
100058e8:	002a      	movs	r2, r5
100058ea:	0031      	movs	r1, r6
100058ec:	980a      	ldr	r0, [sp, #40]	@ 0x28
100058ee:	f000 fe7f 	bl	100065f0 <tu_edpt_bind_driver>
100058f2:	46ac      	mov	ip, r5
100058f4:	9b04      	ldr	r3, [sp, #16]
100058f6:	9a03      	ldr	r2, [sp, #12]
100058f8:	781b      	ldrb	r3, [r3, #0]
100058fa:	4466      	add	r6, ip
100058fc:	3301      	adds	r3, #1
100058fe:	4293      	cmp	r3, r2
10005900:	db00      	blt.n	10005904 <tud_task_ext+0x79c>
10005902:	e66c      	b.n	100055de <tud_task_ext+0x476>
10005904:	e7bf      	b.n	10005886 <tud_task_ext+0x71e>
10005906:	4b17      	ldr	r3, [pc, #92]	@ (10005964 <tud_task_ext+0x7fc>)
10005908:	6929      	ldr	r1, [r5, #16]
1000590a:	4299      	cmp	r1, r3
1000590c:	d1ad      	bne.n	1000586a <tud_task_ext+0x702>
1000590e:	9a07      	ldr	r2, [sp, #28]
10005910:	e7ab      	b.n	1000586a <tud_task_ext+0x702>
10005912:	f7ff fb93 	bl	1000503c <tud_descriptor_device_qualifier_cb>
10005916:	1e02      	subs	r2, r0, #0
10005918:	d100      	bne.n	1000591c <tud_task_ext+0x7b4>
1000591a:	e5a7      	b.n	1000546c <tud_task_ext+0x304>
1000591c:	4658      	mov	r0, fp
1000591e:	7813      	ldrb	r3, [r2, #0]
10005920:	a90e      	add	r1, sp, #56	@ 0x38
10005922:	f000 f8ed 	bl	10005b00 <tud_control_xfer>
10005926:	e5b2      	b.n	1000548e <tud_task_ext+0x326>
10005928:	8921      	ldrh	r1, [r4, #8]
1000592a:	f7ff f8c3 	bl	10004ab4 <tud_descriptor_string_cb>
1000592e:	1e02      	subs	r2, r0, #0
10005930:	d1f4      	bne.n	1000591c <tud_task_ext+0x7b4>
10005932:	e59b      	b.n	1000546c <tud_task_ext+0x304>
10005934:	2a02      	cmp	r2, #2
10005936:	d00f      	beq.n	10005958 <tud_task_ext+0x7f0>
10005938:	f7ff fb82 	bl	10005040 <tud_descriptor_other_speed_configuration_cb>
1000593c:	1e02      	subs	r2, r0, #0
1000593e:	d1c8      	bne.n	100058d2 <tud_task_ext+0x76a>
10005940:	e594      	b.n	1000546c <tud_task_ext+0x304>
10005942:	f7ff f8af 	bl	10004aa4 <tud_descriptor_device_cb>
10005946:	1e02      	subs	r2, r0, #0
10005948:	d100      	bne.n	1000594c <tud_task_ext+0x7e4>
1000594a:	e58f      	b.n	1000546c <tud_task_ext+0x304>
1000594c:	2312      	movs	r3, #18
1000594e:	4658      	mov	r0, fp
10005950:	a90e      	add	r1, sp, #56	@ 0x38
10005952:	f000 f8d5 	bl	10005b00 <tud_control_xfer>
10005956:	e59a      	b.n	1000548e <tud_task_ext+0x326>
10005958:	f7ff f8a8 	bl	10004aac <tud_descriptor_configuration_cb>
1000595c:	1e02      	subs	r2, r0, #0
1000595e:	d1b8      	bne.n	100058d2 <tud_task_ext+0x76a>
10005960:	e584      	b.n	1000546c <tud_task_ext+0x304>
10005962:	46c0      	nop			@ (mov r8, r8)
10005964:	10005fb9 	.word	0x10005fb9

10005968 <usbd_open_edpt_pair>:
10005968:	b5f8      	push	{r3, r4, r5, r6, r7, lr}
1000596a:	4657      	mov	r7, sl
1000596c:	464e      	mov	r6, r9
1000596e:	46de      	mov	lr, fp
10005970:	4645      	mov	r5, r8
10005972:	000c      	movs	r4, r1
10005974:	b5e0      	push	{r5, r6, r7, lr}
10005976:	0016      	movs	r6, r2
10005978:	001f      	movs	r7, r3
1000597a:	2a00      	cmp	r2, #0
1000597c:	d03c      	beq.n	100059f8 <usbd_open_edpt_pair+0x90>
1000597e:	2370      	movs	r3, #112	@ 0x70
10005980:	4698      	mov	r8, r3
10005982:	4b1e      	ldr	r3, [pc, #120]	@ (100059fc <usbd_open_edpt_pair+0x94>)
10005984:	2500      	movs	r5, #0
10005986:	469b      	mov	fp, r3
10005988:	4b1d      	ldr	r3, [pc, #116]	@ (10005a00 <usbd_open_edpt_pair+0x98>)
1000598a:	469a      	mov	sl, r3
1000598c:	e01a      	b.n	100059c4 <usbd_open_edpt_pair+0x5c>
1000598e:	465b      	mov	r3, fp
10005990:	781b      	ldrb	r3, [r3, #0]
10005992:	0020      	movs	r0, r4
10005994:	4699      	mov	r9, r3
10005996:	4653      	mov	r3, sl
10005998:	7899      	ldrb	r1, [r3, #2]
1000599a:	f000 fdeb 	bl	10006574 <tu_edpt_validate>
1000599e:	2800      	cmp	r0, #0
100059a0:	d01c      	beq.n	100059dc <usbd_open_edpt_pair+0x74>
100059a2:	0021      	movs	r1, r4
100059a4:	4648      	mov	r0, r9
100059a6:	f7ff fa2f 	bl	10004e08 <dcd_edpt_open>
100059aa:	2800      	cmp	r0, #0
100059ac:	d016      	beq.n	100059dc <usbd_open_edpt_pair+0x74>
100059ae:	78a3      	ldrb	r3, [r4, #2]
100059b0:	09da      	lsrs	r2, r3, #7
100059b2:	2a01      	cmp	r2, #1
100059b4:	d019      	beq.n	100059ea <usbd_open_edpt_pair+0x82>
100059b6:	9a0a      	ldr	r2, [sp, #40]	@ 0x28
100059b8:	3501      	adds	r5, #1
100059ba:	7013      	strb	r3, [r2, #0]
100059bc:	7823      	ldrb	r3, [r4, #0]
100059be:	18e4      	adds	r4, r4, r3
100059c0:	42b5      	cmp	r5, r6
100059c2:	da19      	bge.n	100059f8 <usbd_open_edpt_pair+0x90>
100059c4:	7863      	ldrb	r3, [r4, #1]
100059c6:	2b05      	cmp	r3, #5
100059c8:	d108      	bne.n	100059dc <usbd_open_edpt_pair+0x74>
100059ca:	78e3      	ldrb	r3, [r4, #3]
100059cc:	079b      	lsls	r3, r3, #30
100059ce:	0f9b      	lsrs	r3, r3, #30
100059d0:	42bb      	cmp	r3, r7
100059d2:	d103      	bne.n	100059dc <usbd_open_edpt_pair+0x74>
100059d4:	4642      	mov	r2, r8
100059d6:	78a3      	ldrb	r3, [r4, #2]
100059d8:	421a      	tst	r2, r3
100059da:	d0d8      	beq.n	1000598e <usbd_open_edpt_pair+0x26>
100059dc:	2000      	movs	r0, #0
100059de:	bcf0      	pop	{r4, r5, r6, r7}
100059e0:	46bb      	mov	fp, r7
100059e2:	46b2      	mov	sl, r6
100059e4:	46a9      	mov	r9, r5
100059e6:	46a0      	mov	r8, r4
100059e8:	bdf8      	pop	{r3, r4, r5, r6, r7, pc}
100059ea:	9a0b      	ldr	r2, [sp, #44]	@ 0x2c
100059ec:	3501      	adds	r5, #1
100059ee:	7013      	strb	r3, [r2, #0]
100059f0:	7823      	ldrb	r3, [r4, #0]
100059f2:	18e4      	adds	r4, r4, r3
100059f4:	42b5      	cmp	r5, r6
100059f6:	dbe5      	blt.n	100059c4 <usbd_open_edpt_pair+0x5c>
100059f8:	2001      	movs	r0, #1
100059fa:	e7f0      	b.n	100059de <usbd_open_edpt_pair+0x76>
100059fc:	200010a4 	.word	0x200010a4
10005a00:	20001798 	.word	0x20001798

10005a04 <usbd_edpt_open>:
10005a04:	2270      	movs	r2, #112	@ 0x70
10005a06:	b570      	push	{r4, r5, r6, lr}
10005a08:	788b      	ldrb	r3, [r1, #2]
10005a0a:	000c      	movs	r4, r1
10005a0c:	421a      	tst	r2, r3
10005a0e:	d001      	beq.n	10005a14 <usbd_edpt_open+0x10>
10005a10:	2000      	movs	r0, #0
10005a12:	bd70      	pop	{r4, r5, r6, pc}
10005a14:	4b06      	ldr	r3, [pc, #24]	@ (10005a30 <usbd_edpt_open+0x2c>)
10005a16:	0020      	movs	r0, r4
10005a18:	781d      	ldrb	r5, [r3, #0]
10005a1a:	4b06      	ldr	r3, [pc, #24]	@ (10005a34 <usbd_edpt_open+0x30>)
10005a1c:	7899      	ldrb	r1, [r3, #2]
10005a1e:	f000 fda9 	bl	10006574 <tu_edpt_validate>
10005a22:	2800      	cmp	r0, #0
10005a24:	d0f4      	beq.n	10005a10 <usbd_edpt_open+0xc>
10005a26:	0021      	movs	r1, r4
10005a28:	0028      	movs	r0, r5
10005a2a:	f7ff f9ed 	bl	10004e08 <dcd_edpt_open>
10005a2e:	e7f0      	b.n	10005a12 <usbd_edpt_open+0xe>
10005a30:	200010a4 	.word	0x200010a4
10005a34:	20001798 	.word	0x20001798

10005a38 <usbd_edpt_claim>:
10005a38:	000b      	movs	r3, r1
10005a3a:	207f      	movs	r0, #127	@ 0x7f
10005a3c:	b510      	push	{r4, lr}
10005a3e:	4018      	ands	r0, r3
10005a40:	09db      	lsrs	r3, r3, #7
10005a42:	3334      	adds	r3, #52	@ 0x34
10005a44:	0040      	lsls	r0, r0, #1
10005a46:	4a04      	ldr	r2, [pc, #16]	@ (10005a58 <usbd_edpt_claim+0x20>)
10005a48:	18c0      	adds	r0, r0, r3
10005a4a:	4b04      	ldr	r3, [pc, #16]	@ (10005a5c <usbd_edpt_claim+0x24>)
10005a4c:	6811      	ldr	r1, [r2, #0]
10005a4e:	18c0      	adds	r0, r0, r3
10005a50:	f000 fd4c 	bl	100064ec <tu_edpt_claim>
10005a54:	bd10      	pop	{r4, pc}
10005a56:	46c0      	nop			@ (mov r8, r8)
10005a58:	200017ec 	.word	0x200017ec
10005a5c:	20001798 	.word	0x20001798

10005a60 <usbd_edpt_release>:
10005a60:	000b      	movs	r3, r1
10005a62:	207f      	movs	r0, #127	@ 0x7f
10005a64:	b510      	push	{r4, lr}
10005a66:	4018      	ands	r0, r3
10005a68:	09db      	lsrs	r3, r3, #7
10005a6a:	3334      	adds	r3, #52	@ 0x34
10005a6c:	0040      	lsls	r0, r0, #1
10005a6e:	4a04      	ldr	r2, [pc, #16]	@ (10005a80 <usbd_edpt_release+0x20>)
10005a70:	18c0      	adds	r0, r0, r3
10005a72:	4b04      	ldr	r3, [pc, #16]	@ (10005a84 <usbd_edpt_release+0x24>)
10005a74:	6811      	ldr	r1, [r2, #0]
10005a76:	18c0      	adds	r0, r0, r3
10005a78:	f000 fd60 	bl	1000653c <tu_edpt_release>
10005a7c:	bd10      	pop	{r4, pc}
10005a7e:	46c0      	nop			@ (mov r8, r8)
10005a80:	200017ec 	.word	0x200017ec
10005a84:	20001798 	.word	0x20001798

10005a88 <usbd_edpt_xfer>:
10005a88:	b570      	push	{r4, r5, r6, lr}
10005a8a:	247f      	movs	r4, #127	@ 0x7f
10005a8c:	480f      	ldr	r0, [pc, #60]	@ (10005acc <usbd_edpt_xfer+0x44>)
10005a8e:	400c      	ands	r4, r1
10005a90:	0064      	lsls	r4, r4, #1
10005a92:	1904      	adds	r4, r0, r4
10005a94:	09cd      	lsrs	r5, r1, #7
10005a96:	1964      	adds	r4, r4, r5
10005a98:	3430      	adds	r4, #48	@ 0x30
10005a9a:	7920      	ldrb	r0, [r4, #4]
10005a9c:	07c0      	lsls	r0, r0, #31
10005a9e:	d501      	bpl.n	10005aa4 <usbd_edpt_xfer+0x1c>
10005aa0:	2000      	movs	r0, #0
10005aa2:	bd70      	pop	{r4, r5, r6, pc}
10005aa4:	2601      	movs	r6, #1
10005aa6:	7925      	ldrb	r5, [r4, #4]
10005aa8:	4809      	ldr	r0, [pc, #36]	@ (10005ad0 <usbd_edpt_xfer+0x48>)
10005aaa:	4335      	orrs	r5, r6
10005aac:	7800      	ldrb	r0, [r0, #0]
10005aae:	7125      	strb	r5, [r4, #4]
10005ab0:	f7ff fa38 	bl	10004f24 <dcd_edpt_xfer>
10005ab4:	2800      	cmp	r0, #0
10005ab6:	d1f4      	bne.n	10005aa2 <usbd_edpt_xfer+0x1a>
10005ab8:	2201      	movs	r2, #1
10005aba:	7923      	ldrb	r3, [r4, #4]
10005abc:	4393      	bics	r3, r2
10005abe:	7123      	strb	r3, [r4, #4]
10005ac0:	7923      	ldrb	r3, [r4, #4]
10005ac2:	3203      	adds	r2, #3
10005ac4:	4393      	bics	r3, r2
10005ac6:	7123      	strb	r3, [r4, #4]
10005ac8:	e7ea      	b.n	10005aa0 <usbd_edpt_xfer+0x18>
10005aca:	46c0      	nop			@ (mov r8, r8)
10005acc:	20001798 	.word	0x20001798
10005ad0:	200010a4 	.word	0x200010a4

10005ad4 <tud_control_status>:
10005ad4:	b570      	push	{r4, r5, r6, lr}
10005ad6:	4c09      	ldr	r4, [pc, #36]	@ (10005afc <tud_control_status+0x28>)
10005ad8:	0006      	movs	r6, r0
10005ada:	2208      	movs	r2, #8
10005adc:	0020      	movs	r0, r4
10005ade:	000d      	movs	r5, r1
10005ae0:	f7fc feb4 	bl	1000284c <__wrap___aeabi_memcpy>
10005ae4:	2300      	movs	r3, #0
10005ae6:	2180      	movs	r1, #128	@ 0x80
10005ae8:	60e3      	str	r3, [r4, #12]
10005aea:	60a3      	str	r3, [r4, #8]
10005aec:	782b      	ldrb	r3, [r5, #0]
10005aee:	0030      	movs	r0, r6
10005af0:	4399      	bics	r1, r3
10005af2:	2200      	movs	r2, #0
10005af4:	2300      	movs	r3, #0
10005af6:	f7ff ffc7 	bl	10005a88 <usbd_edpt_xfer>
10005afa:	bd70      	pop	{r4, r5, r6, pc}
10005afc:	20001778 	.word	0x20001778

10005b00 <tud_control_xfer>:
10005b00:	b5f8      	push	{r3, r4, r5, r6, r7, lr}
10005b02:	46ce      	mov	lr, r9
10005b04:	4647      	mov	r7, r8
10005b06:	4690      	mov	r8, r2
10005b08:	4e25      	ldr	r6, [pc, #148]	@ (10005ba0 <tud_control_xfer+0xa0>)
10005b0a:	b580      	push	{r7, lr}
10005b0c:	4681      	mov	r9, r0
10005b0e:	2208      	movs	r2, #8
10005b10:	0030      	movs	r0, r6
10005b12:	000d      	movs	r5, r1
10005b14:	001f      	movs	r7, r3
10005b16:	f7fc fe99 	bl	1000284c <__wrap___aeabi_memcpy>
10005b1a:	4643      	mov	r3, r8
10005b1c:	60b3      	str	r3, [r6, #8]
10005b1e:	2300      	movs	r3, #0
10005b20:	81f3      	strh	r3, [r6, #14]
10005b22:	79ec      	ldrb	r4, [r5, #7]
10005b24:	79ab      	ldrb	r3, [r5, #6]
10005b26:	0224      	lsls	r4, r4, #8
10005b28:	431c      	orrs	r4, r3
10005b2a:	1c23      	adds	r3, r4, #0
10005b2c:	42bc      	cmp	r4, r7
10005b2e:	d900      	bls.n	10005b32 <tud_control_xfer+0x32>
10005b30:	1c3b      	adds	r3, r7, #0
10005b32:	b29f      	uxth	r7, r3
10005b34:	81b3      	strh	r3, [r6, #12]
10005b36:	2c00      	cmp	r4, #0
10005b38:	d00d      	beq.n	10005b56 <tud_control_xfer+0x56>
10005b3a:	2f00      	cmp	r7, #0
10005b3c:	d017      	beq.n	10005b6e <tud_control_xfer+0x6e>
10005b3e:	4642      	mov	r2, r8
10005b40:	2a00      	cmp	r2, #0
10005b42:	d02b      	beq.n	10005b9c <tud_control_xfer+0x9c>
10005b44:	2f40      	cmp	r7, #64	@ 0x40
10005b46:	d81b      	bhi.n	10005b80 <tud_control_xfer+0x80>
10005b48:	b29f      	uxth	r7, r3
10005b4a:	7833      	ldrb	r3, [r6, #0]
10005b4c:	2b7f      	cmp	r3, #127	@ 0x7f
10005b4e:	d81c      	bhi.n	10005b8a <tud_control_xfer+0x8a>
10005b50:	2100      	movs	r1, #0
10005b52:	4a14      	ldr	r2, [pc, #80]	@ (10005ba4 <tud_control_xfer+0xa4>)
10005b54:	e00f      	b.n	10005b76 <tud_control_xfer+0x76>
10005b56:	2180      	movs	r1, #128	@ 0x80
10005b58:	782b      	ldrb	r3, [r5, #0]
10005b5a:	2200      	movs	r2, #0
10005b5c:	4399      	bics	r1, r3
10005b5e:	4648      	mov	r0, r9
10005b60:	2300      	movs	r3, #0
10005b62:	f7ff ff91 	bl	10005a88 <usbd_edpt_xfer>
10005b66:	bcc0      	pop	{r6, r7}
10005b68:	46b9      	mov	r9, r7
10005b6a:	46b0      	mov	r8, r6
10005b6c:	bdf8      	pop	{r3, r4, r5, r6, r7, pc}
10005b6e:	237f      	movs	r3, #127	@ 0x7f
10005b70:	2200      	movs	r2, #0
10005b72:	7831      	ldrb	r1, [r6, #0]
10005b74:	4399      	bics	r1, r3
10005b76:	003b      	movs	r3, r7
10005b78:	4648      	mov	r0, r9
10005b7a:	f7ff ff85 	bl	10005a88 <usbd_edpt_xfer>
10005b7e:	e7f2      	b.n	10005b66 <tud_control_xfer+0x66>
10005b80:	2340      	movs	r3, #64	@ 0x40
10005b82:	b29f      	uxth	r7, r3
10005b84:	7833      	ldrb	r3, [r6, #0]
10005b86:	2b7f      	cmp	r3, #127	@ 0x7f
10005b88:	d9e2      	bls.n	10005b50 <tud_control_xfer+0x50>
10005b8a:	4c06      	ldr	r4, [pc, #24]	@ (10005ba4 <tud_control_xfer+0xa4>)
10005b8c:	003a      	movs	r2, r7
10005b8e:	4641      	mov	r1, r8
10005b90:	0020      	movs	r0, r4
10005b92:	f7fc fe5b 	bl	1000284c <__wrap___aeabi_memcpy>
10005b96:	2180      	movs	r1, #128	@ 0x80
10005b98:	0022      	movs	r2, r4
10005b9a:	e7ec      	b.n	10005b76 <tud_control_xfer+0x76>
10005b9c:	2000      	movs	r0, #0
10005b9e:	e7e2      	b.n	10005b66 <tud_control_xfer+0x66>
10005ba0:	20001778 	.word	0x20001778
10005ba4:	20001738 	.word	0x20001738

10005ba8 <usbd_control_reset>:
10005ba8:	b510      	push	{r4, lr}
10005baa:	2214      	movs	r2, #20
10005bac:	2100      	movs	r1, #0
10005bae:	4802      	ldr	r0, [pc, #8]	@ (10005bb8 <usbd_control_reset+0x10>)
10005bb0:	f7fc fe46 	bl	10002840 <__wrap_memset>
10005bb4:	bd10      	pop	{r4, pc}
10005bb6:	46c0      	nop			@ (mov r8, r8)
10005bb8:	20001778 	.word	0x20001778

10005bbc <usbd_control_set_complete_callback>:
10005bbc:	4b01      	ldr	r3, [pc, #4]	@ (10005bc4 <usbd_control_set_complete_callback+0x8>)
10005bbe:	6118      	str	r0, [r3, #16]
10005bc0:	4770      	bx	lr
10005bc2:	46c0      	nop			@ (mov r8, r8)
10005bc4:	20001778 	.word	0x20001778

10005bc8 <usbd_control_set_request>:
10005bc8:	b510      	push	{r4, lr}
10005bca:	4c05      	ldr	r4, [pc, #20]	@ (10005be0 <usbd_control_set_request+0x18>)
10005bcc:	0001      	movs	r1, r0
10005bce:	2208      	movs	r2, #8
10005bd0:	0020      	movs	r0, r4
10005bd2:	f7fc fe3b 	bl	1000284c <__wrap___aeabi_memcpy>
10005bd6:	2300      	movs	r3, #0
10005bd8:	60a3      	str	r3, [r4, #8]
10005bda:	60e3      	str	r3, [r4, #12]
10005bdc:	bd10      	pop	{r4, pc}
10005bde:	46c0      	nop			@ (mov r8, r8)
10005be0:	20001778 	.word	0x20001778

10005be4 <usbd_control_xfer_cb>:
10005be4:	b570      	push	{r4, r5, r6, lr}
10005be6:	4c38      	ldr	r4, [pc, #224]	@ (10005cc8 <usbd_control_xfer_cb+0xe4>)
10005be8:	001d      	movs	r5, r3
10005bea:	7823      	ldrb	r3, [r4, #0]
10005bec:	0006      	movs	r6, r0
10005bee:	09da      	lsrs	r2, r3, #7
10005bf0:	09c9      	lsrs	r1, r1, #7
10005bf2:	428a      	cmp	r2, r1
10005bf4:	d010      	beq.n	10005c18 <usbd_control_xfer_cb+0x34>
10005bf6:	2000      	movs	r0, #0
10005bf8:	2d00      	cmp	r5, #0
10005bfa:	d000      	beq.n	10005bfe <usbd_control_xfer_cb+0x1a>
10005bfc:	bd70      	pop	{r4, r5, r6, pc}
10005bfe:	0021      	movs	r1, r4
10005c00:	0030      	movs	r0, r6
10005c02:	f7ff f8f3 	bl	10004dec <dcd_edpt0_status_complete>
10005c06:	6923      	ldr	r3, [r4, #16]
10005c08:	2b00      	cmp	r3, #0
10005c0a:	d003      	beq.n	10005c14 <usbd_control_xfer_cb+0x30>
10005c0c:	0022      	movs	r2, r4
10005c0e:	2103      	movs	r1, #3
10005c10:	0030      	movs	r0, r6
10005c12:	4798      	blx	r3
10005c14:	2001      	movs	r0, #1
10005c16:	e7f1      	b.n	10005bfc <usbd_control_xfer_cb+0x18>
10005c18:	2b7f      	cmp	r3, #127	@ 0x7f
10005c1a:	d806      	bhi.n	10005c2a <usbd_control_xfer_cb+0x46>
10005c1c:	68a0      	ldr	r0, [r4, #8]
10005c1e:	2800      	cmp	r0, #0
10005c20:	d034      	beq.n	10005c8c <usbd_control_xfer_cb+0xa8>
10005c22:	002a      	movs	r2, r5
10005c24:	4929      	ldr	r1, [pc, #164]	@ (10005ccc <usbd_control_xfer_cb+0xe8>)
10005c26:	f7fc fe11 	bl	1000284c <__wrap___aeabi_memcpy>
10005c2a:	89e2      	ldrh	r2, [r4, #14]
10005c2c:	68a1      	ldr	r1, [r4, #8]
10005c2e:	1952      	adds	r2, r2, r5
10005c30:	88e3      	ldrh	r3, [r4, #6]
10005c32:	b292      	uxth	r2, r2
10005c34:	1949      	adds	r1, r1, r5
10005c36:	81e2      	strh	r2, [r4, #14]
10005c38:	60a1      	str	r1, [r4, #8]
10005c3a:	4293      	cmp	r3, r2
10005c3c:	d014      	beq.n	10005c68 <usbd_control_xfer_cb+0x84>
10005c3e:	2d3f      	cmp	r5, #63	@ 0x3f
10005c40:	d912      	bls.n	10005c68 <usbd_control_xfer_cb+0x84>
10005c42:	89a3      	ldrh	r3, [r4, #12]
10005c44:	1a98      	subs	r0, r3, r2
10005c46:	1c05      	adds	r5, r0, #0
10005c48:	b280      	uxth	r0, r0
10005c4a:	2840      	cmp	r0, #64	@ 0x40
10005c4c:	d82a      	bhi.n	10005ca4 <usbd_control_xfer_cb+0xc0>
10005c4e:	7820      	ldrb	r0, [r4, #0]
10005c50:	b2ad      	uxth	r5, r5
10005c52:	287f      	cmp	r0, #127	@ 0x7f
10005c54:	d828      	bhi.n	10005ca8 <usbd_control_xfer_cb+0xc4>
10005c56:	2100      	movs	r1, #0
10005c58:	429a      	cmp	r2, r3
10005c5a:	d032      	beq.n	10005cc2 <usbd_control_xfer_cb+0xde>
10005c5c:	4a1b      	ldr	r2, [pc, #108]	@ (10005ccc <usbd_control_xfer_cb+0xe8>)
10005c5e:	002b      	movs	r3, r5
10005c60:	0030      	movs	r0, r6
10005c62:	f7ff ff11 	bl	10005a88 <usbd_edpt_xfer>
10005c66:	e7c9      	b.n	10005bfc <usbd_control_xfer_cb+0x18>
10005c68:	6923      	ldr	r3, [r4, #16]
10005c6a:	2b00      	cmp	r3, #0
10005c6c:	d005      	beq.n	10005c7a <usbd_control_xfer_cb+0x96>
10005c6e:	0022      	movs	r2, r4
10005c70:	2102      	movs	r1, #2
10005c72:	0030      	movs	r0, r6
10005c74:	4798      	blx	r3
10005c76:	2800      	cmp	r0, #0
10005c78:	d00a      	beq.n	10005c90 <usbd_control_xfer_cb+0xac>
10005c7a:	2180      	movs	r1, #128	@ 0x80
10005c7c:	7823      	ldrb	r3, [r4, #0]
10005c7e:	2200      	movs	r2, #0
10005c80:	4399      	bics	r1, r3
10005c82:	0030      	movs	r0, r6
10005c84:	2300      	movs	r3, #0
10005c86:	f7ff feff 	bl	10005a88 <usbd_edpt_xfer>
10005c8a:	e7b7      	b.n	10005bfc <usbd_control_xfer_cb+0x18>
10005c8c:	2000      	movs	r0, #0
10005c8e:	e7b5      	b.n	10005bfc <usbd_control_xfer_cb+0x18>
10005c90:	2100      	movs	r1, #0
10005c92:	0030      	movs	r0, r6
10005c94:	f7ff f958 	bl	10004f48 <dcd_edpt_stall>
10005c98:	0030      	movs	r0, r6
10005c9a:	2180      	movs	r1, #128	@ 0x80
10005c9c:	f7ff f954 	bl	10004f48 <dcd_edpt_stall>
10005ca0:	2001      	movs	r0, #1
10005ca2:	e7ab      	b.n	10005bfc <usbd_control_xfer_cb+0x18>
10005ca4:	2540      	movs	r5, #64	@ 0x40
10005ca6:	e7d2      	b.n	10005c4e <usbd_control_xfer_cb+0x6a>
10005ca8:	429a      	cmp	r2, r3
10005caa:	d007      	beq.n	10005cbc <usbd_control_xfer_cb+0xd8>
10005cac:	4c07      	ldr	r4, [pc, #28]	@ (10005ccc <usbd_control_xfer_cb+0xe8>)
10005cae:	002a      	movs	r2, r5
10005cb0:	0020      	movs	r0, r4
10005cb2:	f7fc fdcb 	bl	1000284c <__wrap___aeabi_memcpy>
10005cb6:	2180      	movs	r1, #128	@ 0x80
10005cb8:	0022      	movs	r2, r4
10005cba:	e7d0      	b.n	10005c5e <usbd_control_xfer_cb+0x7a>
10005cbc:	2180      	movs	r1, #128	@ 0x80
10005cbe:	2200      	movs	r2, #0
10005cc0:	e7cd      	b.n	10005c5e <usbd_control_xfer_cb+0x7a>
10005cc2:	2200      	movs	r2, #0
10005cc4:	e7cb      	b.n	10005c5e <usbd_control_xfer_cb+0x7a>
10005cc6:	46c0      	nop			@ (mov r8, r8)
10005cc8:	20001778 	.word	0x20001778
10005ccc:	20001738 	.word	0x20001738

10005cd0 <_prep_out_transaction.isra.0>:
10005cd0:	b570      	push	{r4, r5, r6, lr}
10005cd2:	0004      	movs	r4, r0
10005cd4:	f7ff f9be 	bl	10005054 <tud_mounted>
10005cd8:	2800      	cmp	r0, #0
10005cda:	d100      	bne.n	10005cde <_prep_out_transaction.isra.0+0xe>
10005cdc:	bd70      	pop	{r4, r5, r6, pc}
10005cde:	f7ff f9c1 	bl	10005064 <tud_suspended>
10005ce2:	2800      	cmp	r0, #0
10005ce4:	d1fa      	bne.n	10005cdc <_prep_out_transaction.isra.0+0xc>
10005ce6:	23c8      	movs	r3, #200	@ 0xc8
10005ce8:	4363      	muls	r3, r4
10005cea:	4d12      	ldr	r5, [pc, #72]	@ (10005d34 <_prep_out_transaction.isra.0+0x64>)
10005cec:	18ee      	adds	r6, r5, r3
10005cee:	78f1      	ldrb	r1, [r6, #3]
10005cf0:	2900      	cmp	r1, #0
10005cf2:	d0f3      	beq.n	10005cdc <_prep_out_transaction.isra.0+0xc>
10005cf4:	3310      	adds	r3, #16
10005cf6:	195d      	adds	r5, r3, r5
10005cf8:	0028      	movs	r0, r5
10005cfa:	f000 fdf3 	bl	100068e4 <tu_fifo_remaining>
10005cfe:	283f      	cmp	r0, #63	@ 0x3f
10005d00:	d9ec      	bls.n	10005cdc <_prep_out_transaction.isra.0+0xc>
10005d02:	2000      	movs	r0, #0
10005d04:	78f1      	ldrb	r1, [r6, #3]
10005d06:	f7ff fe97 	bl	10005a38 <usbd_edpt_claim>
10005d0a:	2800      	cmp	r0, #0
10005d0c:	d0e6      	beq.n	10005cdc <_prep_out_transaction.isra.0+0xc>
10005d0e:	0028      	movs	r0, r5
10005d10:	f000 fde8 	bl	100068e4 <tu_fifo_remaining>
10005d14:	78f1      	ldrb	r1, [r6, #3]
10005d16:	283f      	cmp	r0, #63	@ 0x3f
10005d18:	d907      	bls.n	10005d2a <_prep_out_transaction.isra.0+0x5a>
10005d1a:	4b07      	ldr	r3, [pc, #28]	@ (10005d38 <_prep_out_transaction.isra.0+0x68>)
10005d1c:	01e2      	lsls	r2, r4, #7
10005d1e:	18d2      	adds	r2, r2, r3
10005d20:	2000      	movs	r0, #0
10005d22:	2340      	movs	r3, #64	@ 0x40
10005d24:	f7ff feb0 	bl	10005a88 <usbd_edpt_xfer>
10005d28:	e7d8      	b.n	10005cdc <_prep_out_transaction.isra.0+0xc>
10005d2a:	2000      	movs	r0, #0
10005d2c:	f7ff fe98 	bl	10005a60 <usbd_edpt_release>
10005d30:	e7d4      	b.n	10005cdc <_prep_out_transaction.isra.0+0xc>
10005d32:	46c0      	nop			@ (mov r8, r8)
10005d34:	20001670 	.word	0x20001670
10005d38:	200015ec 	.word	0x200015ec

10005d3c <tud_cdc_n_connected>:
10005d3c:	b510      	push	{r4, lr}
10005d3e:	0004      	movs	r4, r0
10005d40:	f7ff f988 	bl	10005054 <tud_mounted>
10005d44:	2800      	cmp	r0, #0
10005d46:	d101      	bne.n	10005d4c <tud_cdc_n_connected+0x10>
10005d48:	2000      	movs	r0, #0
10005d4a:	bd10      	pop	{r4, pc}
10005d4c:	f7ff f98a 	bl	10005064 <tud_suspended>
10005d50:	2800      	cmp	r0, #0
10005d52:	d1f9      	bne.n	10005d48 <tud_cdc_n_connected+0xc>
10005d54:	22c8      	movs	r2, #200	@ 0xc8
10005d56:	4362      	muls	r2, r4
10005d58:	4b02      	ldr	r3, [pc, #8]	@ (10005d64 <tud_cdc_n_connected+0x28>)
10005d5a:	3001      	adds	r0, #1
10005d5c:	189b      	adds	r3, r3, r2
10005d5e:	791b      	ldrb	r3, [r3, #4]
10005d60:	4018      	ands	r0, r3
10005d62:	e7f2      	b.n	10005d4a <tud_cdc_n_connected+0xe>
10005d64:	20001670 	.word	0x20001670

10005d68 <tud_cdc_n_available>:
10005d68:	23c8      	movs	r3, #200	@ 0xc8
10005d6a:	b510      	push	{r4, lr}
10005d6c:	4343      	muls	r3, r0
10005d6e:	4802      	ldr	r0, [pc, #8]	@ (10005d78 <tud_cdc_n_available+0x10>)
10005d70:	1818      	adds	r0, r3, r0
10005d72:	f000 fd99 	bl	100068a8 <tu_fifo_count>
10005d76:	bd10      	pop	{r4, pc}
10005d78:	20001680 	.word	0x20001680

10005d7c <tud_cdc_n_read>:
10005d7c:	b5f8      	push	{r3, r4, r5, r6, r7, lr}
10005d7e:	24c8      	movs	r4, #200	@ 0xc8
10005d80:	2380      	movs	r3, #128	@ 0x80
10005d82:	4344      	muls	r4, r0
10005d84:	4f1c      	ldr	r7, [pc, #112]	@ (10005df8 <tud_cdc_n_read+0x7c>)
10005d86:	3410      	adds	r4, #16
10005d88:	0005      	movs	r5, r0
10005d8a:	193c      	adds	r4, r7, r4
10005d8c:	025b      	lsls	r3, r3, #9
10005d8e:	429a      	cmp	r2, r3
10005d90:	d300      	bcc.n	10005d94 <tud_cdc_n_read+0x18>
10005d92:	4a1a      	ldr	r2, [pc, #104]	@ (10005dfc <tud_cdc_n_read+0x80>)
10005d94:	0020      	movs	r0, r4
10005d96:	b292      	uxth	r2, r2
10005d98:	f000 fe08 	bl	100069ac <tu_fifo_read_n>
10005d9c:	0006      	movs	r6, r0
10005d9e:	f7ff f959 	bl	10005054 <tud_mounted>
10005da2:	2800      	cmp	r0, #0
10005da4:	d101      	bne.n	10005daa <tud_cdc_n_read+0x2e>
10005da6:	0030      	movs	r0, r6
10005da8:	bdf8      	pop	{r3, r4, r5, r6, r7, pc}
10005daa:	f7ff f95b 	bl	10005064 <tud_suspended>
10005dae:	2800      	cmp	r0, #0
10005db0:	d1f9      	bne.n	10005da6 <tud_cdc_n_read+0x2a>
10005db2:	23c8      	movs	r3, #200	@ 0xc8
10005db4:	436b      	muls	r3, r5
10005db6:	18ff      	adds	r7, r7, r3
10005db8:	78fb      	ldrb	r3, [r7, #3]
10005dba:	2b00      	cmp	r3, #0
10005dbc:	d0f3      	beq.n	10005da6 <tud_cdc_n_read+0x2a>
10005dbe:	0020      	movs	r0, r4
10005dc0:	f000 fd90 	bl	100068e4 <tu_fifo_remaining>
10005dc4:	283f      	cmp	r0, #63	@ 0x3f
10005dc6:	d9ee      	bls.n	10005da6 <tud_cdc_n_read+0x2a>
10005dc8:	2000      	movs	r0, #0
10005dca:	78f9      	ldrb	r1, [r7, #3]
10005dcc:	f7ff fe34 	bl	10005a38 <usbd_edpt_claim>
10005dd0:	2800      	cmp	r0, #0
10005dd2:	d0e8      	beq.n	10005da6 <tud_cdc_n_read+0x2a>
10005dd4:	0020      	movs	r0, r4
10005dd6:	f000 fd85 	bl	100068e4 <tu_fifo_remaining>
10005dda:	78f9      	ldrb	r1, [r7, #3]
10005ddc:	283f      	cmp	r0, #63	@ 0x3f
10005dde:	d907      	bls.n	10005df0 <tud_cdc_n_read+0x74>
10005de0:	4b07      	ldr	r3, [pc, #28]	@ (10005e00 <tud_cdc_n_read+0x84>)
10005de2:	01ea      	lsls	r2, r5, #7
10005de4:	18d2      	adds	r2, r2, r3
10005de6:	2000      	movs	r0, #0
10005de8:	2340      	movs	r3, #64	@ 0x40
10005dea:	f7ff fe4d 	bl	10005a88 <usbd_edpt_xfer>
10005dee:	e7da      	b.n	10005da6 <tud_cdc_n_read+0x2a>
10005df0:	2000      	movs	r0, #0
10005df2:	f7ff fe35 	bl	10005a60 <usbd_edpt_release>
10005df6:	e7d6      	b.n	10005da6 <tud_cdc_n_read+0x2a>
10005df8:	20001670 	.word	0x20001670
10005dfc:	0000ffff 	.word	0x0000ffff
10005e00:	200015ec 	.word	0x200015ec

10005e04 <tud_cdc_n_write_flush>:
10005e04:	b5f8      	push	{r3, r4, r5, r6, r7, lr}
10005e06:	0004      	movs	r4, r0
10005e08:	f7ff f924 	bl	10005054 <tud_mounted>
10005e0c:	2800      	cmp	r0, #0
10005e0e:	d101      	bne.n	10005e14 <tud_cdc_n_write_flush+0x10>
10005e10:	2000      	movs	r0, #0
10005e12:	bdf8      	pop	{r3, r4, r5, r6, r7, pc}
10005e14:	f7ff f926 	bl	10005064 <tud_suspended>
10005e18:	2800      	cmp	r0, #0
10005e1a:	d1f9      	bne.n	10005e10 <tud_cdc_n_write_flush+0xc>
10005e1c:	25c8      	movs	r5, #200	@ 0xc8
10005e1e:	4365      	muls	r5, r4
10005e20:	002e      	movs	r6, r5
10005e22:	4f13      	ldr	r7, [pc, #76]	@ (10005e70 <tud_cdc_n_write_flush+0x6c>)
10005e24:	3624      	adds	r6, #36	@ 0x24
10005e26:	19f6      	adds	r6, r6, r7
10005e28:	0030      	movs	r0, r6
10005e2a:	f000 fd3d 	bl	100068a8 <tu_fifo_count>
10005e2e:	2800      	cmp	r0, #0
10005e30:	d0ee      	beq.n	10005e10 <tud_cdc_n_write_flush+0xc>
10005e32:	197f      	adds	r7, r7, r5
10005e34:	2000      	movs	r0, #0
10005e36:	78b9      	ldrb	r1, [r7, #2]
10005e38:	f7ff fdfe 	bl	10005a38 <usbd_edpt_claim>
10005e3c:	2800      	cmp	r0, #0
10005e3e:	d0e7      	beq.n	10005e10 <tud_cdc_n_write_flush+0xc>
10005e40:	4d0c      	ldr	r5, [pc, #48]	@ (10005e74 <tud_cdc_n_write_flush+0x70>)
10005e42:	01e4      	lsls	r4, r4, #7
10005e44:	1965      	adds	r5, r4, r5
10005e46:	0029      	movs	r1, r5
10005e48:	2240      	movs	r2, #64	@ 0x40
10005e4a:	0030      	movs	r0, r6
10005e4c:	f000 fdae 	bl	100069ac <tu_fifo_read_n>
10005e50:	78b9      	ldrb	r1, [r7, #2]
10005e52:	1e04      	subs	r4, r0, #0
10005e54:	d008      	beq.n	10005e68 <tud_cdc_n_write_flush+0x64>
10005e56:	0003      	movs	r3, r0
10005e58:	002a      	movs	r2, r5
10005e5a:	2000      	movs	r0, #0
10005e5c:	f7ff fe14 	bl	10005a88 <usbd_edpt_xfer>
10005e60:	2800      	cmp	r0, #0
10005e62:	d0d5      	beq.n	10005e10 <tud_cdc_n_write_flush+0xc>
10005e64:	0020      	movs	r0, r4
10005e66:	e7d4      	b.n	10005e12 <tud_cdc_n_write_flush+0xe>
10005e68:	2000      	movs	r0, #0
10005e6a:	f7ff fdf9 	bl	10005a60 <usbd_edpt_release>
10005e6e:	e7cf      	b.n	10005e10 <tud_cdc_n_write_flush+0xc>
10005e70:	20001670 	.word	0x20001670
10005e74:	2000162c 	.word	0x2000162c

10005e78 <tud_cdc_n_write>:
10005e78:	b570      	push	{r4, r5, r6, lr}
10005e7a:	24c8      	movs	r4, #200	@ 0xc8
10005e7c:	4344      	muls	r4, r0
10005e7e:	4b0c      	ldr	r3, [pc, #48]	@ (10005eb0 <tud_cdc_n_write+0x38>)
10005e80:	0005      	movs	r5, r0
10005e82:	18e4      	adds	r4, r4, r3
10005e84:	2380      	movs	r3, #128	@ 0x80
10005e86:	025b      	lsls	r3, r3, #9
10005e88:	429a      	cmp	r2, r3
10005e8a:	d300      	bcc.n	10005e8e <tud_cdc_n_write+0x16>
10005e8c:	4a09      	ldr	r2, [pc, #36]	@ (10005eb4 <tud_cdc_n_write+0x3c>)
10005e8e:	0020      	movs	r0, r4
10005e90:	b292      	uxth	r2, r2
10005e92:	f000 fe51 	bl	10006b38 <tu_fifo_write_n>
10005e96:	0006      	movs	r6, r0
10005e98:	0020      	movs	r0, r4
10005e9a:	f000 fd05 	bl	100068a8 <tu_fifo_count>
10005e9e:	283f      	cmp	r0, #63	@ 0x3f
10005ea0:	d801      	bhi.n	10005ea6 <tud_cdc_n_write+0x2e>
10005ea2:	0030      	movs	r0, r6
10005ea4:	bd70      	pop	{r4, r5, r6, pc}
10005ea6:	0028      	movs	r0, r5
10005ea8:	f7ff ffac 	bl	10005e04 <tud_cdc_n_write_flush>
10005eac:	e7f9      	b.n	10005ea2 <tud_cdc_n_write+0x2a>
10005eae:	46c0      	nop			@ (mov r8, r8)
10005eb0:	20001694 	.word	0x20001694
10005eb4:	0000ffff 	.word	0x0000ffff

10005eb8 <tud_cdc_n_write_available>:
10005eb8:	23c8      	movs	r3, #200	@ 0xc8
10005eba:	b510      	push	{r4, lr}
10005ebc:	4343      	muls	r3, r0
10005ebe:	4802      	ldr	r0, [pc, #8]	@ (10005ec8 <tud_cdc_n_write_available+0x10>)
10005ec0:	1818      	adds	r0, r3, r0
10005ec2:	f000 fd0f 	bl	100068e4 <tu_fifo_remaining>
10005ec6:	bd10      	pop	{r4, pc}
10005ec8:	20001694 	.word	0x20001694

10005ecc <cdcd_init>:
10005ecc:	b5f0      	push	{r4, r5, r6, r7, lr}
10005ece:	2500      	movs	r5, #0
10005ed0:	4c18      	ldr	r4, [pc, #96]	@ (10005f34 <cdcd_init+0x68>)
10005ed2:	b083      	sub	sp, #12
10005ed4:	22c8      	movs	r2, #200	@ 0xc8
10005ed6:	2100      	movs	r1, #0
10005ed8:	0020      	movs	r0, r4
10005eda:	f7fc fcb1 	bl	10002840 <__wrap_memset>
10005ede:	4b16      	ldr	r3, [pc, #88]	@ (10005f38 <cdcd_init+0x6c>)
10005ee0:	0021      	movs	r1, r4
10005ee2:	701d      	strb	r5, [r3, #0]
10005ee4:	23ff      	movs	r3, #255	@ 0xff
10005ee6:	7163      	strb	r3, [r4, #5]
10005ee8:	23e1      	movs	r3, #225	@ 0xe1
10005eea:	025b      	lsls	r3, r3, #9
10005eec:	60a3      	str	r3, [r4, #8]
10005eee:	0020      	movs	r0, r4
10005ef0:	2308      	movs	r3, #8
10005ef2:	2240      	movs	r2, #64	@ 0x40
10005ef4:	73a3      	strb	r3, [r4, #14]
10005ef6:	3138      	adds	r1, #56	@ 0x38
10005ef8:	9500      	str	r5, [sp, #0]
10005efa:	3b07      	subs	r3, #7
10005efc:	3010      	adds	r0, #16
10005efe:	f000 fc9d 	bl	1000683c <tu_fifo_config>
10005f02:	0027      	movs	r7, r4
10005f04:	2301      	movs	r3, #1
10005f06:	0021      	movs	r1, r4
10005f08:	0020      	movs	r0, r4
10005f0a:	0026      	movs	r6, r4
10005f0c:	2240      	movs	r2, #64	@ 0x40
10005f0e:	3178      	adds	r1, #120	@ 0x78
10005f10:	9300      	str	r3, [sp, #0]
10005f12:	37b8      	adds	r7, #184	@ 0xb8
10005f14:	3024      	adds	r0, #36	@ 0x24
10005f16:	f000 fc91 	bl	1000683c <tu_fifo_config>
10005f1a:	36c0      	adds	r6, #192	@ 0xc0
10005f1c:	0038      	movs	r0, r7
10005f1e:	f7fa fdaf 	bl	10000a80 <mutex_init>
10005f22:	0030      	movs	r0, r6
10005f24:	f7fa fdac 	bl	10000a80 <mutex_init>
10005f28:	61e5      	str	r5, [r4, #28]
10005f2a:	6227      	str	r7, [r4, #32]
10005f2c:	6326      	str	r6, [r4, #48]	@ 0x30
10005f2e:	6365      	str	r5, [r4, #52]	@ 0x34
10005f30:	b003      	add	sp, #12
10005f32:	bdf0      	pop	{r4, r5, r6, r7, pc}
10005f34:	20001670 	.word	0x20001670
10005f38:	2000166c 	.word	0x2000166c

10005f3c <cdcd_deinit>:
10005f3c:	4a0a      	ldr	r2, [pc, #40]	@ (10005f68 <cdcd_deinit+0x2c>)
10005f3e:	6b11      	ldr	r1, [r2, #48]	@ 0x30
10005f40:	6a13      	ldr	r3, [r2, #32]
10005f42:	2900      	cmp	r1, #0
10005f44:	d00c      	beq.n	10005f60 <cdcd_deinit+0x24>
10005f46:	2b00      	cmp	r3, #0
10005f48:	d007      	beq.n	10005f5a <cdcd_deinit+0x1e>
10005f4a:	2300      	movs	r3, #0
10005f4c:	61d3      	str	r3, [r2, #28]
10005f4e:	6353      	str	r3, [r2, #52]	@ 0x34
10005f50:	6313      	str	r3, [r2, #48]	@ 0x30
10005f52:	2300      	movs	r3, #0
10005f54:	6213      	str	r3, [r2, #32]
10005f56:	2001      	movs	r0, #1
10005f58:	4770      	bx	lr
10005f5a:	6353      	str	r3, [r2, #52]	@ 0x34
10005f5c:	6313      	str	r3, [r2, #48]	@ 0x30
10005f5e:	e7fa      	b.n	10005f56 <cdcd_deinit+0x1a>
10005f60:	2b00      	cmp	r3, #0
10005f62:	d0f8      	beq.n	10005f56 <cdcd_deinit+0x1a>
10005f64:	61d1      	str	r1, [r2, #28]
10005f66:	e7f4      	b.n	10005f52 <cdcd_deinit+0x16>
10005f68:	20001670 	.word	0x20001670

10005f6c <cdcd_reset>:
10005f6c:	b570      	push	{r4, r5, r6, lr}
10005f6e:	4c0f      	ldr	r4, [pc, #60]	@ (10005fac <cdcd_reset+0x40>)
10005f70:	2205      	movs	r2, #5
10005f72:	2100      	movs	r1, #0
10005f74:	0020      	movs	r0, r4
10005f76:	f7fc fc63 	bl	10002840 <__wrap_memset>
10005f7a:	4d0d      	ldr	r5, [pc, #52]	@ (10005fb0 <cdcd_reset+0x44>)
10005f7c:	782b      	ldrb	r3, [r5, #0]
10005f7e:	07da      	lsls	r2, r3, #31
10005f80:	d507      	bpl.n	10005f92 <cdcd_reset+0x26>
10005f82:	4c0c      	ldr	r4, [pc, #48]	@ (10005fb4 <cdcd_reset+0x48>)
10005f84:	079b      	lsls	r3, r3, #30
10005f86:	d50c      	bpl.n	10005fa2 <cdcd_reset+0x36>
10005f88:	2101      	movs	r1, #1
10005f8a:	0020      	movs	r0, r4
10005f8c:	f000 feb0 	bl	10006cf0 <tu_fifo_set_overwritable>
10005f90:	bd70      	pop	{r4, r5, r6, pc}
10005f92:	0020      	movs	r0, r4
10005f94:	3010      	adds	r0, #16
10005f96:	f000 fe8b 	bl	10006cb0 <tu_fifo_clear>
10005f9a:	782b      	ldrb	r3, [r5, #0]
10005f9c:	4c05      	ldr	r4, [pc, #20]	@ (10005fb4 <cdcd_reset+0x48>)
10005f9e:	079b      	lsls	r3, r3, #30
10005fa0:	d4f2      	bmi.n	10005f88 <cdcd_reset+0x1c>
10005fa2:	0020      	movs	r0, r4
10005fa4:	f000 fe84 	bl	10006cb0 <tu_fifo_clear>
10005fa8:	e7ee      	b.n	10005f88 <cdcd_reset+0x1c>
10005faa:	46c0      	nop			@ (mov r8, r8)
10005fac:	20001670 	.word	0x20001670
10005fb0:	2000166c 	.word	0x2000166c
10005fb4:	20001694 	.word	0x20001694

10005fb8 <cdcd_open>:
10005fb8:	b5f0      	push	{r4, r5, r6, r7, lr}
10005fba:	794b      	ldrb	r3, [r1, #5]
10005fbc:	0006      	movs	r6, r0
10005fbe:	b083      	sub	sp, #12
10005fc0:	2b02      	cmp	r3, #2
10005fc2:	d102      	bne.n	10005fca <cdcd_open+0x12>
10005fc4:	798b      	ldrb	r3, [r1, #6]
10005fc6:	2b02      	cmp	r3, #2
10005fc8:	d003      	beq.n	10005fd2 <cdcd_open+0x1a>
10005fca:	2500      	movs	r5, #0
10005fcc:	0028      	movs	r0, r5
10005fce:	b003      	add	sp, #12
10005fd0:	bdf0      	pop	{r4, r5, r6, r7, pc}
10005fd2:	4f20      	ldr	r7, [pc, #128]	@ (10006054 <cdcd_open+0x9c>)
10005fd4:	78bb      	ldrb	r3, [r7, #2]
10005fd6:	2b00      	cmp	r3, #0
10005fd8:	d1f7      	bne.n	10005fca <cdcd_open+0x12>
10005fda:	788b      	ldrb	r3, [r1, #2]
10005fdc:	2509      	movs	r5, #9
10005fde:	703b      	strb	r3, [r7, #0]
10005fe0:	780c      	ldrb	r4, [r1, #0]
10005fe2:	190c      	adds	r4, r1, r4
10005fe4:	7863      	ldrb	r3, [r4, #1]
10005fe6:	2b24      	cmp	r3, #36	@ 0x24
10005fe8:	d007      	beq.n	10005ffa <cdcd_open+0x42>
10005fea:	e00c      	b.n	10006006 <cdcd_open+0x4e>
10005fec:	7823      	ldrb	r3, [r4, #0]
10005fee:	18e4      	adds	r4, r4, r3
10005ff0:	195d      	adds	r5, r3, r5
10005ff2:	7863      	ldrb	r3, [r4, #1]
10005ff4:	b2ad      	uxth	r5, r5
10005ff6:	2b24      	cmp	r3, #36	@ 0x24
10005ff8:	d105      	bne.n	10006006 <cdcd_open+0x4e>
10005ffa:	4295      	cmp	r5, r2
10005ffc:	d9f6      	bls.n	10005fec <cdcd_open+0x34>
10005ffe:	2000      	movs	r0, #0
10006000:	f7ff fe66 	bl	10005cd0 <_prep_out_transaction.isra.0>
10006004:	e7e2      	b.n	10005fcc <cdcd_open+0x14>
10006006:	001a      	movs	r2, r3
10006008:	2b05      	cmp	r3, #5
1000600a:	d015      	beq.n	10006038 <cdcd_open+0x80>
1000600c:	2a04      	cmp	r2, #4
1000600e:	d1f6      	bne.n	10005ffe <cdcd_open+0x46>
10006010:	7963      	ldrb	r3, [r4, #5]
10006012:	2b0a      	cmp	r3, #10
10006014:	d1f3      	bne.n	10005ffe <cdcd_open+0x46>
10006016:	4b10      	ldr	r3, [pc, #64]	@ (10006058 <cdcd_open+0xa0>)
10006018:	7827      	ldrb	r7, [r4, #0]
1000601a:	9301      	str	r3, [sp, #4]
1000601c:	3301      	adds	r3, #1
1000601e:	9300      	str	r3, [sp, #0]
10006020:	0030      	movs	r0, r6
10006022:	2302      	movs	r3, #2
10006024:	19e1      	adds	r1, r4, r7
10006026:	3a02      	subs	r2, #2
10006028:	f7ff fc9e 	bl	10005968 <usbd_open_edpt_pair>
1000602c:	2800      	cmp	r0, #0
1000602e:	d0cc      	beq.n	10005fca <cdcd_open+0x12>
10006030:	350e      	adds	r5, #14
10006032:	19ed      	adds	r5, r5, r7
10006034:	b2ad      	uxth	r5, r5
10006036:	e7e2      	b.n	10005ffe <cdcd_open+0x46>
10006038:	0021      	movs	r1, r4
1000603a:	0030      	movs	r0, r6
1000603c:	f7ff fce2 	bl	10005a04 <usbd_edpt_open>
10006040:	2800      	cmp	r0, #0
10006042:	d0c2      	beq.n	10005fca <cdcd_open+0x12>
10006044:	78a3      	ldrb	r3, [r4, #2]
10006046:	707b      	strb	r3, [r7, #1]
10006048:	7823      	ldrb	r3, [r4, #0]
1000604a:	195d      	adds	r5, r3, r5
1000604c:	18e4      	adds	r4, r4, r3
1000604e:	7862      	ldrb	r2, [r4, #1]
10006050:	b2ad      	uxth	r5, r5
10006052:	e7db      	b.n	1000600c <cdcd_open+0x54>
10006054:	20001670 	.word	0x20001670
10006058:	20001672 	.word	0x20001672

1000605c <cdcd_control_xfer_cb>:
1000605c:	b5f8      	push	{r3, r4, r5, r6, r7, lr}
1000605e:	2360      	movs	r3, #96	@ 0x60
10006060:	0014      	movs	r4, r2
10006062:	7812      	ldrb	r2, [r2, #0]
10006064:	0005      	movs	r5, r0
10006066:	4013      	ands	r3, r2
10006068:	2000      	movs	r0, #0
1000606a:	2b20      	cmp	r3, #32
1000606c:	d107      	bne.n	1000607e <cdcd_control_xfer_cb+0x22>
1000606e:	4a30      	ldr	r2, [pc, #192]	@ (10006130 <cdcd_control_xfer_cb+0xd4>)
10006070:	7963      	ldrb	r3, [r4, #5]
10006072:	7927      	ldrb	r7, [r4, #4]
10006074:	7816      	ldrb	r6, [r2, #0]
10006076:	021b      	lsls	r3, r3, #8
10006078:	433b      	orrs	r3, r7
1000607a:	429e      	cmp	r6, r3
1000607c:	d000      	beq.n	10006080 <cdcd_control_xfer_cb+0x24>
1000607e:	bdf8      	pop	{r3, r4, r5, r6, r7, pc}
10006080:	7863      	ldrb	r3, [r4, #1]
10006082:	2b22      	cmp	r3, #34	@ 0x22
10006084:	d01a      	beq.n	100060bc <cdcd_control_xfer_cb+0x60>
10006086:	d807      	bhi.n	10006098 <cdcd_control_xfer_cb+0x3c>
10006088:	2b20      	cmp	r3, #32
1000608a:	d034      	beq.n	100060f6 <cdcd_control_xfer_cb+0x9a>
1000608c:	2b21      	cmp	r3, #33	@ 0x21
1000608e:	d1f6      	bne.n	1000607e <cdcd_control_xfer_cb+0x22>
10006090:	2901      	cmp	r1, #1
10006092:	d03e      	beq.n	10006112 <cdcd_control_xfer_cb+0xb6>
10006094:	2001      	movs	r0, #1
10006096:	e7f2      	b.n	1000607e <cdcd_control_xfer_cb+0x22>
10006098:	2b23      	cmp	r3, #35	@ 0x23
1000609a:	d1f0      	bne.n	1000607e <cdcd_control_xfer_cb+0x22>
1000609c:	2901      	cmp	r1, #1
1000609e:	d040      	beq.n	10006122 <cdcd_control_xfer_cb+0xc6>
100060a0:	2903      	cmp	r1, #3
100060a2:	d1f7      	bne.n	10006094 <cdcd_control_xfer_cb+0x38>
100060a4:	4b23      	ldr	r3, [pc, #140]	@ (10006134 <cdcd_control_xfer_cb+0xd8>)
100060a6:	2b00      	cmp	r3, #0
100060a8:	d0f4      	beq.n	10006094 <cdcd_control_xfer_cb+0x38>
100060aa:	78e1      	ldrb	r1, [r4, #3]
100060ac:	78a3      	ldrb	r3, [r4, #2]
100060ae:	0209      	lsls	r1, r1, #8
100060b0:	2000      	movs	r0, #0
100060b2:	4319      	orrs	r1, r3
100060b4:	e000      	b.n	100060b8 <cdcd_control_xfer_cb+0x5c>
100060b6:	bf00      	nop
100060b8:	2001      	movs	r0, #1
100060ba:	e7e0      	b.n	1000607e <cdcd_control_xfer_cb+0x22>
100060bc:	2901      	cmp	r1, #1
100060be:	d030      	beq.n	10006122 <cdcd_control_xfer_cb+0xc6>
100060c0:	2903      	cmp	r1, #3
100060c2:	d1e7      	bne.n	10006094 <cdcd_control_xfer_cb+0x38>
100060c4:	2501      	movs	r5, #1
100060c6:	002e      	movs	r6, r5
100060c8:	78a3      	ldrb	r3, [r4, #2]
100060ca:	78e4      	ldrb	r4, [r4, #3]
100060cc:	3902      	subs	r1, #2
100060ce:	0224      	lsls	r4, r4, #8
100060d0:	431c      	orrs	r4, r3
100060d2:	7114      	strb	r4, [r2, #4]
100060d4:	4026      	ands	r6, r4
100060d6:	3224      	adds	r2, #36	@ 0x24
100060d8:	0010      	movs	r0, r2
100060da:	4071      	eors	r1, r6
100060dc:	f000 fe08 	bl	10006cf0 <tu_fifo_set_overwritable>
100060e0:	4b15      	ldr	r3, [pc, #84]	@ (10006138 <cdcd_control_xfer_cb+0xdc>)
100060e2:	2b00      	cmp	r3, #0
100060e4:	d0d6      	beq.n	10006094 <cdcd_control_xfer_cb+0x38>
100060e6:	0862      	lsrs	r2, r4, #1
100060e8:	2000      	movs	r0, #0
100060ea:	0031      	movs	r1, r6
100060ec:	402a      	ands	r2, r5
100060ee:	e000      	b.n	100060f2 <cdcd_control_xfer_cb+0x96>
100060f0:	bf00      	nop
100060f2:	2001      	movs	r0, #1
100060f4:	e7c3      	b.n	1000607e <cdcd_control_xfer_cb+0x22>
100060f6:	2901      	cmp	r1, #1
100060f8:	d00b      	beq.n	10006112 <cdcd_control_xfer_cb+0xb6>
100060fa:	2903      	cmp	r1, #3
100060fc:	d1ca      	bne.n	10006094 <cdcd_control_xfer_cb+0x38>
100060fe:	4b0f      	ldr	r3, [pc, #60]	@ (1000613c <cdcd_control_xfer_cb+0xe0>)
10006100:	2b00      	cmp	r3, #0
10006102:	d0c7      	beq.n	10006094 <cdcd_control_xfer_cb+0x38>
10006104:	3208      	adds	r2, #8
10006106:	2000      	movs	r0, #0
10006108:	0011      	movs	r1, r2
1000610a:	f7fe faad 	bl	10004668 <tud_cdc_line_coding_cb>
1000610e:	2001      	movs	r0, #1
10006110:	e7b5      	b.n	1000607e <cdcd_control_xfer_cb+0x22>
10006112:	2307      	movs	r3, #7
10006114:	0021      	movs	r1, r4
10006116:	0028      	movs	r0, r5
10006118:	4a09      	ldr	r2, [pc, #36]	@ (10006140 <cdcd_control_xfer_cb+0xe4>)
1000611a:	f7ff fcf1 	bl	10005b00 <tud_control_xfer>
1000611e:	2001      	movs	r0, #1
10006120:	e7ad      	b.n	1000607e <cdcd_control_xfer_cb+0x22>
10006122:	0021      	movs	r1, r4
10006124:	0028      	movs	r0, r5
10006126:	f7ff fcd5 	bl	10005ad4 <tud_control_status>
1000612a:	2001      	movs	r0, #1
1000612c:	e7a7      	b.n	1000607e <cdcd_control_xfer_cb+0x22>
1000612e:	46c0      	nop			@ (mov r8, r8)
10006130:	20001670 	.word	0x20001670
	...
1000613c:	10004669 	.word	0x10004669
10006140:	20001678 	.word	0x20001678

10006144 <cdcd_xfer_cb>:
10006144:	b5f0      	push	{r4, r5, r6, r7, lr}
10006146:	464f      	mov	r7, r9
10006148:	4646      	mov	r6, r8
1000614a:	46d6      	mov	lr, sl
1000614c:	b5c0      	push	{r6, r7, lr}
1000614e:	4d36      	ldr	r5, [pc, #216]	@ (10006228 <cdcd_xfer_cb+0xe4>)
10006150:	4680      	mov	r8, r0
10006152:	78ea      	ldrb	r2, [r5, #3]
10006154:	000c      	movs	r4, r1
10006156:	001f      	movs	r7, r3
10006158:	428a      	cmp	r2, r1
1000615a:	d03c      	beq.n	100061d6 <cdcd_xfer_cb+0x92>
1000615c:	78ab      	ldrb	r3, [r5, #2]
1000615e:	428b      	cmp	r3, r1
10006160:	d010      	beq.n	10006184 <cdcd_xfer_cb+0x40>
10006162:	2000      	movs	r0, #0
10006164:	bce0      	pop	{r5, r6, r7}
10006166:	46ba      	mov	sl, r7
10006168:	46b1      	mov	r9, r6
1000616a:	46a8      	mov	r8, r5
1000616c:	bdf0      	pop	{r4, r5, r6, r7, pc}
1000616e:	4b2f      	ldr	r3, [pc, #188]	@ (1000622c <cdcd_xfer_cb+0xe8>)
10006170:	2b00      	cmp	r3, #0
10006172:	d004      	beq.n	1000617e <cdcd_xfer_cb+0x3a>
10006174:	482e      	ldr	r0, [pc, #184]	@ (10006230 <cdcd_xfer_cb+0xec>)
10006176:	f000 fbad 	bl	100068d4 <tu_fifo_empty>
1000617a:	2800      	cmp	r0, #0
1000617c:	d051      	beq.n	10006222 <cdcd_xfer_cb+0xde>
1000617e:	2000      	movs	r0, #0
10006180:	f7ff fda6 	bl	10005cd0 <_prep_out_transaction.isra.0>
10006184:	78ab      	ldrb	r3, [r5, #2]
10006186:	42a3      	cmp	r3, r4
10006188:	d001      	beq.n	1000618e <cdcd_xfer_cb+0x4a>
1000618a:	2001      	movs	r0, #1
1000618c:	e7ea      	b.n	10006164 <cdcd_xfer_cb+0x20>
1000618e:	4b29      	ldr	r3, [pc, #164]	@ (10006234 <cdcd_xfer_cb+0xf0>)
10006190:	2b00      	cmp	r3, #0
10006192:	d002      	beq.n	1000619a <cdcd_xfer_cb+0x56>
10006194:	2000      	movs	r0, #0
10006196:	e000      	b.n	1000619a <cdcd_xfer_cb+0x56>
10006198:	bf00      	nop
1000619a:	2000      	movs	r0, #0
1000619c:	f7ff fe32 	bl	10005e04 <tud_cdc_n_write_flush>
100061a0:	2800      	cmp	r0, #0
100061a2:	d1f2      	bne.n	1000618a <cdcd_xfer_cb+0x46>
100061a4:	4c24      	ldr	r4, [pc, #144]	@ (10006238 <cdcd_xfer_cb+0xf4>)
100061a6:	0020      	movs	r0, r4
100061a8:	f000 fb7e 	bl	100068a8 <tu_fifo_count>
100061ac:	2800      	cmp	r0, #0
100061ae:	d1ec      	bne.n	1000618a <cdcd_xfer_cb+0x46>
100061b0:	2f00      	cmp	r7, #0
100061b2:	d0ea      	beq.n	1000618a <cdcd_xfer_cb+0x46>
100061b4:	06bf      	lsls	r7, r7, #26
100061b6:	d1e8      	bne.n	1000618a <cdcd_xfer_cb+0x46>
100061b8:	3c24      	subs	r4, #36	@ 0x24
100061ba:	4640      	mov	r0, r8
100061bc:	78a1      	ldrb	r1, [r4, #2]
100061be:	f7ff fc3b 	bl	10005a38 <usbd_edpt_claim>
100061c2:	2800      	cmp	r0, #0
100061c4:	d0e1      	beq.n	1000618a <cdcd_xfer_cb+0x46>
100061c6:	2300      	movs	r3, #0
100061c8:	2200      	movs	r2, #0
100061ca:	4640      	mov	r0, r8
100061cc:	78a1      	ldrb	r1, [r4, #2]
100061ce:	f7ff fc5b 	bl	10005a88 <usbd_edpt_xfer>
100061d2:	2001      	movs	r0, #1
100061d4:	e7c6      	b.n	10006164 <cdcd_xfer_cb+0x20>
100061d6:	b29a      	uxth	r2, r3
100061d8:	2310      	movs	r3, #16
100061da:	469a      	mov	sl, r3
100061dc:	4e17      	ldr	r6, [pc, #92]	@ (1000623c <cdcd_xfer_cb+0xf8>)
100061de:	44aa      	add	sl, r5
100061e0:	0031      	movs	r1, r6
100061e2:	4650      	mov	r0, sl
100061e4:	f000 fca8 	bl	10006b38 <tu_fifo_write_n>
100061e8:	4b15      	ldr	r3, [pc, #84]	@ (10006240 <cdcd_xfer_cb+0xfc>)
100061ea:	2b00      	cmp	r3, #0
100061ec:	d0bf      	beq.n	1000616e <cdcd_xfer_cb+0x2a>
100061ee:	796b      	ldrb	r3, [r5, #5]
100061f0:	2bff      	cmp	r3, #255	@ 0xff
100061f2:	d0bc      	beq.n	1000616e <cdcd_xfer_cb+0x2a>
100061f4:	2f00      	cmp	r7, #0
100061f6:	d0ba      	beq.n	1000616e <cdcd_xfer_cb+0x2a>
100061f8:	19f2      	adds	r2, r6, r7
100061fa:	4691      	mov	r9, r2
100061fc:	e003      	b.n	10006206 <cdcd_xfer_cb+0xc2>
100061fe:	3601      	adds	r6, #1
10006200:	454e      	cmp	r6, r9
10006202:	d0b4      	beq.n	1000616e <cdcd_xfer_cb+0x2a>
10006204:	796b      	ldrb	r3, [r5, #5]
10006206:	7832      	ldrb	r2, [r6, #0]
10006208:	429a      	cmp	r2, r3
1000620a:	d1f8      	bne.n	100061fe <cdcd_xfer_cb+0xba>
1000620c:	4650      	mov	r0, sl
1000620e:	f000 fb61 	bl	100068d4 <tu_fifo_empty>
10006212:	2800      	cmp	r0, #0
10006214:	d1f3      	bne.n	100061fe <cdcd_xfer_cb+0xba>
10006216:	4653      	mov	r3, sl
10006218:	3b10      	subs	r3, #16
1000621a:	7959      	ldrb	r1, [r3, #5]
1000621c:	e000      	b.n	10006220 <cdcd_xfer_cb+0xdc>
1000621e:	bf00      	nop
10006220:	e7ed      	b.n	100061fe <cdcd_xfer_cb+0xba>
10006222:	e000      	b.n	10006226 <cdcd_xfer_cb+0xe2>
10006224:	bf00      	nop
10006226:	e7aa      	b.n	1000617e <cdcd_xfer_cb+0x3a>
10006228:	20001670 	.word	0x20001670
1000622c:	00000000 	.word	0x00000000
10006230:	20001680 	.word	0x20001680
10006234:	00000000 	.word	0x00000000
10006238:	20001694 	.word	0x20001694
1000623c:	200015ec 	.word	0x200015ec
10006240:	00000000 	.word	0x00000000

10006244 <vendord_init>:
10006244:	2293      	movs	r2, #147	@ 0x93
10006246:	b5f0      	push	{r4, r5, r6, r7, lr}
10006248:	4c13      	ldr	r4, [pc, #76]	@ (10006298 <vendord_init+0x54>)
1000624a:	b085      	sub	sp, #20
1000624c:	2100      	movs	r1, #0
1000624e:	0020      	movs	r0, r4
10006250:	0092      	lsls	r2, r2, #2
10006252:	f7fc faf5 	bl	10002840 <__wrap_memset>
10006256:	0023      	movs	r3, r4
10006258:	0020      	movs	r0, r4
1000625a:	2680      	movs	r6, #128	@ 0x80
1000625c:	2740      	movs	r7, #64	@ 0x40
1000625e:	4d0f      	ldr	r5, [pc, #60]	@ (1000629c <vendord_init+0x58>)
10006260:	334d      	adds	r3, #77	@ 0x4d
10006262:	0076      	lsls	r6, r6, #1
10006264:	33ff      	adds	r3, #255	@ 0xff
10006266:	3029      	adds	r0, #41	@ 0x29
10006268:	9502      	str	r5, [sp, #8]
1000626a:	9300      	str	r3, [sp, #0]
1000626c:	2200      	movs	r2, #0
1000626e:	2300      	movs	r3, #0
10006270:	2100      	movs	r1, #0
10006272:	9703      	str	r7, [sp, #12]
10006274:	9601      	str	r6, [sp, #4]
10006276:	30ff      	adds	r0, #255	@ 0xff
10006278:	f000 f9d4 	bl	10006624 <tu_edpt_stream_init>
1000627c:	3540      	adds	r5, #64	@ 0x40
1000627e:	1d20      	adds	r0, r4, #4
10006280:	3428      	adds	r4, #40	@ 0x28
10006282:	2300      	movs	r3, #0
10006284:	2201      	movs	r2, #1
10006286:	2100      	movs	r1, #0
10006288:	9703      	str	r7, [sp, #12]
1000628a:	9502      	str	r5, [sp, #8]
1000628c:	9601      	str	r6, [sp, #4]
1000628e:	9400      	str	r4, [sp, #0]
10006290:	f000 f9c8 	bl	10006624 <tu_edpt_stream_init>
10006294:	b005      	add	sp, #20
10006296:	bdf0      	pop	{r4, r5, r6, r7, pc}
10006298:	20001934 	.word	0x20001934
1000629c:	200018b4 	.word	0x200018b4

100062a0 <vendord_deinit>:
100062a0:	b510      	push	{r4, lr}
100062a2:	4c05      	ldr	r4, [pc, #20]	@ (100062b8 <vendord_deinit+0x18>)
100062a4:	0020      	movs	r0, r4
100062a6:	f000 f9f3 	bl	10006690 <tu_edpt_stream_deinit>
100062aa:	0020      	movs	r0, r4
100062ac:	3825      	subs	r0, #37	@ 0x25
100062ae:	38ff      	subs	r0, #255	@ 0xff
100062b0:	f000 f9ee 	bl	10006690 <tu_edpt_stream_deinit>
100062b4:	2001      	movs	r0, #1
100062b6:	bd10      	pop	{r4, pc}
100062b8:	20001a5c 	.word	0x20001a5c

100062bc <vendord_reset>:
100062bc:	b570      	push	{r4, r5, r6, lr}
100062be:	4c08      	ldr	r4, [pc, #32]	@ (100062e0 <vendord_reset+0x24>)
100062c0:	2500      	movs	r5, #0
100062c2:	0020      	movs	r0, r4
100062c4:	3031      	adds	r0, #49	@ 0x31
100062c6:	30ff      	adds	r0, #255	@ 0xff
100062c8:	7025      	strb	r5, [r4, #0]
100062ca:	f000 fcf1 	bl	10006cb0 <tu_fifo_clear>
100062ce:	0020      	movs	r0, r4
100062d0:	300c      	adds	r0, #12
100062d2:	f000 fced 	bl	10006cb0 <tu_fifo_clear>
100062d6:	232a      	movs	r3, #42	@ 0x2a
100062d8:	33ff      	adds	r3, #255	@ 0xff
100062da:	54e5      	strb	r5, [r4, r3]
100062dc:	7165      	strb	r5, [r4, #5]
100062de:	bd70      	pop	{r4, r5, r6, pc}
100062e0:	20001934 	.word	0x20001934

100062e4 <vendord_open>:
100062e4:	b5f8      	push	{r3, r4, r5, r6, r7, lr}
100062e6:	4657      	mov	r7, sl
100062e8:	4645      	mov	r5, r8
100062ea:	46de      	mov	lr, fp
100062ec:	464e      	mov	r6, r9
100062ee:	b5e0      	push	{r5, r6, r7, lr}
100062f0:	794b      	ldrb	r3, [r1, #5]
100062f2:	4680      	mov	r8, r0
100062f4:	000f      	movs	r7, r1
100062f6:	2bff      	cmp	r3, #255	@ 0xff
100062f8:	d15b      	bne.n	100063b2 <vendord_open+0xce>
100062fa:	4b40      	ldr	r3, [pc, #256]	@ (100063fc <vendord_open+0x118>)
100062fc:	4699      	mov	r9, r3
100062fe:	232a      	movs	r3, #42	@ 0x2a
10006300:	4649      	mov	r1, r9
10006302:	33ff      	adds	r3, #255	@ 0xff
10006304:	5ccb      	ldrb	r3, [r1, r3]
10006306:	2b00      	cmp	r3, #0
10006308:	d153      	bne.n	100063b2 <vendord_open+0xce>
1000630a:	794e      	ldrb	r6, [r1, #5]
1000630c:	2e00      	cmp	r6, #0
1000630e:	d150      	bne.n	100063b2 <vendord_open+0xce>
10006310:	78bb      	ldrb	r3, [r7, #2]
10006312:	783c      	ldrb	r4, [r7, #0]
10006314:	700b      	strb	r3, [r1, #0]
10006316:	793b      	ldrb	r3, [r7, #4]
10006318:	193c      	adds	r4, r7, r4
1000631a:	2b00      	cmp	r3, #0
1000631c:	d046      	beq.n	100063ac <vendord_open+0xc8>
1000631e:	2398      	movs	r3, #152	@ 0x98
10006320:	005b      	lsls	r3, r3, #1
10006322:	444b      	add	r3, r9
10006324:	469a      	mov	sl, r3
10006326:	230c      	movs	r3, #12
10006328:	444b      	add	r3, r9
1000632a:	469b      	mov	fp, r3
1000632c:	18a5      	adds	r5, r4, r2
1000632e:	e003      	b.n	10006338 <vendord_open+0x54>
10006330:	42ac      	cmp	r4, r5
10006332:	d23b      	bcs.n	100063ac <vendord_open+0xc8>
10006334:	7823      	ldrb	r3, [r4, #0]
10006336:	18e4      	adds	r4, r4, r3
10006338:	7863      	ldrb	r3, [r4, #1]
1000633a:	2b05      	cmp	r3, #5
1000633c:	d1f8      	bne.n	10006330 <vendord_open+0x4c>
1000633e:	42ac      	cmp	r4, r5
10006340:	d234      	bcs.n	100063ac <vendord_open+0xc8>
10006342:	0021      	movs	r1, r4
10006344:	4640      	mov	r0, r8
10006346:	f7ff fb5d 	bl	10005a04 <usbd_edpt_open>
1000634a:	2800      	cmp	r0, #0
1000634c:	d031      	beq.n	100063b2 <vendord_open+0xce>
1000634e:	78a3      	ldrb	r3, [r4, #2]
10006350:	3601      	adds	r6, #1
10006352:	b2f6      	uxtb	r6, r6
10006354:	09db      	lsrs	r3, r3, #7
10006356:	2b01      	cmp	r3, #1
10006358:	d032      	beq.n	100063c0 <vendord_open+0xdc>
1000635a:	4650      	mov	r0, sl
1000635c:	f000 fca8 	bl	10006cb0 <tu_fifo_clear>
10006360:	232a      	movs	r3, #42	@ 0x2a
10006362:	4649      	mov	r1, r9
10006364:	78a2      	ldrb	r2, [r4, #2]
10006366:	33ff      	adds	r3, #255	@ 0xff
10006368:	54ca      	strb	r2, [r1, r3]
1000636a:	7963      	ldrb	r3, [r4, #5]
1000636c:	7922      	ldrb	r2, [r4, #4]
1000636e:	021b      	lsls	r3, r3, #8
10006370:	4313      	orrs	r3, r2
10006372:	4a23      	ldr	r2, [pc, #140]	@ (10006400 <vendord_open+0x11c>)
10006374:	055b      	lsls	r3, r3, #21
10006376:	4694      	mov	ip, r2
10006378:	0d5b      	lsrs	r3, r3, #21
1000637a:	2194      	movs	r1, #148	@ 0x94
1000637c:	4463      	add	r3, ip
1000637e:	425a      	negs	r2, r3
10006380:	4153      	adcs	r3, r2
10006382:	464a      	mov	r2, r9
10006384:	2002      	movs	r0, #2
10006386:	0049      	lsls	r1, r1, #1
10006388:	5c52      	ldrb	r2, [r2, r1]
1000638a:	005b      	lsls	r3, r3, #1
1000638c:	4382      	bics	r2, r0
1000638e:	4313      	orrs	r3, r2
10006390:	464a      	mov	r2, r9
10006392:	5453      	strb	r3, [r2, r1]
10006394:	4651      	mov	r1, sl
10006396:	4640      	mov	r0, r8
10006398:	3908      	subs	r1, #8
1000639a:	f000 f9e3 	bl	10006764 <tu_edpt_stream_read_xfer>
1000639e:	2800      	cmp	r0, #0
100063a0:	d007      	beq.n	100063b2 <vendord_open+0xce>
100063a2:	7823      	ldrb	r3, [r4, #0]
100063a4:	18e4      	adds	r4, r4, r3
100063a6:	793b      	ldrb	r3, [r7, #4]
100063a8:	42b3      	cmp	r3, r6
100063aa:	d8c5      	bhi.n	10006338 <vendord_open+0x54>
100063ac:	1be0      	subs	r0, r4, r7
100063ae:	b280      	uxth	r0, r0
100063b0:	e000      	b.n	100063b4 <vendord_open+0xd0>
100063b2:	2000      	movs	r0, #0
100063b4:	bcf0      	pop	{r4, r5, r6, r7}
100063b6:	46bb      	mov	fp, r7
100063b8:	46b2      	mov	sl, r6
100063ba:	46a9      	mov	r9, r5
100063bc:	46a0      	mov	r8, r4
100063be:	bdf8      	pop	{r3, r4, r5, r6, r7, pc}
100063c0:	4658      	mov	r0, fp
100063c2:	f000 fc75 	bl	10006cb0 <tu_fifo_clear>
100063c6:	465a      	mov	r2, fp
100063c8:	78a3      	ldrb	r3, [r4, #2]
100063ca:	3a0c      	subs	r2, #12
100063cc:	7153      	strb	r3, [r2, #5]
100063ce:	7963      	ldrb	r3, [r4, #5]
100063d0:	7921      	ldrb	r1, [r4, #4]
100063d2:	021b      	lsls	r3, r3, #8
100063d4:	430b      	orrs	r3, r1
100063d6:	490a      	ldr	r1, [pc, #40]	@ (10006400 <vendord_open+0x11c>)
100063d8:	055b      	lsls	r3, r3, #21
100063da:	468c      	mov	ip, r1
100063dc:	0d5b      	lsrs	r3, r3, #21
100063de:	4463      	add	r3, ip
100063e0:	4259      	negs	r1, r3
100063e2:	414b      	adcs	r3, r1
100063e4:	2002      	movs	r0, #2
100063e6:	7911      	ldrb	r1, [r2, #4]
100063e8:	005b      	lsls	r3, r3, #1
100063ea:	4381      	bics	r1, r0
100063ec:	430b      	orrs	r3, r1
100063ee:	4659      	mov	r1, fp
100063f0:	2000      	movs	r0, #0
100063f2:	3908      	subs	r1, #8
100063f4:	7113      	strb	r3, [r2, #4]
100063f6:	f000 f981 	bl	100066fc <tu_edpt_stream_write_xfer>
100063fa:	e7d2      	b.n	100063a2 <vendord_open+0xbe>
100063fc:	20001934 	.word	0x20001934
10006400:	fffffe00 	.word	0xfffffe00

10006404 <vendord_xfer_cb>:
10006404:	b5f8      	push	{r3, r4, r5, r6, r7, lr}
10006406:	252a      	movs	r5, #42	@ 0x2a
10006408:	0006      	movs	r6, r0
1000640a:	481f      	ldr	r0, [pc, #124]	@ (10006488 <vendord_xfer_cb+0x84>)
1000640c:	35ff      	adds	r5, #255	@ 0xff
1000640e:	5d45      	ldrb	r5, [r0, r5]
10006410:	001f      	movs	r7, r3
10006412:	428d      	cmp	r5, r1
10006414:	d015      	beq.n	10006442 <vendord_xfer_cb+0x3e>
10006416:	7943      	ldrb	r3, [r0, #5]
10006418:	428b      	cmp	r3, r1
1000641a:	d001      	beq.n	10006420 <vendord_xfer_cb+0x1c>
1000641c:	2000      	movs	r0, #0
1000641e:	bdf8      	pop	{r3, r4, r5, r6, r7, pc}
10006420:	4b1a      	ldr	r3, [pc, #104]	@ (1000648c <vendord_xfer_cb+0x88>)
10006422:	2b00      	cmp	r3, #0
10006424:	d004      	beq.n	10006430 <vendord_xfer_cb+0x2c>
10006426:	0439      	lsls	r1, r7, #16
10006428:	2000      	movs	r0, #0
1000642a:	0c09      	lsrs	r1, r1, #16
1000642c:	e000      	b.n	10006430 <vendord_xfer_cb+0x2c>
1000642e:	bf00      	nop
10006430:	4c17      	ldr	r4, [pc, #92]	@ (10006490 <vendord_xfer_cb+0x8c>)
10006432:	0030      	movs	r0, r6
10006434:	0021      	movs	r1, r4
10006436:	f000 f961 	bl	100066fc <tu_edpt_stream_write_xfer>
1000643a:	2800      	cmp	r0, #0
1000643c:	d01d      	beq.n	1000647a <vendord_xfer_cb+0x76>
1000643e:	2001      	movs	r0, #1
10006440:	e7ed      	b.n	1000641e <vendord_xfer_cb+0x1a>
10006442:	239a      	movs	r3, #154	@ 0x9a
10006444:	005b      	lsls	r3, r3, #1
10006446:	5ac3      	ldrh	r3, [r0, r3]
10006448:	2b00      	cmp	r3, #0
1000644a:	d10d      	bne.n	10006468 <vendord_xfer_cb+0x64>
1000644c:	4b11      	ldr	r3, [pc, #68]	@ (10006494 <vendord_xfer_cb+0x90>)
1000644e:	2b00      	cmp	r3, #0
10006450:	d004      	beq.n	1000645c <vendord_xfer_cb+0x58>
10006452:	2000      	movs	r0, #0
10006454:	4910      	ldr	r1, [pc, #64]	@ (10006498 <vendord_xfer_cb+0x94>)
10006456:	b2ba      	uxth	r2, r7
10006458:	e000      	b.n	1000645c <vendord_xfer_cb+0x58>
1000645a:	bf00      	nop
1000645c:	0030      	movs	r0, r6
1000645e:	490f      	ldr	r1, [pc, #60]	@ (1000649c <vendord_xfer_cb+0x98>)
10006460:	f000 f980 	bl	10006764 <tu_edpt_stream_read_xfer>
10006464:	2001      	movs	r0, #1
10006466:	e7da      	b.n	1000641e <vendord_xfer_cb+0x1a>
10006468:	2396      	movs	r3, #150	@ 0x96
1000646a:	005b      	lsls	r3, r3, #1
1000646c:	58c1      	ldr	r1, [r0, r3]
1000646e:	3031      	adds	r0, #49	@ 0x31
10006470:	b2ba      	uxth	r2, r7
10006472:	30ff      	adds	r0, #255	@ 0xff
10006474:	f000 fb60 	bl	10006b38 <tu_fifo_write_n>
10006478:	e7e8      	b.n	1000644c <vendord_xfer_cb+0x48>
1000647a:	003a      	movs	r2, r7
1000647c:	0021      	movs	r1, r4
1000647e:	0030      	movs	r0, r6
10006480:	f000 f908 	bl	10006694 <tu_edpt_stream_write_zlp_if_needed>
10006484:	2001      	movs	r0, #1
10006486:	e7ca      	b.n	1000641e <vendord_xfer_cb+0x1a>
10006488:	20001934 	.word	0x20001934
1000648c:	00000000 	.word	0x00000000
10006490:	20001938 	.word	0x20001938
10006494:	00000000 	.word	0x00000000
10006498:	200018b4 	.word	0x200018b4
1000649c:	20001a5c 	.word	0x20001a5c

100064a0 <tusb_rhport_init>:
100064a0:	b500      	push	{lr}
100064a2:	0003      	movs	r3, r0
100064a4:	b083      	sub	sp, #12
100064a6:	2900      	cmp	r1, #0
100064a8:	d010      	beq.n	100064cc <tusb_rhport_init+0x2c>
100064aa:	2000      	movs	r0, #0
100064ac:	2b01      	cmp	r3, #1
100064ae:	d807      	bhi.n	100064c0 <tusb_rhport_init+0x20>
100064b0:	780a      	ldrb	r2, [r1, #0]
100064b2:	2a00      	cmp	r2, #0
100064b4:	d004      	beq.n	100064c0 <tusb_rhport_init+0x20>
100064b6:	480c      	ldr	r0, [pc, #48]	@ (100064e8 <tusb_rhport_init+0x48>)
100064b8:	54c2      	strb	r2, [r0, r3]
100064ba:	2001      	movs	r0, #1
100064bc:	2a01      	cmp	r2, #1
100064be:	d001      	beq.n	100064c4 <tusb_rhport_init+0x24>
100064c0:	b003      	add	sp, #12
100064c2:	bd00      	pop	{pc}
100064c4:	0018      	movs	r0, r3
100064c6:	f7fe fdd5 	bl	10005074 <tud_rhport_init>
100064ca:	e7f9      	b.n	100064c0 <tusb_rhport_init+0x20>
100064cc:	2301      	movs	r3, #1
100064ce:	466a      	mov	r2, sp
100064d0:	2000      	movs	r0, #0
100064d2:	a901      	add	r1, sp, #4
100064d4:	8093      	strh	r3, [r2, #4]
100064d6:	f7fe fdcd 	bl	10005074 <tud_rhport_init>
100064da:	2800      	cmp	r0, #0
100064dc:	d0f0      	beq.n	100064c0 <tusb_rhport_init+0x20>
100064de:	2201      	movs	r2, #1
100064e0:	4b01      	ldr	r3, [pc, #4]	@ (100064e8 <tusb_rhport_init+0x48>)
100064e2:	701a      	strb	r2, [r3, #0]
100064e4:	e7ec      	b.n	100064c0 <tusb_rhport_init+0x20>
100064e6:	46c0      	nop			@ (mov r8, r8)
100064e8:	2000178c 	.word	0x2000178c

100064ec <tu_edpt_claim>:
100064ec:	7803      	ldrb	r3, [r0, #0]
100064ee:	b570      	push	{r4, r5, r6, lr}
100064f0:	07db      	lsls	r3, r3, #31
100064f2:	0004      	movs	r4, r0
100064f4:	000e      	movs	r6, r1
100064f6:	0fdd      	lsrs	r5, r3, #31
100064f8:	2b00      	cmp	r3, #0
100064fa:	d117      	bne.n	1000652c <tu_edpt_claim+0x40>
100064fc:	7803      	ldrb	r3, [r0, #0]
100064fe:	075b      	lsls	r3, r3, #29
10006500:	d501      	bpl.n	10006506 <tu_edpt_claim+0x1a>
10006502:	0028      	movs	r0, r5
10006504:	bd70      	pop	{r4, r5, r6, pc}
10006506:	2101      	movs	r1, #1
10006508:	0030      	movs	r0, r6
1000650a:	4249      	negs	r1, r1
1000650c:	f000 fcd8 	bl	10006ec0 <__mutex_enter_timeout_ms_veneer>
10006510:	7823      	ldrb	r3, [r4, #0]
10006512:	07db      	lsls	r3, r3, #31
10006514:	0fdd      	lsrs	r5, r3, #31
10006516:	2b00      	cmp	r3, #0
10006518:	d10a      	bne.n	10006530 <tu_edpt_claim+0x44>
1000651a:	7823      	ldrb	r3, [r4, #0]
1000651c:	075b      	lsls	r3, r3, #29
1000651e:	d408      	bmi.n	10006532 <tu_edpt_claim+0x46>
10006520:	2204      	movs	r2, #4
10006522:	7823      	ldrb	r3, [r4, #0]
10006524:	2501      	movs	r5, #1
10006526:	4313      	orrs	r3, r2
10006528:	7023      	strb	r3, [r4, #0]
1000652a:	e002      	b.n	10006532 <tu_edpt_claim+0x46>
1000652c:	2500      	movs	r5, #0
1000652e:	e7e8      	b.n	10006502 <tu_edpt_claim+0x16>
10006530:	2500      	movs	r5, #0
10006532:	0030      	movs	r0, r6
10006534:	f000 fc9c 	bl	10006e70 <__mutex_exit_veneer>
10006538:	e7e3      	b.n	10006502 <tu_edpt_claim+0x16>
1000653a:	46c0      	nop			@ (mov r8, r8)

1000653c <tu_edpt_release>:
1000653c:	b570      	push	{r4, r5, r6, lr}
1000653e:	000c      	movs	r4, r1
10006540:	2101      	movs	r1, #1
10006542:	0006      	movs	r6, r0
10006544:	4249      	negs	r1, r1
10006546:	0020      	movs	r0, r4
10006548:	f000 fcba 	bl	10006ec0 <__mutex_enter_timeout_ms_veneer>
1000654c:	7833      	ldrb	r3, [r6, #0]
1000654e:	075b      	lsls	r3, r3, #29
10006550:	0fdd      	lsrs	r5, r3, #31
10006552:	2b00      	cmp	r3, #0
10006554:	db04      	blt.n	10006560 <tu_edpt_release+0x24>
10006556:	0020      	movs	r0, r4
10006558:	f000 fc8a 	bl	10006e70 <__mutex_exit_veneer>
1000655c:	0028      	movs	r0, r5
1000655e:	bd70      	pop	{r4, r5, r6, pc}
10006560:	7833      	ldrb	r3, [r6, #0]
10006562:	07db      	lsls	r3, r3, #31
10006564:	d404      	bmi.n	10006570 <tu_edpt_release+0x34>
10006566:	2204      	movs	r2, #4
10006568:	7833      	ldrb	r3, [r6, #0]
1000656a:	4393      	bics	r3, r2
1000656c:	7033      	strb	r3, [r6, #0]
1000656e:	e7f2      	b.n	10006556 <tu_edpt_release+0x1a>
10006570:	2500      	movs	r5, #0
10006572:	e7f0      	b.n	10006556 <tu_edpt_release+0x1a>

10006574 <tu_edpt_validate>:
10006574:	7943      	ldrb	r3, [r0, #5]
10006576:	7902      	ldrb	r2, [r0, #4]
10006578:	021b      	lsls	r3, r3, #8
1000657a:	4313      	orrs	r3, r2
1000657c:	78c2      	ldrb	r2, [r0, #3]
1000657e:	055b      	lsls	r3, r3, #21
10006580:	0792      	lsls	r2, r2, #30
10006582:	0d5b      	lsrs	r3, r3, #21
10006584:	0f92      	lsrs	r2, r2, #30
10006586:	2a02      	cmp	r2, #2
10006588:	d01d      	beq.n	100065c6 <tu_edpt_validate+0x52>
1000658a:	2a03      	cmp	r2, #3
1000658c:	d00c      	beq.n	100065a8 <tu_edpt_validate+0x34>
1000658e:	2000      	movs	r0, #0
10006590:	2a01      	cmp	r2, #1
10006592:	d108      	bne.n	100065a6 <tu_edpt_validate+0x32>
10006594:	3902      	subs	r1, #2
10006596:	424a      	negs	r2, r1
10006598:	4151      	adcs	r1, r2
1000659a:	4a12      	ldr	r2, [pc, #72]	@ (100065e4 <tu_edpt_validate+0x70>)
1000659c:	4694      	mov	ip, r2
1000659e:	4461      	add	r1, ip
100065a0:	4299      	cmp	r1, r3
100065a2:	4140      	adcs	r0, r0
100065a4:	b2c0      	uxtb	r0, r0
100065a6:	4770      	bx	lr
100065a8:	3902      	subs	r1, #2
100065aa:	1e4a      	subs	r2, r1, #1
100065ac:	4191      	sbcs	r1, r2
100065ae:	4a0e      	ldr	r2, [pc, #56]	@ (100065e8 <tu_edpt_validate+0x74>)
100065b0:	4249      	negs	r1, r1
100065b2:	4011      	ands	r1, r2
100065b4:	2280      	movs	r2, #128	@ 0x80
100065b6:	00d2      	lsls	r2, r2, #3
100065b8:	4694      	mov	ip, r2
100065ba:	2000      	movs	r0, #0
100065bc:	4461      	add	r1, ip
100065be:	4299      	cmp	r1, r3
100065c0:	4140      	adcs	r0, r0
100065c2:	b2c0      	uxtb	r0, r0
100065c4:	e7ef      	b.n	100065a6 <tu_edpt_validate+0x32>
100065c6:	2902      	cmp	r1, #2
100065c8:	d005      	beq.n	100065d6 <tu_edpt_validate+0x62>
100065ca:	2000      	movs	r0, #0
100065cc:	2240      	movs	r2, #64	@ 0x40
100065ce:	429a      	cmp	r2, r3
100065d0:	4140      	adcs	r0, r0
100065d2:	b2c0      	uxtb	r0, r0
100065d4:	e7e7      	b.n	100065a6 <tu_edpt_validate+0x32>
100065d6:	4a05      	ldr	r2, [pc, #20]	@ (100065ec <tu_edpt_validate+0x78>)
100065d8:	1898      	adds	r0, r3, r2
100065da:	4243      	negs	r3, r0
100065dc:	4158      	adcs	r0, r3
100065de:	b2c0      	uxtb	r0, r0
100065e0:	e7e1      	b.n	100065a6 <tu_edpt_validate+0x32>
100065e2:	46c0      	nop			@ (mov r8, r8)
100065e4:	000003ff 	.word	0x000003ff
100065e8:	fffffc40 	.word	0xfffffc40
100065ec:	fffffe00 	.word	0xfffffe00

100065f0 <tu_edpt_bind_driver>:
100065f0:	188a      	adds	r2, r1, r2
100065f2:	b570      	push	{r4, r5, r6, lr}
100065f4:	4291      	cmp	r1, r2
100065f6:	d207      	bcs.n	10006608 <tu_edpt_bind_driver+0x18>
100065f8:	267f      	movs	r6, #127	@ 0x7f
100065fa:	784c      	ldrb	r4, [r1, #1]
100065fc:	2c05      	cmp	r4, #5
100065fe:	d004      	beq.n	1000660a <tu_edpt_bind_driver+0x1a>
10006600:	780c      	ldrb	r4, [r1, #0]
10006602:	1909      	adds	r1, r1, r4
10006604:	428a      	cmp	r2, r1
10006606:	d8f8      	bhi.n	100065fa <tu_edpt_bind_driver+0xa>
10006608:	bd70      	pop	{r4, r5, r6, pc}
1000660a:	0034      	movs	r4, r6
1000660c:	788d      	ldrb	r5, [r1, #2]
1000660e:	402c      	ands	r4, r5
10006610:	0064      	lsls	r4, r4, #1
10006612:	1904      	adds	r4, r0, r4
10006614:	09ed      	lsrs	r5, r5, #7
10006616:	5563      	strb	r3, [r4, r5]
10006618:	780c      	ldrb	r4, [r1, #0]
1000661a:	1909      	adds	r1, r1, r4
1000661c:	428a      	cmp	r2, r1
1000661e:	d8ec      	bhi.n	100065fa <tu_edpt_bind_driver+0xa>
10006620:	e7f2      	b.n	10006608 <tu_edpt_bind_driver+0x18>
10006622:	46c0      	nop			@ (mov r8, r8)

10006624 <tu_edpt_stream_init>:
10006624:	b5f0      	push	{r4, r5, r6, r7, lr}
10006626:	46c6      	mov	lr, r8
10006628:	b500      	push	{lr}
1000662a:	b082      	sub	sp, #8
1000662c:	0015      	movs	r5, r2
1000662e:	aa08      	add	r2, sp, #32
10006630:	ca40      	ldmia	r2!, {r6}
10006632:	0004      	movs	r4, r0
10006634:	8817      	ldrh	r7, [r2, #0]
10006636:	466a      	mov	r2, sp
10006638:	8d92      	ldrh	r2, [r2, #44]	@ 0x2c
1000663a:	2001      	movs	r0, #1
1000663c:	4690      	mov	r8, r2
1000663e:	000a      	movs	r2, r1
10006640:	7821      	ldrb	r1, [r4, #0]
10006642:	4002      	ands	r2, r0
10006644:	4381      	bics	r1, r0
10006646:	0020      	movs	r0, r4
10006648:	4311      	orrs	r1, r2
1000664a:	7021      	strb	r1, [r4, #0]
1000664c:	003a      	movs	r2, r7
1000664e:	9300      	str	r3, [sp, #0]
10006650:	0031      	movs	r1, r6
10006652:	2301      	movs	r3, #1
10006654:	3008      	adds	r0, #8
10006656:	f000 f8f1 	bl	1000683c <tu_fifo_config>
1000665a:	2e00      	cmp	r6, #0
1000665c:	d001      	beq.n	10006662 <tu_edpt_stream_init+0x3e>
1000665e:	2f00      	cmp	r7, #0
10006660:	d108      	bne.n	10006674 <tu_edpt_stream_init+0x50>
10006662:	9b0a      	ldr	r3, [sp, #40]	@ 0x28
10006664:	2001      	movs	r0, #1
10006666:	6063      	str	r3, [r4, #4]
10006668:	4643      	mov	r3, r8
1000666a:	8063      	strh	r3, [r4, #2]
1000666c:	b002      	add	sp, #8
1000666e:	bc80      	pop	{r7}
10006670:	46b8      	mov	r8, r7
10006672:	bdf0      	pop	{r4, r5, r6, r7, pc}
10006674:	0026      	movs	r6, r4
10006676:	361c      	adds	r6, #28
10006678:	0030      	movs	r0, r6
1000667a:	f7fa fa01 	bl	10000a80 <mutex_init>
1000667e:	2300      	movs	r3, #0
10006680:	2d00      	cmp	r5, #0
10006682:	d001      	beq.n	10006688 <tu_edpt_stream_init+0x64>
10006684:	0033      	movs	r3, r6
10006686:	2600      	movs	r6, #0
10006688:	6163      	str	r3, [r4, #20]
1000668a:	61a6      	str	r6, [r4, #24]
1000668c:	e7e9      	b.n	10006662 <tu_edpt_stream_init+0x3e>
1000668e:	46c0      	nop			@ (mov r8, r8)

10006690 <tu_edpt_stream_deinit>:
10006690:	2001      	movs	r0, #1
10006692:	4770      	bx	lr

10006694 <tu_edpt_stream_write_zlp_if_needed>:
10006694:	b5f8      	push	{r3, r4, r5, r6, r7, lr}
10006696:	2402      	movs	r4, #2
10006698:	780b      	ldrb	r3, [r1, #0]
1000669a:	0007      	movs	r7, r0
1000669c:	401c      	ands	r4, r3
1000669e:	4263      	negs	r3, r4
100066a0:	415c      	adcs	r4, r3
100066a2:	4b14      	ldr	r3, [pc, #80]	@ (100066f4 <tu_edpt_stream_write_zlp_if_needed+0x60>)
100066a4:	4264      	negs	r4, r4
100066a6:	401c      	ands	r4, r3
100066a8:	4b13      	ldr	r3, [pc, #76]	@ (100066f8 <tu_edpt_stream_write_zlp_if_needed+0x64>)
100066aa:	0008      	movs	r0, r1
100066ac:	469c      	mov	ip, r3
100066ae:	3008      	adds	r0, #8
100066b0:	000d      	movs	r5, r1
100066b2:	0016      	movs	r6, r2
100066b4:	4464      	add	r4, ip
100066b6:	f000 f8f7 	bl	100068a8 <tu_fifo_count>
100066ba:	2800      	cmp	r0, #0
100066bc:	d107      	bne.n	100066ce <tu_edpt_stream_write_zlp_if_needed+0x3a>
100066be:	2e00      	cmp	r6, #0
100066c0:	d005      	beq.n	100066ce <tu_edpt_stream_write_zlp_if_needed+0x3a>
100066c2:	4234      	tst	r4, r6
100066c4:	d103      	bne.n	100066ce <tu_edpt_stream_write_zlp_if_needed+0x3a>
100066c6:	2401      	movs	r4, #1
100066c8:	782b      	ldrb	r3, [r5, #0]
100066ca:	421c      	tst	r4, r3
100066cc:	d001      	beq.n	100066d2 <tu_edpt_stream_write_zlp_if_needed+0x3e>
100066ce:	2000      	movs	r0, #0
100066d0:	bdf8      	pop	{r3, r4, r5, r6, r7, pc}
100066d2:	0038      	movs	r0, r7
100066d4:	7869      	ldrb	r1, [r5, #1]
100066d6:	f7ff f9af 	bl	10005a38 <usbd_edpt_claim>
100066da:	2800      	cmp	r0, #0
100066dc:	d0f7      	beq.n	100066ce <tu_edpt_stream_write_zlp_if_needed+0x3a>
100066de:	782b      	ldrb	r3, [r5, #0]
100066e0:	421c      	tst	r4, r3
100066e2:	d1f4      	bne.n	100066ce <tu_edpt_stream_write_zlp_if_needed+0x3a>
100066e4:	2300      	movs	r3, #0
100066e6:	2200      	movs	r2, #0
100066e8:	0038      	movs	r0, r7
100066ea:	7869      	ldrb	r1, [r5, #1]
100066ec:	f7ff f9cc 	bl	10005a88 <usbd_edpt_xfer>
100066f0:	e7ee      	b.n	100066d0 <tu_edpt_stream_write_zlp_if_needed+0x3c>
100066f2:	46c0      	nop			@ (mov r8, r8)
100066f4:	fffffe40 	.word	0xfffffe40
100066f8:	000001ff 	.word	0x000001ff

100066fc <tu_edpt_stream_write_xfer>:
100066fc:	b5f8      	push	{r3, r4, r5, r6, r7, lr}
100066fe:	000d      	movs	r5, r1
10006700:	3508      	adds	r5, #8
10006702:	0006      	movs	r6, r0
10006704:	0028      	movs	r0, r5
10006706:	000c      	movs	r4, r1
10006708:	f000 f8ce 	bl	100068a8 <tu_fifo_count>
1000670c:	2800      	cmp	r0, #0
1000670e:	d003      	beq.n	10006718 <tu_edpt_stream_write_xfer+0x1c>
10006710:	2701      	movs	r7, #1
10006712:	7823      	ldrb	r3, [r4, #0]
10006714:	421f      	tst	r7, r3
10006716:	d001      	beq.n	1000671c <tu_edpt_stream_write_xfer+0x20>
10006718:	2000      	movs	r0, #0
1000671a:	bdf8      	pop	{r3, r4, r5, r6, r7, pc}
1000671c:	0030      	movs	r0, r6
1000671e:	7861      	ldrb	r1, [r4, #1]
10006720:	f7ff f98a 	bl	10005a38 <usbd_edpt_claim>
10006724:	2800      	cmp	r0, #0
10006726:	d0f7      	beq.n	10006718 <tu_edpt_stream_write_xfer+0x1c>
10006728:	0028      	movs	r0, r5
1000672a:	8862      	ldrh	r2, [r4, #2]
1000672c:	6861      	ldr	r1, [r4, #4]
1000672e:	f000 f93d 	bl	100069ac <tu_fifo_read_n>
10006732:	7823      	ldrb	r3, [r4, #0]
10006734:	0005      	movs	r5, r0
10006736:	401f      	ands	r7, r3
10006738:	2800      	cmp	r0, #0
1000673a:	d00b      	beq.n	10006754 <tu_edpt_stream_write_xfer+0x58>
1000673c:	2f00      	cmp	r7, #0
1000673e:	d1eb      	bne.n	10006718 <tu_edpt_stream_write_xfer+0x1c>
10006740:	0003      	movs	r3, r0
10006742:	6862      	ldr	r2, [r4, #4]
10006744:	0030      	movs	r0, r6
10006746:	7861      	ldrb	r1, [r4, #1]
10006748:	f7ff f99e 	bl	10005a88 <usbd_edpt_xfer>
1000674c:	2800      	cmp	r0, #0
1000674e:	d0e3      	beq.n	10006718 <tu_edpt_stream_write_xfer+0x1c>
10006750:	0028      	movs	r0, r5
10006752:	e7e2      	b.n	1000671a <tu_edpt_stream_write_xfer+0x1e>
10006754:	2f00      	cmp	r7, #0
10006756:	d1df      	bne.n	10006718 <tu_edpt_stream_write_xfer+0x1c>
10006758:	0030      	movs	r0, r6
1000675a:	7861      	ldrb	r1, [r4, #1]
1000675c:	f7ff f980 	bl	10005a60 <usbd_edpt_release>
10006760:	e7da      	b.n	10006718 <tu_edpt_stream_write_xfer+0x1c>
10006762:	46c0      	nop			@ (mov r8, r8)

10006764 <tu_edpt_stream_read_xfer>:
10006764:	b5f8      	push	{r3, r4, r5, r6, r7, lr}
10006766:	46ce      	mov	lr, r9
10006768:	4647      	mov	r7, r8
1000676a:	b580      	push	{r7, lr}
1000676c:	898a      	ldrh	r2, [r1, #12]
1000676e:	0006      	movs	r6, r0
10006770:	000c      	movs	r4, r1
10006772:	780b      	ldrb	r3, [r1, #0]
10006774:	2a00      	cmp	r2, #0
10006776:	d107      	bne.n	10006788 <tu_edpt_stream_read_xfer+0x24>
10006778:	2501      	movs	r5, #1
1000677a:	421d      	tst	r5, r3
1000677c:	d040      	beq.n	10006800 <tu_edpt_stream_read_xfer+0x9c>
1000677e:	2000      	movs	r0, #0
10006780:	bcc0      	pop	{r6, r7}
10006782:	46b9      	mov	r9, r7
10006784:	46b0      	mov	r8, r6
10006786:	bdf8      	pop	{r3, r4, r5, r6, r7, pc}
10006788:	079b      	lsls	r3, r3, #30
1000678a:	d433      	bmi.n	100067f4 <tu_edpt_stream_read_xfer+0x90>
1000678c:	4b2a      	ldr	r3, [pc, #168]	@ (10006838 <tu_edpt_stream_read_xfer+0xd4>)
1000678e:	2540      	movs	r5, #64	@ 0x40
10006790:	4699      	mov	r9, r3
10006792:	0027      	movs	r7, r4
10006794:	3708      	adds	r7, #8
10006796:	0038      	movs	r0, r7
10006798:	f000 f8a4 	bl	100068e4 <tu_fifo_remaining>
1000679c:	4285      	cmp	r5, r0
1000679e:	d8ee      	bhi.n	1000677e <tu_edpt_stream_read_xfer+0x1a>
100067a0:	2201      	movs	r2, #1
100067a2:	7823      	ldrb	r3, [r4, #0]
100067a4:	4690      	mov	r8, r2
100067a6:	421a      	tst	r2, r3
100067a8:	d1e9      	bne.n	1000677e <tu_edpt_stream_read_xfer+0x1a>
100067aa:	0030      	movs	r0, r6
100067ac:	7861      	ldrb	r1, [r4, #1]
100067ae:	f7ff f943 	bl	10005a38 <usbd_edpt_claim>
100067b2:	2800      	cmp	r0, #0
100067b4:	d0e3      	beq.n	1000677e <tu_edpt_stream_read_xfer+0x1a>
100067b6:	0038      	movs	r0, r7
100067b8:	f000 f894 	bl	100068e4 <tu_fifo_remaining>
100067bc:	4642      	mov	r2, r8
100067be:	7823      	ldrb	r3, [r4, #0]
100067c0:	401a      	ands	r2, r3
100067c2:	4285      	cmp	r5, r0
100067c4:	d831      	bhi.n	1000682a <tu_edpt_stream_read_xfer+0xc6>
100067c6:	2a00      	cmp	r2, #0
100067c8:	d1d9      	bne.n	1000677e <tu_edpt_stream_read_xfer+0x1a>
100067ca:	464a      	mov	r2, r9
100067cc:	8863      	ldrh	r3, [r4, #2]
100067ce:	4002      	ands	r2, r0
100067d0:	1c1d      	adds	r5, r3, #0
100067d2:	4293      	cmp	r3, r2
100067d4:	d900      	bls.n	100067d8 <tu_edpt_stream_read_xfer+0x74>
100067d6:	1c15      	adds	r5, r2, #0
100067d8:	b2ad      	uxth	r5, r5
100067da:	2200      	movs	r2, #0
100067dc:	7861      	ldrb	r1, [r4, #1]
100067de:	2d00      	cmp	r5, #0
100067e0:	d000      	beq.n	100067e4 <tu_edpt_stream_read_xfer+0x80>
100067e2:	6862      	ldr	r2, [r4, #4]
100067e4:	002b      	movs	r3, r5
100067e6:	0030      	movs	r0, r6
100067e8:	f7ff f94e 	bl	10005a88 <usbd_edpt_xfer>
100067ec:	2800      	cmp	r0, #0
100067ee:	d0c6      	beq.n	1000677e <tu_edpt_stream_read_xfer+0x1a>
100067f0:	0028      	movs	r0, r5
100067f2:	e7c5      	b.n	10006780 <tu_edpt_stream_read_xfer+0x1c>
100067f4:	23fe      	movs	r3, #254	@ 0xfe
100067f6:	2580      	movs	r5, #128	@ 0x80
100067f8:	021b      	lsls	r3, r3, #8
100067fa:	4699      	mov	r9, r3
100067fc:	00ad      	lsls	r5, r5, #2
100067fe:	e7c8      	b.n	10006792 <tu_edpt_stream_read_xfer+0x2e>
10006800:	7849      	ldrb	r1, [r1, #1]
10006802:	f7ff f919 	bl	10005a38 <usbd_edpt_claim>
10006806:	2800      	cmp	r0, #0
10006808:	d0b9      	beq.n	1000677e <tu_edpt_stream_read_xfer+0x1a>
1000680a:	7823      	ldrb	r3, [r4, #0]
1000680c:	421d      	tst	r5, r3
1000680e:	d1b6      	bne.n	1000677e <tu_edpt_stream_read_xfer+0x1a>
10006810:	8863      	ldrh	r3, [r4, #2]
10006812:	2200      	movs	r2, #0
10006814:	7861      	ldrb	r1, [r4, #1]
10006816:	2b00      	cmp	r3, #0
10006818:	d000      	beq.n	1000681c <tu_edpt_stream_read_xfer+0xb8>
1000681a:	6862      	ldr	r2, [r4, #4]
1000681c:	0030      	movs	r0, r6
1000681e:	f7ff f933 	bl	10005a88 <usbd_edpt_xfer>
10006822:	2800      	cmp	r0, #0
10006824:	d0ab      	beq.n	1000677e <tu_edpt_stream_read_xfer+0x1a>
10006826:	8860      	ldrh	r0, [r4, #2]
10006828:	e7aa      	b.n	10006780 <tu_edpt_stream_read_xfer+0x1c>
1000682a:	2a00      	cmp	r2, #0
1000682c:	d1a7      	bne.n	1000677e <tu_edpt_stream_read_xfer+0x1a>
1000682e:	0030      	movs	r0, r6
10006830:	7861      	ldrb	r1, [r4, #1]
10006832:	f7ff f915 	bl	10005a60 <usbd_edpt_release>
10006836:	e7a2      	b.n	1000677e <tu_edpt_stream_read_xfer+0x1a>
10006838:	0000ffc0 	.word	0x0000ffc0

1000683c <tu_fifo_config>:
1000683c:	b5f0      	push	{r4, r5, r6, r7, lr}
1000683e:	46c6      	mov	lr, r8
10006840:	b500      	push	{lr}
10006842:	0004      	movs	r4, r0
10006844:	4668      	mov	r0, sp
10006846:	7e05      	ldrb	r5, [r0, #24]
10006848:	2080      	movs	r0, #128	@ 0x80
1000684a:	4688      	mov	r8, r1
1000684c:	0017      	movs	r7, r2
1000684e:	001e      	movs	r6, r3
10006850:	0200      	lsls	r0, r0, #8
10006852:	4282      	cmp	r2, r0
10006854:	d826      	bhi.n	100068a4 <tu_fifo_config+0x68>
10006856:	68e0      	ldr	r0, [r4, #12]
10006858:	2800      	cmp	r0, #0
1000685a:	d003      	beq.n	10006864 <tu_fifo_config+0x28>
1000685c:	2101      	movs	r1, #1
1000685e:	4249      	negs	r1, r1
10006860:	f000 fb2e 	bl	10006ec0 <__mutex_enter_timeout_ms_veneer>
10006864:	6920      	ldr	r0, [r4, #16]
10006866:	2800      	cmp	r0, #0
10006868:	d003      	beq.n	10006872 <tu_fifo_config+0x36>
1000686a:	2101      	movs	r1, #1
1000686c:	4249      	negs	r1, r1
1000686e:	f000 fb27 	bl	10006ec0 <__mutex_enter_timeout_ms_veneer>
10006872:	4643      	mov	r3, r8
10006874:	6023      	str	r3, [r4, #0]
10006876:	0473      	lsls	r3, r6, #17
10006878:	0c5b      	lsrs	r3, r3, #17
1000687a:	03ed      	lsls	r5, r5, #15
1000687c:	431d      	orrs	r5, r3
1000687e:	2300      	movs	r3, #0
10006880:	68e0      	ldr	r0, [r4, #12]
10006882:	8163      	strh	r3, [r4, #10]
10006884:	80a7      	strh	r7, [r4, #4]
10006886:	80e5      	strh	r5, [r4, #6]
10006888:	8123      	strh	r3, [r4, #8]
1000688a:	2800      	cmp	r0, #0
1000688c:	d001      	beq.n	10006892 <tu_fifo_config+0x56>
1000688e:	f000 faef 	bl	10006e70 <__mutex_exit_veneer>
10006892:	6920      	ldr	r0, [r4, #16]
10006894:	2800      	cmp	r0, #0
10006896:	d001      	beq.n	1000689c <tu_fifo_config+0x60>
10006898:	f000 faea 	bl	10006e70 <__mutex_exit_veneer>
1000689c:	2001      	movs	r0, #1
1000689e:	bc80      	pop	{r7}
100068a0:	46b8      	mov	r8, r7
100068a2:	bdf0      	pop	{r4, r5, r6, r7, pc}
100068a4:	2000      	movs	r0, #0
100068a6:	e7fa      	b.n	1000689e <tu_fifo_config+0x62>

100068a8 <tu_fifo_count>:
100068a8:	b510      	push	{r4, lr}
100068aa:	8904      	ldrh	r4, [r0, #8]
100068ac:	8941      	ldrh	r1, [r0, #10]
100068ae:	8882      	ldrh	r2, [r0, #4]
100068b0:	b2a3      	uxth	r3, r4
100068b2:	b288      	uxth	r0, r1
100068b4:	428c      	cmp	r4, r1
100068b6:	d307      	bcc.n	100068c8 <tu_fifo_count+0x20>
100068b8:	1a1b      	subs	r3, r3, r0
100068ba:	b29b      	uxth	r3, r3
100068bc:	1c10      	adds	r0, r2, #0
100068be:	429a      	cmp	r2, r3
100068c0:	d900      	bls.n	100068c4 <tu_fifo_count+0x1c>
100068c2:	1c18      	adds	r0, r3, #0
100068c4:	b280      	uxth	r0, r0
100068c6:	bd10      	pop	{r4, pc}
100068c8:	0051      	lsls	r1, r2, #1
100068ca:	1a09      	subs	r1, r1, r0
100068cc:	185b      	adds	r3, r3, r1
100068ce:	b29b      	uxth	r3, r3
100068d0:	e7f4      	b.n	100068bc <tu_fifo_count+0x14>
100068d2:	46c0      	nop			@ (mov r8, r8)

100068d4 <tu_fifo_empty>:
100068d4:	8903      	ldrh	r3, [r0, #8]
100068d6:	8940      	ldrh	r0, [r0, #10]
100068d8:	1a18      	subs	r0, r3, r0
100068da:	4243      	negs	r3, r0
100068dc:	4158      	adcs	r0, r3
100068de:	b2c0      	uxtb	r0, r0
100068e0:	4770      	bx	lr
100068e2:	46c0      	nop			@ (mov r8, r8)

100068e4 <tu_fifo_remaining>:
100068e4:	b510      	push	{r4, lr}
100068e6:	8904      	ldrh	r4, [r0, #8]
100068e8:	8941      	ldrh	r1, [r0, #10]
100068ea:	8882      	ldrh	r2, [r0, #4]
100068ec:	b2a3      	uxth	r3, r4
100068ee:	b288      	uxth	r0, r1
100068f0:	428c      	cmp	r4, r1
100068f2:	d307      	bcc.n	10006904 <tu_fifo_remaining+0x20>
100068f4:	1a1b      	subs	r3, r3, r0
100068f6:	b29b      	uxth	r3, r3
100068f8:	2000      	movs	r0, #0
100068fa:	429a      	cmp	r2, r3
100068fc:	d901      	bls.n	10006902 <tu_fifo_remaining+0x1e>
100068fe:	1ad2      	subs	r2, r2, r3
10006900:	b290      	uxth	r0, r2
10006902:	bd10      	pop	{r4, pc}
10006904:	0051      	lsls	r1, r2, #1
10006906:	1a09      	subs	r1, r1, r0
10006908:	185b      	adds	r3, r3, r1
1000690a:	b29b      	uxth	r3, r3
1000690c:	e7f4      	b.n	100068f8 <tu_fifo_remaining+0x14>
1000690e:	46c0      	nop			@ (mov r8, r8)

10006910 <tu_fifo_read>:
10006910:	b570      	push	{r4, r5, r6, lr}
10006912:	0004      	movs	r4, r0
10006914:	6900      	ldr	r0, [r0, #16]
10006916:	000e      	movs	r6, r1
10006918:	2800      	cmp	r0, #0
1000691a:	d003      	beq.n	10006924 <tu_fifo_read+0x14>
1000691c:	2101      	movs	r1, #1
1000691e:	4249      	negs	r1, r1
10006920:	f000 face 	bl	10006ec0 <__mutex_enter_timeout_ms_veneer>
10006924:	8925      	ldrh	r5, [r4, #8]
10006926:	8960      	ldrh	r0, [r4, #10]
10006928:	88a2      	ldrh	r2, [r4, #4]
1000692a:	b2a9      	uxth	r1, r5
1000692c:	b283      	uxth	r3, r0
1000692e:	4285      	cmp	r5, r0
10006930:	d332      	bcc.n	10006998 <tu_fifo_read+0x88>
10006932:	1acd      	subs	r5, r1, r3
10006934:	b2ad      	uxth	r5, r5
10006936:	2d00      	cmp	r5, #0
10006938:	d028      	beq.n	1000698c <tu_fifo_read+0x7c>
1000693a:	42aa      	cmp	r2, r5
1000693c:	d208      	bcs.n	10006950 <tu_fifo_read+0x40>
1000693e:	4291      	cmp	r1, r2
10006940:	d32f      	bcc.n	100069a2 <tu_fifo_read+0x92>
10006942:	1a89      	subs	r1, r1, r2
10006944:	b28b      	uxth	r3, r1
10006946:	8163      	strh	r3, [r4, #10]
10006948:	429a      	cmp	r2, r3
1000694a:	d803      	bhi.n	10006954 <tu_fifo_read+0x44>
1000694c:	1a9b      	subs	r3, r3, r2
1000694e:	b29b      	uxth	r3, r3
10006950:	429a      	cmp	r2, r3
10006952:	d9fb      	bls.n	1000694c <tu_fifo_read+0x3c>
10006954:	88e2      	ldrh	r2, [r4, #6]
10006956:	6821      	ldr	r1, [r4, #0]
10006958:	0452      	lsls	r2, r2, #17
1000695a:	0c52      	lsrs	r2, r2, #17
1000695c:	4353      	muls	r3, r2
1000695e:	0030      	movs	r0, r6
10006960:	18c9      	adds	r1, r1, r3
10006962:	f7fb ff73 	bl	1000284c <__wrap___aeabi_memcpy>
10006966:	8963      	ldrh	r3, [r4, #10]
10006968:	2501      	movs	r5, #1
1000696a:	1c59      	adds	r1, r3, #1
1000696c:	b289      	uxth	r1, r1
1000696e:	88a2      	ldrh	r2, [r4, #4]
10006970:	428b      	cmp	r3, r1
10006972:	d90d      	bls.n	10006990 <tu_fifo_read+0x80>
10006974:	2100      	movs	r1, #0
10006976:	0052      	lsls	r2, r2, #1
10006978:	1a89      	subs	r1, r1, r2
1000697a:	b289      	uxth	r1, r1
1000697c:	6920      	ldr	r0, [r4, #16]
1000697e:	8161      	strh	r1, [r4, #10]
10006980:	2800      	cmp	r0, #0
10006982:	d001      	beq.n	10006988 <tu_fifo_read+0x78>
10006984:	f000 fa74 	bl	10006e70 <__mutex_exit_veneer>
10006988:	0028      	movs	r0, r5
1000698a:	bd70      	pop	{r4, r5, r6, pc}
1000698c:	8961      	ldrh	r1, [r4, #10]
1000698e:	b289      	uxth	r1, r1
10006990:	0052      	lsls	r2, r2, #1
10006992:	4291      	cmp	r1, r2
10006994:	dbf2      	blt.n	1000697c <tu_fifo_read+0x6c>
10006996:	e7ef      	b.n	10006978 <tu_fifo_read+0x68>
10006998:	0055      	lsls	r5, r2, #1
1000699a:	1aed      	subs	r5, r5, r3
1000699c:	194d      	adds	r5, r1, r5
1000699e:	b2ad      	uxth	r5, r5
100069a0:	e7c9      	b.n	10006936 <tu_fifo_read+0x26>
100069a2:	1889      	adds	r1, r1, r2
100069a4:	b28b      	uxth	r3, r1
100069a6:	8163      	strh	r3, [r4, #10]
100069a8:	e7ce      	b.n	10006948 <tu_fifo_read+0x38>
100069aa:	46c0      	nop			@ (mov r8, r8)

100069ac <tu_fifo_read_n>:
100069ac:	b5f0      	push	{r4, r5, r6, r7, lr}
100069ae:	4646      	mov	r6, r8
100069b0:	464f      	mov	r7, r9
100069b2:	46d6      	mov	lr, sl
100069b4:	b5c0      	push	{r6, r7, lr}
100069b6:	0006      	movs	r6, r0
100069b8:	6900      	ldr	r0, [r0, #16]
100069ba:	4689      	mov	r9, r1
100069bc:	4690      	mov	r8, r2
100069be:	2800      	cmp	r0, #0
100069c0:	d003      	beq.n	100069ca <tu_fifo_read_n+0x1e>
100069c2:	2101      	movs	r1, #1
100069c4:	4249      	negs	r1, r1
100069c6:	f000 fa7b 	bl	10006ec0 <__mutex_enter_timeout_ms_veneer>
100069ca:	8931      	ldrh	r1, [r6, #8]
100069cc:	8972      	ldrh	r2, [r6, #10]
100069ce:	88b5      	ldrh	r5, [r6, #4]
100069d0:	b28b      	uxth	r3, r1
100069d2:	b294      	uxth	r4, r2
100069d4:	4291      	cmp	r1, r2
100069d6:	d354      	bcc.n	10006a82 <tu_fifo_read_n+0xd6>
100069d8:	1b1f      	subs	r7, r3, r4
100069da:	b2bf      	uxth	r7, r7
100069dc:	2f00      	cmp	r7, #0
100069de:	d04a      	beq.n	10006a76 <tu_fifo_read_n+0xca>
100069e0:	42bd      	cmp	r5, r7
100069e2:	d205      	bcs.n	100069f0 <tu_fifo_read_n+0x44>
100069e4:	42ab      	cmp	r3, r5
100069e6:	d251      	bcs.n	10006a8c <tu_fifo_read_n+0xe0>
100069e8:	195b      	adds	r3, r3, r5
100069ea:	b29c      	uxth	r4, r3
100069ec:	002f      	movs	r7, r5
100069ee:	8174      	strh	r4, [r6, #10]
100069f0:	4643      	mov	r3, r8
100069f2:	45b8      	cmp	r8, r7
100069f4:	d83d      	bhi.n	10006a72 <tu_fifo_read_n+0xc6>
100069f6:	b29f      	uxth	r7, r3
100069f8:	42a5      	cmp	r5, r4
100069fa:	d803      	bhi.n	10006a04 <tu_fifo_read_n+0x58>
100069fc:	1b64      	subs	r4, r4, r5
100069fe:	b2a4      	uxth	r4, r4
10006a00:	42a5      	cmp	r5, r4
10006a02:	d9fb      	bls.n	100069fc <tu_fifo_read_n+0x50>
10006a04:	88f2      	ldrh	r2, [r6, #6]
10006a06:	6831      	ldr	r1, [r6, #0]
10006a08:	0452      	lsls	r2, r2, #17
10006a0a:	0c52      	lsrs	r2, r2, #17
10006a0c:	4690      	mov	r8, r2
10006a0e:	4362      	muls	r2, r4
10006a10:	1b2b      	subs	r3, r5, r4
10006a12:	b29b      	uxth	r3, r3
10006a14:	1889      	adds	r1, r1, r2
10006a16:	4642      	mov	r2, r8
10006a18:	429f      	cmp	r7, r3
10006a1a:	d925      	bls.n	10006a68 <tu_fifo_read_n+0xbc>
10006a1c:	4353      	muls	r3, r2
10006a1e:	b29b      	uxth	r3, r3
10006a20:	001a      	movs	r2, r3
10006a22:	4648      	mov	r0, r9
10006a24:	469a      	mov	sl, r3
10006a26:	f7fb ff11 	bl	1000284c <__wrap___aeabi_memcpy>
10006a2a:	4643      	mov	r3, r8
10006a2c:	4648      	mov	r0, r9
10006a2e:	1b7d      	subs	r5, r7, r5
10006a30:	1964      	adds	r4, r4, r5
10006a32:	435c      	muls	r4, r3
10006a34:	6831      	ldr	r1, [r6, #0]
10006a36:	4450      	add	r0, sl
10006a38:	b2a2      	uxth	r2, r4
10006a3a:	f7fb ff07 	bl	1000284c <__wrap___aeabi_memcpy>
10006a3e:	8971      	ldrh	r1, [r6, #10]
10006a40:	88b5      	ldrh	r5, [r6, #4]
10006a42:	19cb      	adds	r3, r1, r7
10006a44:	b29b      	uxth	r3, r3
10006a46:	006a      	lsls	r2, r5, #1
10006a48:	4299      	cmp	r1, r3
10006a4a:	d916      	bls.n	10006a7a <tu_fifo_read_n+0xce>
10006a4c:	1a9b      	subs	r3, r3, r2
10006a4e:	b29b      	uxth	r3, r3
10006a50:	6930      	ldr	r0, [r6, #16]
10006a52:	8173      	strh	r3, [r6, #10]
10006a54:	2800      	cmp	r0, #0
10006a56:	d001      	beq.n	10006a5c <tu_fifo_read_n+0xb0>
10006a58:	f000 fa0a 	bl	10006e70 <__mutex_exit_veneer>
10006a5c:	0038      	movs	r0, r7
10006a5e:	bce0      	pop	{r5, r6, r7}
10006a60:	46ba      	mov	sl, r7
10006a62:	46b1      	mov	r9, r6
10006a64:	46a8      	mov	r8, r5
10006a66:	bdf0      	pop	{r4, r5, r6, r7, pc}
10006a68:	4648      	mov	r0, r9
10006a6a:	437a      	muls	r2, r7
10006a6c:	f7fb feee 	bl	1000284c <__wrap___aeabi_memcpy>
10006a70:	e7e5      	b.n	10006a3e <tu_fifo_read_n+0x92>
10006a72:	1c3b      	adds	r3, r7, #0
10006a74:	e7bf      	b.n	100069f6 <tu_fifo_read_n+0x4a>
10006a76:	8973      	ldrh	r3, [r6, #10]
10006a78:	b29b      	uxth	r3, r3
10006a7a:	006a      	lsls	r2, r5, #1
10006a7c:	4293      	cmp	r3, r2
10006a7e:	dbe7      	blt.n	10006a50 <tu_fifo_read_n+0xa4>
10006a80:	e7e4      	b.n	10006a4c <tu_fifo_read_n+0xa0>
10006a82:	006f      	lsls	r7, r5, #1
10006a84:	1b3f      	subs	r7, r7, r4
10006a86:	19df      	adds	r7, r3, r7
10006a88:	b2bf      	uxth	r7, r7
10006a8a:	e7a7      	b.n	100069dc <tu_fifo_read_n+0x30>
10006a8c:	1b5b      	subs	r3, r3, r5
10006a8e:	b29c      	uxth	r4, r3
10006a90:	e7ac      	b.n	100069ec <tu_fifo_read_n+0x40>
10006a92:	46c0      	nop			@ (mov r8, r8)

10006a94 <tu_fifo_write>:
10006a94:	b5f8      	push	{r3, r4, r5, r6, r7, lr}
10006a96:	0004      	movs	r4, r0
10006a98:	68c0      	ldr	r0, [r0, #12]
10006a9a:	000e      	movs	r6, r1
10006a9c:	2800      	cmp	r0, #0
10006a9e:	d003      	beq.n	10006aa8 <tu_fifo_write+0x14>
10006aa0:	2101      	movs	r1, #1
10006aa2:	4249      	negs	r1, r1
10006aa4:	f000 fa0c 	bl	10006ec0 <__mutex_enter_timeout_ms_veneer>
10006aa8:	8925      	ldrh	r5, [r4, #8]
10006aaa:	8920      	ldrh	r0, [r4, #8]
10006aac:	8961      	ldrh	r1, [r4, #10]
10006aae:	88a2      	ldrh	r2, [r4, #4]
10006ab0:	b2ad      	uxth	r5, r5
10006ab2:	b283      	uxth	r3, r0
10006ab4:	b28f      	uxth	r7, r1
10006ab6:	4288      	cmp	r0, r1
10006ab8:	d329      	bcc.n	10006b0e <tu_fifo_write+0x7a>
10006aba:	1bdb      	subs	r3, r3, r7
10006abc:	b29b      	uxth	r3, r3
10006abe:	429a      	cmp	r2, r3
10006ac0:	d809      	bhi.n	10006ad6 <tu_fifo_write+0x42>
10006ac2:	79e7      	ldrb	r7, [r4, #7]
10006ac4:	09ff      	lsrs	r7, r7, #7
10006ac6:	d106      	bne.n	10006ad6 <tu_fifo_write+0x42>
10006ac8:	68e0      	ldr	r0, [r4, #12]
10006aca:	2800      	cmp	r0, #0
10006acc:	d001      	beq.n	10006ad2 <tu_fifo_write+0x3e>
10006ace:	f000 f9cf 	bl	10006e70 <__mutex_exit_veneer>
10006ad2:	0038      	movs	r0, r7
10006ad4:	bdf8      	pop	{r3, r4, r5, r6, r7, pc}
10006ad6:	002b      	movs	r3, r5
10006ad8:	4295      	cmp	r5, r2
10006ada:	d31d      	bcc.n	10006b18 <tu_fifo_write+0x84>
10006adc:	1a9b      	subs	r3, r3, r2
10006ade:	b29b      	uxth	r3, r3
10006ae0:	4293      	cmp	r3, r2
10006ae2:	d2fb      	bcs.n	10006adc <tu_fifo_write+0x48>
10006ae4:	88e2      	ldrh	r2, [r4, #6]
10006ae6:	6820      	ldr	r0, [r4, #0]
10006ae8:	0452      	lsls	r2, r2, #17
10006aea:	0c52      	lsrs	r2, r2, #17
10006aec:	4353      	muls	r3, r2
10006aee:	0031      	movs	r1, r6
10006af0:	18c0      	adds	r0, r0, r3
10006af2:	f7fb feab 	bl	1000284c <__wrap___aeabi_memcpy>
10006af6:	1c6b      	adds	r3, r5, #1
10006af8:	b29b      	uxth	r3, r3
10006afa:	88a2      	ldrh	r2, [r4, #4]
10006afc:	429d      	cmp	r5, r3
10006afe:	d917      	bls.n	10006b30 <tu_fifo_write+0x9c>
10006b00:	2300      	movs	r3, #0
10006b02:	0052      	lsls	r2, r2, #1
10006b04:	1a9b      	subs	r3, r3, r2
10006b06:	b29b      	uxth	r3, r3
10006b08:	2701      	movs	r7, #1
10006b0a:	8123      	strh	r3, [r4, #8]
10006b0c:	e7dc      	b.n	10006ac8 <tu_fifo_write+0x34>
10006b0e:	0051      	lsls	r1, r2, #1
10006b10:	1bc9      	subs	r1, r1, r7
10006b12:	185b      	adds	r3, r3, r1
10006b14:	b29b      	uxth	r3, r3
10006b16:	e7d2      	b.n	10006abe <tu_fifo_write+0x2a>
10006b18:	88e2      	ldrh	r2, [r4, #6]
10006b1a:	6820      	ldr	r0, [r4, #0]
10006b1c:	0452      	lsls	r2, r2, #17
10006b1e:	0c52      	lsrs	r2, r2, #17
10006b20:	4353      	muls	r3, r2
10006b22:	0031      	movs	r1, r6
10006b24:	18c0      	adds	r0, r0, r3
10006b26:	f7fb fe91 	bl	1000284c <__wrap___aeabi_memcpy>
10006b2a:	3501      	adds	r5, #1
10006b2c:	88a2      	ldrh	r2, [r4, #4]
10006b2e:	b2ab      	uxth	r3, r5
10006b30:	0052      	lsls	r2, r2, #1
10006b32:	4293      	cmp	r3, r2
10006b34:	dbe8      	blt.n	10006b08 <tu_fifo_write+0x74>
10006b36:	e7e5      	b.n	10006b04 <tu_fifo_write+0x70>

10006b38 <tu_fifo_write_n>:
10006b38:	b5f0      	push	{r4, r5, r6, r7, lr}
10006b3a:	464e      	mov	r6, r9
10006b3c:	4657      	mov	r7, sl
10006b3e:	46de      	mov	lr, fp
10006b40:	4645      	mov	r5, r8
10006b42:	b5e0      	push	{r5, r6, r7, lr}
10006b44:	4689      	mov	r9, r1
10006b46:	0006      	movs	r6, r0
10006b48:	0017      	movs	r7, r2
10006b4a:	b083      	sub	sp, #12
10006b4c:	2a00      	cmp	r2, #0
10006b4e:	d067      	beq.n	10006c20 <tu_fifo_write_n+0xe8>
10006b50:	68c0      	ldr	r0, [r0, #12]
10006b52:	2800      	cmp	r0, #0
10006b54:	d003      	beq.n	10006b5e <tu_fifo_write_n+0x26>
10006b56:	2101      	movs	r1, #1
10006b58:	4249      	negs	r1, r1
10006b5a:	f000 f9b1 	bl	10006ec0 <__mutex_enter_timeout_ms_veneer>
10006b5e:	8933      	ldrh	r3, [r6, #8]
10006b60:	79f2      	ldrb	r2, [r6, #7]
10006b62:	b29b      	uxth	r3, r3
10006b64:	4698      	mov	r8, r3
10006b66:	8973      	ldrh	r3, [r6, #10]
10006b68:	88b5      	ldrh	r5, [r6, #4]
10006b6a:	b29b      	uxth	r3, r3
10006b6c:	09d2      	lsrs	r2, r2, #7
10006b6e:	d140      	bne.n	10006bf2 <tu_fifo_write_n+0xba>
10006b70:	4598      	cmp	r8, r3
10006b72:	d25e      	bcs.n	10006c32 <tu_fifo_write_n+0xfa>
10006b74:	006a      	lsls	r2, r5, #1
10006b76:	1ad3      	subs	r3, r2, r3
10006b78:	4443      	add	r3, r8
10006b7a:	b29b      	uxth	r3, r3
10006b7c:	42ab      	cmp	r3, r5
10006b7e:	d25d      	bcs.n	10006c3c <tu_fifo_write_n+0x104>
10006b80:	1aeb      	subs	r3, r5, r3
10006b82:	1c1a      	adds	r2, r3, #0
10006b84:	b29b      	uxth	r3, r3
10006b86:	42bb      	cmp	r3, r7
10006b88:	d900      	bls.n	10006b8c <tu_fifo_write_n+0x54>
10006b8a:	1c3a      	adds	r2, r7, #0
10006b8c:	b297      	uxth	r7, r2
10006b8e:	1b7b      	subs	r3, r7, r5
10006b90:	b29b      	uxth	r3, r3
10006b92:	9301      	str	r3, [sp, #4]
10006b94:	88f3      	ldrh	r3, [r6, #6]
10006b96:	045b      	lsls	r3, r3, #17
10006b98:	0c5b      	lsrs	r3, r3, #17
10006b9a:	469a      	mov	sl, r3
10006b9c:	4643      	mov	r3, r8
10006b9e:	19db      	adds	r3, r3, r7
10006ba0:	b29b      	uxth	r3, r3
10006ba2:	469b      	mov	fp, r3
10006ba4:	4644      	mov	r4, r8
10006ba6:	45a8      	cmp	r8, r5
10006ba8:	d303      	bcc.n	10006bb2 <tu_fifo_write_n+0x7a>
10006baa:	1b64      	subs	r4, r4, r5
10006bac:	b2a4      	uxth	r4, r4
10006bae:	42ac      	cmp	r4, r5
10006bb0:	d2fb      	bcs.n	10006baa <tu_fifo_write_n+0x72>
10006bb2:	4653      	mov	r3, sl
10006bb4:	4363      	muls	r3, r4
10006bb6:	6830      	ldr	r0, [r6, #0]
10006bb8:	1b2d      	subs	r5, r5, r4
10006bba:	b2ad      	uxth	r5, r5
10006bbc:	18c0      	adds	r0, r0, r3
10006bbe:	42bd      	cmp	r5, r7
10006bc0:	d34b      	bcc.n	10006c5a <tu_fifo_write_n+0x122>
10006bc2:	4652      	mov	r2, sl
10006bc4:	4649      	mov	r1, r9
10006bc6:	437a      	muls	r2, r7
10006bc8:	f7fb fe40 	bl	1000284c <__wrap___aeabi_memcpy>
10006bcc:	88b3      	ldrh	r3, [r6, #4]
10006bce:	005b      	lsls	r3, r3, #1
10006bd0:	45d8      	cmp	r8, fp
10006bd2:	d801      	bhi.n	10006bd8 <tu_fifo_write_n+0xa0>
10006bd4:	459b      	cmp	fp, r3
10006bd6:	db03      	blt.n	10006be0 <tu_fifo_write_n+0xa8>
10006bd8:	465a      	mov	r2, fp
10006bda:	1ad3      	subs	r3, r2, r3
10006bdc:	b29b      	uxth	r3, r3
10006bde:	469b      	mov	fp, r3
10006be0:	465b      	mov	r3, fp
10006be2:	003d      	movs	r5, r7
10006be4:	8133      	strh	r3, [r6, #8]
10006be6:	68f0      	ldr	r0, [r6, #12]
10006be8:	2800      	cmp	r0, #0
10006bea:	d01a      	beq.n	10006c22 <tu_fifo_write_n+0xea>
10006bec:	f000 f940 	bl	10006e70 <__mutex_exit_veneer>
10006bf0:	e017      	b.n	10006c22 <tu_fifo_write_n+0xea>
10006bf2:	88f2      	ldrh	r2, [r6, #6]
10006bf4:	0452      	lsls	r2, r2, #17
10006bf6:	0c52      	lsrs	r2, r2, #17
10006bf8:	4692      	mov	sl, r2
10006bfa:	42af      	cmp	r7, r5
10006bfc:	d220      	bcs.n	10006c40 <tu_fifo_write_n+0x108>
10006bfe:	4598      	cmp	r8, r3
10006c00:	d34d      	bcc.n	10006c9e <tu_fifo_write_n+0x166>
10006c02:	4642      	mov	r2, r8
10006c04:	1ad2      	subs	r2, r2, r3
10006c06:	b292      	uxth	r2, r2
10006c08:	0069      	lsls	r1, r5, #1
10006c0a:	1b78      	subs	r0, r7, r5
10006c0c:	b280      	uxth	r0, r0
10006c0e:	19d2      	adds	r2, r2, r7
10006c10:	9001      	str	r0, [sp, #4]
10006c12:	428a      	cmp	r2, r1
10006c14:	da33      	bge.n	10006c7e <tu_fifo_write_n+0x146>
10006c16:	4643      	mov	r3, r8
10006c18:	18fb      	adds	r3, r7, r3
10006c1a:	b29b      	uxth	r3, r3
10006c1c:	469b      	mov	fp, r3
10006c1e:	e7c1      	b.n	10006ba4 <tu_fifo_write_n+0x6c>
10006c20:	2500      	movs	r5, #0
10006c22:	0028      	movs	r0, r5
10006c24:	b003      	add	sp, #12
10006c26:	bcf0      	pop	{r4, r5, r6, r7}
10006c28:	46bb      	mov	fp, r7
10006c2a:	46b2      	mov	sl, r6
10006c2c:	46a9      	mov	r9, r5
10006c2e:	46a0      	mov	r8, r4
10006c30:	bdf0      	pop	{r4, r5, r6, r7, pc}
10006c32:	4642      	mov	r2, r8
10006c34:	1ad3      	subs	r3, r2, r3
10006c36:	b29b      	uxth	r3, r3
10006c38:	42ab      	cmp	r3, r5
10006c3a:	d3a1      	bcc.n	10006b80 <tu_fifo_write_n+0x48>
10006c3c:	2500      	movs	r5, #0
10006c3e:	e7d2      	b.n	10006be6 <tu_fifo_write_n+0xae>
10006c40:	2d00      	cmp	r5, #0
10006c42:	d0d0      	beq.n	10006be6 <tu_fifo_write_n+0xae>
10006c44:	1b7f      	subs	r7, r7, r5
10006c46:	4357      	muls	r7, r2
10006c48:	4698      	mov	r8, r3
10006c4a:	195a      	adds	r2, r3, r5
10006c4c:	2300      	movs	r3, #0
10006c4e:	b292      	uxth	r2, r2
10006c50:	44b9      	add	r9, r7
10006c52:	4693      	mov	fp, r2
10006c54:	002f      	movs	r7, r5
10006c56:	9301      	str	r3, [sp, #4]
10006c58:	e7a4      	b.n	10006ba4 <tu_fifo_write_n+0x6c>
10006c5a:	4653      	mov	r3, sl
10006c5c:	435d      	muls	r5, r3
10006c5e:	b2ad      	uxth	r5, r5
10006c60:	002a      	movs	r2, r5
10006c62:	4649      	mov	r1, r9
10006c64:	f7fb fdf2 	bl	1000284c <__wrap___aeabi_memcpy>
10006c68:	9b01      	ldr	r3, [sp, #4]
10006c6a:	0029      	movs	r1, r5
10006c6c:	18e2      	adds	r2, r4, r3
10006c6e:	4653      	mov	r3, sl
10006c70:	435a      	muls	r2, r3
10006c72:	6830      	ldr	r0, [r6, #0]
10006c74:	b292      	uxth	r2, r2
10006c76:	4449      	add	r1, r9
10006c78:	f7fb fde8 	bl	1000284c <__wrap___aeabi_memcpy>
10006c7c:	e7a6      	b.n	10006bcc <tu_fifo_write_n+0x94>
10006c7e:	195a      	adds	r2, r3, r5
10006c80:	b292      	uxth	r2, r2
10006c82:	4693      	mov	fp, r2
10006c84:	1bd2      	subs	r2, r2, r7
10006c86:	b292      	uxth	r2, r2
10006c88:	4690      	mov	r8, r2
10006c8a:	4293      	cmp	r3, r2
10006c8c:	d90c      	bls.n	10006ca8 <tu_fifo_write_n+0x170>
10006c8e:	4643      	mov	r3, r8
10006c90:	1a59      	subs	r1, r3, r1
10006c92:	b28b      	uxth	r3, r1
10006c94:	4698      	mov	r8, r3
10006c96:	18fb      	adds	r3, r7, r3
10006c98:	b29b      	uxth	r3, r3
10006c9a:	469b      	mov	fp, r3
10006c9c:	e782      	b.n	10006ba4 <tu_fifo_write_n+0x6c>
10006c9e:	0069      	lsls	r1, r5, #1
10006ca0:	1aca      	subs	r2, r1, r3
10006ca2:	4442      	add	r2, r8
10006ca4:	b292      	uxth	r2, r2
10006ca6:	e7b0      	b.n	10006c0a <tu_fifo_write_n+0xd2>
10006ca8:	4291      	cmp	r1, r2
10006caa:	dd00      	ble.n	10006cae <tu_fifo_write_n+0x176>
10006cac:	e77a      	b.n	10006ba4 <tu_fifo_write_n+0x6c>
10006cae:	e7ee      	b.n	10006c8e <tu_fifo_write_n+0x156>

10006cb0 <tu_fifo_clear>:
10006cb0:	b510      	push	{r4, lr}
10006cb2:	0004      	movs	r4, r0
10006cb4:	68c0      	ldr	r0, [r0, #12]
10006cb6:	2800      	cmp	r0, #0
10006cb8:	d003      	beq.n	10006cc2 <tu_fifo_clear+0x12>
10006cba:	2101      	movs	r1, #1
10006cbc:	4249      	negs	r1, r1
10006cbe:	f000 f8ff 	bl	10006ec0 <__mutex_enter_timeout_ms_veneer>
10006cc2:	6920      	ldr	r0, [r4, #16]
10006cc4:	2800      	cmp	r0, #0
10006cc6:	d003      	beq.n	10006cd0 <tu_fifo_clear+0x20>
10006cc8:	2101      	movs	r1, #1
10006cca:	4249      	negs	r1, r1
10006ccc:	f000 f8f8 	bl	10006ec0 <__mutex_enter_timeout_ms_veneer>
10006cd0:	2300      	movs	r3, #0
10006cd2:	68e0      	ldr	r0, [r4, #12]
10006cd4:	8163      	strh	r3, [r4, #10]
10006cd6:	8123      	strh	r3, [r4, #8]
10006cd8:	2800      	cmp	r0, #0
10006cda:	d001      	beq.n	10006ce0 <tu_fifo_clear+0x30>
10006cdc:	f000 f8c8 	bl	10006e70 <__mutex_exit_veneer>
10006ce0:	6920      	ldr	r0, [r4, #16]
10006ce2:	2800      	cmp	r0, #0
10006ce4:	d001      	beq.n	10006cea <tu_fifo_clear+0x3a>
10006ce6:	f000 f8c3 	bl	10006e70 <__mutex_exit_veneer>
10006cea:	2001      	movs	r0, #1
10006cec:	bd10      	pop	{r4, pc}
10006cee:	46c0      	nop			@ (mov r8, r8)

10006cf0 <tu_fifo_set_overwritable>:
10006cf0:	b570      	push	{r4, r5, r6, lr}
10006cf2:	0004      	movs	r4, r0
10006cf4:	68c0      	ldr	r0, [r0, #12]
10006cf6:	000d      	movs	r5, r1
10006cf8:	2800      	cmp	r0, #0
10006cfa:	d003      	beq.n	10006d04 <tu_fifo_set_overwritable+0x14>
10006cfc:	2101      	movs	r1, #1
10006cfe:	4249      	negs	r1, r1
10006d00:	f000 f8de 	bl	10006ec0 <__mutex_enter_timeout_ms_veneer>
10006d04:	6920      	ldr	r0, [r4, #16]
10006d06:	2800      	cmp	r0, #0
10006d08:	d003      	beq.n	10006d12 <tu_fifo_set_overwritable+0x22>
10006d0a:	2101      	movs	r1, #1
10006d0c:	4249      	negs	r1, r1
10006d0e:	f000 f8d7 	bl	10006ec0 <__mutex_enter_timeout_ms_veneer>
10006d12:	217f      	movs	r1, #127	@ 0x7f
10006d14:	79e3      	ldrb	r3, [r4, #7]
10006d16:	01ed      	lsls	r5, r5, #7
10006d18:	4019      	ands	r1, r3
10006d1a:	68e0      	ldr	r0, [r4, #12]
10006d1c:	4329      	orrs	r1, r5
10006d1e:	71e1      	strb	r1, [r4, #7]
10006d20:	2800      	cmp	r0, #0
10006d22:	d001      	beq.n	10006d28 <tu_fifo_set_overwritable+0x38>
10006d24:	f000 f8a4 	bl	10006e70 <__mutex_exit_veneer>
10006d28:	6920      	ldr	r0, [r4, #16]
10006d2a:	2800      	cmp	r0, #0
10006d2c:	d001      	beq.n	10006d32 <tu_fifo_set_overwritable+0x42>
10006d2e:	f000 f89f 	bl	10006e70 <__mutex_exit_veneer>
10006d32:	2001      	movs	r0, #1
10006d34:	bd70      	pop	{r4, r5, r6, pc}
10006d36:	46c0      	nop			@ (mov r8, r8)

10006d38 <strlen>:
10006d38:	b510      	push	{r4, lr}
10006d3a:	0783      	lsls	r3, r0, #30
10006d3c:	d00a      	beq.n	10006d54 <strlen+0x1c>
10006d3e:	0003      	movs	r3, r0
10006d40:	2103      	movs	r1, #3
10006d42:	e002      	b.n	10006d4a <strlen+0x12>
10006d44:	3301      	adds	r3, #1
10006d46:	420b      	tst	r3, r1
10006d48:	d005      	beq.n	10006d56 <strlen+0x1e>
10006d4a:	781a      	ldrb	r2, [r3, #0]
10006d4c:	2a00      	cmp	r2, #0
10006d4e:	d1f9      	bne.n	10006d44 <strlen+0xc>
10006d50:	1a18      	subs	r0, r3, r0
10006d52:	bd10      	pop	{r4, pc}
10006d54:	0003      	movs	r3, r0
10006d56:	6819      	ldr	r1, [r3, #0]
10006d58:	4a0c      	ldr	r2, [pc, #48]	@ (10006d8c <strlen+0x54>)
10006d5a:	4c0d      	ldr	r4, [pc, #52]	@ (10006d90 <strlen+0x58>)
10006d5c:	188a      	adds	r2, r1, r2
10006d5e:	438a      	bics	r2, r1
10006d60:	4222      	tst	r2, r4
10006d62:	d10f      	bne.n	10006d84 <strlen+0x4c>
10006d64:	6859      	ldr	r1, [r3, #4]
10006d66:	4a09      	ldr	r2, [pc, #36]	@ (10006d8c <strlen+0x54>)
10006d68:	3304      	adds	r3, #4
10006d6a:	188a      	adds	r2, r1, r2
10006d6c:	438a      	bics	r2, r1
10006d6e:	4222      	tst	r2, r4
10006d70:	d108      	bne.n	10006d84 <strlen+0x4c>
10006d72:	6859      	ldr	r1, [r3, #4]
10006d74:	4a05      	ldr	r2, [pc, #20]	@ (10006d8c <strlen+0x54>)
10006d76:	3304      	adds	r3, #4
10006d78:	188a      	adds	r2, r1, r2
10006d7a:	438a      	bics	r2, r1
10006d7c:	4222      	tst	r2, r4
10006d7e:	d0f1      	beq.n	10006d64 <strlen+0x2c>
10006d80:	e000      	b.n	10006d84 <strlen+0x4c>
10006d82:	3301      	adds	r3, #1
10006d84:	781a      	ldrb	r2, [r3, #0]
10006d86:	2a00      	cmp	r2, #0
10006d88:	d1fb      	bne.n	10006d82 <strlen+0x4a>
10006d8a:	e7e1      	b.n	10006d50 <strlen+0x18>
10006d8c:	fefefeff 	.word	0xfefefeff
10006d90:	80808080 	.word	0x80808080

10006d94 <__libc_fini_array>:
10006d94:	b570      	push	{r4, r5, r6, lr}
10006d96:	4c07      	ldr	r4, [pc, #28]	@ (10006db4 <__libc_fini_array+0x20>)
10006d98:	4d07      	ldr	r5, [pc, #28]	@ (10006db8 <__libc_fini_array+0x24>)
10006d9a:	1b64      	subs	r4, r4, r5
10006d9c:	10a4      	asrs	r4, r4, #2
10006d9e:	d005      	beq.n	10006dac <__libc_fini_array+0x18>
10006da0:	3c01      	subs	r4, #1
10006da2:	00a3      	lsls	r3, r4, #2
10006da4:	58eb      	ldr	r3, [r5, r3]
10006da6:	4798      	blx	r3
10006da8:	2c00      	cmp	r4, #0
10006daa:	d1f9      	bne.n	10006da0 <__libc_fini_array+0xc>
10006dac:	f000 f856 	bl	10006e5c <_fini>
10006db0:	bd70      	pop	{r4, r5, r6, pc}
10006db2:	46c0      	nop			@ (mov r8, r8)
10006db4:	10006f68 	.word	0x10006f68
10006db8:	10006f68 	.word	0x10006f68

10006dbc <atexit>:
10006dbc:	b510      	push	{r4, lr}
10006dbe:	0001      	movs	r1, r0
10006dc0:	2300      	movs	r3, #0
10006dc2:	2200      	movs	r2, #0
10006dc4:	2000      	movs	r0, #0
10006dc6:	f000 f801 	bl	10006dcc <__register_exitproc>
10006dca:	bd10      	pop	{r4, pc}

10006dcc <__register_exitproc>:
10006dcc:	b5f0      	push	{r4, r5, r6, r7, lr}
10006dce:	46c6      	mov	lr, r8
10006dd0:	4c1a      	ldr	r4, [pc, #104]	@ (10006e3c <__register_exitproc+0x70>)
10006dd2:	b500      	push	{lr}
10006dd4:	6825      	ldr	r5, [r4, #0]
10006dd6:	2d00      	cmp	r5, #0
10006dd8:	d02a      	beq.n	10006e30 <__register_exitproc+0x64>
10006dda:	686c      	ldr	r4, [r5, #4]
10006ddc:	2c1f      	cmp	r4, #31
10006dde:	dc2a      	bgt.n	10006e36 <__register_exitproc+0x6a>
10006de0:	2800      	cmp	r0, #0
10006de2:	d108      	bne.n	10006df6 <__register_exitproc+0x2a>
10006de4:	2000      	movs	r0, #0
10006de6:	1c63      	adds	r3, r4, #1
10006de8:	3402      	adds	r4, #2
10006dea:	00a4      	lsls	r4, r4, #2
10006dec:	606b      	str	r3, [r5, #4]
10006dee:	5161      	str	r1, [r4, r5]
10006df0:	bc80      	pop	{r7}
10006df2:	46b8      	mov	r8, r7
10006df4:	bdf0      	pop	{r4, r5, r6, r7, pc}
10006df6:	2788      	movs	r7, #136	@ 0x88
10006df8:	00a6      	lsls	r6, r4, #2
10006dfa:	19ae      	adds	r6, r5, r6
10006dfc:	51f2      	str	r2, [r6, r7]
10006dfe:	3701      	adds	r7, #1
10006e00:	37ff      	adds	r7, #255	@ 0xff
10006e02:	46bc      	mov	ip, r7
10006e04:	2201      	movs	r2, #1
10006e06:	44ac      	add	ip, r5
10006e08:	4667      	mov	r7, ip
10006e0a:	40a2      	lsls	r2, r4
10006e0c:	683f      	ldr	r7, [r7, #0]
10006e0e:	4690      	mov	r8, r2
10006e10:	4317      	orrs	r7, r2
10006e12:	4662      	mov	r2, ip
10006e14:	6017      	str	r7, [r2, #0]
10006e16:	2784      	movs	r7, #132	@ 0x84
10006e18:	007f      	lsls	r7, r7, #1
10006e1a:	51f3      	str	r3, [r6, r7]
10006e1c:	2802      	cmp	r0, #2
10006e1e:	d1e1      	bne.n	10006de4 <__register_exitproc+0x18>
10006e20:	0028      	movs	r0, r5
10006e22:	4642      	mov	r2, r8
10006e24:	308d      	adds	r0, #141	@ 0x8d
10006e26:	30ff      	adds	r0, #255	@ 0xff
10006e28:	6803      	ldr	r3, [r0, #0]
10006e2a:	4313      	orrs	r3, r2
10006e2c:	6003      	str	r3, [r0, #0]
10006e2e:	e7d9      	b.n	10006de4 <__register_exitproc+0x18>
10006e30:	4d03      	ldr	r5, [pc, #12]	@ (10006e40 <__register_exitproc+0x74>)
10006e32:	6025      	str	r5, [r4, #0]
10006e34:	e7d1      	b.n	10006dda <__register_exitproc+0xe>
10006e36:	2001      	movs	r0, #1
10006e38:	4240      	negs	r0, r0
10006e3a:	e7d9      	b.n	10006df0 <__register_exitproc+0x24>
10006e3c:	200015e4 	.word	0x200015e4
10006e40:	20001454 	.word	0x20001454

10006e44 <register_fini>:
10006e44:	4b03      	ldr	r3, [pc, #12]	@ (10006e54 <register_fini+0x10>)
10006e46:	b510      	push	{r4, lr}
10006e48:	2b00      	cmp	r3, #0
10006e4a:	d002      	beq.n	10006e52 <register_fini+0xe>
10006e4c:	4802      	ldr	r0, [pc, #8]	@ (10006e58 <register_fini+0x14>)
10006e4e:	f7ff ffb5 	bl	10006dbc <atexit>
10006e52:	bd10      	pop	{r4, pc}
10006e54:	00000000 	.word	0x00000000
10006e58:	10006d95 	.word	0x10006d95

10006e5c <_fini>:
10006e5c:	b5f8      	push	{r3, r4, r5, r6, r7, lr}
10006e5e:	46c0      	nop			@ (mov r8, r8)

10006e60 <__flash_do_cmd_veneer>:
10006e60:	b401      	push	{r0}
10006e62:	4802      	ldr	r0, [pc, #8]	@ (10006e6c <__flash_do_cmd_veneer+0xc>)
10006e64:	4684      	mov	ip, r0
10006e66:	bc01      	pop	{r0}
10006e68:	4760      	bx	ip
10006e6a:	bf00      	nop
10006e6c:	20000301 	.word	0x20000301

10006e70 <__mutex_exit_veneer>:
10006e70:	b401      	push	{r0}
10006e72:	4802      	ldr	r0, [pc, #8]	@ (10006e7c <__mutex_exit_veneer+0xc>)
10006e74:	4684      	mov	ip, r0
10006e76:	bc01      	pop	{r0}
10006e78:	4760      	bx	ip
10006e7a:	bf00      	nop
10006e7c:	20000225 	.word	0x20000225

10006e80 <____aeabi_ldiv0_veneer>:
10006e80:	b401      	push	{r0}
10006e82:	4802      	ldr	r0, [pc, #8]	@ (10006e8c <____aeabi_ldiv0_veneer+0xc>)
10006e84:	4684      	mov	ip, r0
10006e86:	bc01      	pop	{r0}
10006e88:	4760      	bx	ip
10006e8a:	bf00      	nop
10006e8c:	20000f5d 	.word	0x20000f5d

10006e90 <__e15_is_bulkin_ep_veneer>:
10006e90:	b401      	push	{r0}
10006e92:	4802      	ldr	r0, [pc, #8]	@ (10006e9c <__e15_is_bulkin_ep_veneer+0xc>)
10006e94:	4684      	mov	ip, r0
10006e96:	bc01      	pop	{r0}
10006e98:	4760      	bx	ip
10006e9a:	bf00      	nop
10006e9c:	20000c19 	.word	0x20000c19

10006ea0 <____aeabi_idiv0_veneer>:
10006ea0:	b401      	push	{r0}
10006ea2:	4802      	ldr	r0, [pc, #8]	@ (10006eac <____aeabi_idiv0_veneer+0xc>)
10006ea4:	4684      	mov	ip, r0
10006ea6:	bc01      	pop	{r0}
10006ea8:	4760      	bx	ip
10006eaa:	bf00      	nop
10006eac:	20000f5d 	.word	0x20000f5d

10006eb0 <__mutex_try_enter_veneer>:
10006eb0:	b401      	push	{r0}
10006eb2:	4802      	ldr	r0, [pc, #8]	@ (10006ebc <__mutex_try_enter_veneer+0xc>)
10006eb4:	4684      	mov	ip, r0
10006eb6:	bc01      	pop	{r0}
10006eb8:	4760      	bx	ip
10006eba:	bf00      	nop
10006ebc:	200000c1 	.word	0x200000c1

10006ec0 <__mutex_enter_timeout_ms_veneer>:
10006ec0:	b401      	push	{r0}
10006ec2:	4802      	ldr	r0, [pc, #8]	@ (10006ecc <__mutex_enter_timeout_ms_veneer+0xc>)
10006ec4:	4684      	mov	ip, r0
10006ec6:	bc01      	pop	{r0}
10006ec8:	4760      	bx	ip
10006eca:	bf00      	nop
10006ecc:	20000199 	.word	0x20000199

10006ed0 <__e15_is_critical_frame_period_veneer>:
10006ed0:	b401      	push	{r0}
10006ed2:	4802      	ldr	r0, [pc, #8]	@ (10006edc <__e15_is_critical_frame_period_veneer+0xc>)
10006ed4:	4684      	mov	ip, r0
10006ed6:	bc01      	pop	{r0}
10006ed8:	4760      	bx	ip
10006eda:	bf00      	nop
10006edc:	20000c41 	.word	0x20000c41

10006ee0 <__mutex_try_enter_block_until_veneer>:
10006ee0:	b401      	push	{r0}
10006ee2:	4802      	ldr	r0, [pc, #8]	@ (10006eec <__mutex_try_enter_block_until_veneer+0xc>)
10006ee4:	4684      	mov	ip, r0
10006ee6:	bc01      	pop	{r0}
10006ee8:	4760      	bx	ip
10006eea:	bf00      	nop
10006eec:	20000101 	.word	0x20000101

10006ef0 <__hw_endpoint_start_next_buffer_veneer>:
10006ef0:	b401      	push	{r0}
10006ef2:	4802      	ldr	r0, [pc, #8]	@ (10006efc <__hw_endpoint_start_next_buffer_veneer+0xc>)
10006ef4:	4684      	mov	ip, r0
10006ef6:	bc01      	pop	{r0}
10006ef8:	4760      	bx	ip
10006efa:	bf00      	nop
10006efc:	20000cd1 	.word	0x20000cd1

10006f00 <__reset_non_control_endpoints_veneer>:
10006f00:	b401      	push	{r0}
10006f02:	4802      	ldr	r0, [pc, #8]	@ (10006f0c <__reset_non_control_endpoints_veneer+0xc>)
10006f04:	4684      	mov	ip, r0
10006f06:	bc01      	pop	{r0}
10006f08:	4760      	bx	ip
10006f0a:	bf00      	nop
10006f0c:	2000043d 	.word	0x2000043d

10006f10 <___hw_endpoint_buffer_control_update32_veneer>:
10006f10:	b401      	push	{r0}
10006f12:	4802      	ldr	r0, [pc, #8]	@ (10006f1c <___hw_endpoint_buffer_control_update32_veneer+0xc>)
10006f14:	4684      	mov	ip, r0
10006f16:	bc01      	pop	{r0}
10006f18:	4760      	bx	ip
10006f1a:	bf00      	nop
10006f1c:	20000c81 	.word	0x20000c81

10006f20 <__pre_init_runtime_init_early_resets>:
10006f20:	100018b5                                ....

10006f24 <__pre_init_runtime_init_usb_power_down>:
10006f24:	100018e1 10001ac5 10002831 10002169     ........1(..i!..
10006f34:	100027a1                                .'..

10006f38 <__pre_init_runtime_init_clocks>:
10006f38:	100019ed                                ....

10006f3c <__pre_init_runtime_init_post_clock_resets>:
10006f3c:	100018fd                                ....

10006f40 <__pre_init_runtime_init_rp2040_gpio_ie_disable>:
10006f40:	1000191d                                ....

10006f44 <__pre_init_runtime_init_spin_locks_reset>:
10006f44:	10001931                                1...

10006f48 <__pre_init_runtime_init_mutex>:
10006f48:	10000a31                                1...

10006f4c <__pre_init_runtime_init_install_ram_vector_table>:
10006f4c:	10001939                                9...

10006f50 <__pre_init_runtime_init_default_alarm_pool>:
10006f50:	10000dfd                                ....

10006f54 <__pre_init_first_per_core_initializer>:
10006f54:	1000187d                                }...

10006f58 <__pre_init_runtime_init_per_core_irq_priorities>:
10006f58:	10000665                                e...

10006f5c <__init_array_start>:
10006f5c:	10006e45 	.word	0x10006e45
10006f60:	10004b2d 	.word	0x10004b2d

10006f64 <__frame_dummy_init_array_entry>:
10006f64:	100002fd                                ....

Disassembly of section .data:

200000c0 <mutex_try_enter>:
200000c0:	0003      	movs	r3, r0
200000c2:	6800      	ldr	r0, [r0, #0]
200000c4:	f3ef 8c10 	mrs	ip, PRIMASK
200000c8:	b672      	cpsid	i
200000ca:	6802      	ldr	r2, [r0, #0]
200000cc:	2a00      	cmp	r2, #0
200000ce:	d0fc      	beq.n	200000ca <mutex_try_enter+0xa>
200000d0:	f3bf 8f5f 	dmb	sy
200000d4:	2204      	movs	r2, #4
200000d6:	569a      	ldrsb	r2, [r3, r2]
200000d8:	2a00      	cmp	r2, #0
200000da:	db0b      	blt.n	200000f4 <mutex_try_enter+0x34>
200000dc:	2900      	cmp	r1, #0
200000de:	d000      	beq.n	200000e2 <mutex_try_enter+0x22>
200000e0:	600a      	str	r2, [r1, #0]
200000e2:	2000      	movs	r0, #0
200000e4:	681b      	ldr	r3, [r3, #0]
200000e6:	f3bf 8f5f 	dmb	sy
200000ea:	2200      	movs	r2, #0
200000ec:	601a      	str	r2, [r3, #0]
200000ee:	f38c 8810 	msr	PRIMASK, ip
200000f2:	4770      	bx	lr
200000f4:	22d0      	movs	r2, #208	@ 0xd0
200000f6:	0612      	lsls	r2, r2, #24
200000f8:	6812      	ldr	r2, [r2, #0]
200000fa:	2001      	movs	r0, #1
200000fc:	711a      	strb	r2, [r3, #4]
200000fe:	e7f1      	b.n	200000e4 <mutex_try_enter+0x24>

20000100 <mutex_try_enter_block_until>:
20000100:	b5f0      	push	{r4, r5, r6, r7, lr}
20000102:	46c6      	mov	lr, r8
20000104:	0015      	movs	r5, r2
20000106:	b500      	push	{lr}
20000108:	0004      	movs	r4, r0
2000010a:	001e      	movs	r6, r3
2000010c:	6802      	ldr	r2, [r0, #0]
2000010e:	f3ef 8110 	mrs	r1, PRIMASK
20000112:	b672      	cpsid	i
20000114:	6813      	ldr	r3, [r2, #0]
20000116:	2b00      	cmp	r3, #0
20000118:	d0fc      	beq.n	20000114 <mutex_try_enter_block_until+0x14>
2000011a:	f3bf 8f5f 	dmb	sy
2000011e:	2304      	movs	r3, #4
20000120:	56e3      	ldrsb	r3, [r4, r3]
20000122:	6822      	ldr	r2, [r4, #0]
20000124:	2b00      	cmp	r3, #0
20000126:	db2b      	blt.n	20000180 <mutex_try_enter_block_until+0x80>
20000128:	f3bf 8f5f 	dmb	sy
2000012c:	2000      	movs	r0, #0
2000012e:	6010      	str	r0, [r2, #0]
20000130:	f381 8810 	msr	PRIMASK, r1
20000134:	22d0      	movs	r2, #208	@ 0xd0
20000136:	0612      	lsls	r2, r2, #24
20000138:	7812      	ldrb	r2, [r2, #0]
2000013a:	2700      	movs	r7, #0
2000013c:	b252      	sxtb	r2, r2
2000013e:	4690      	mov	r8, r2
20000140:	429a      	cmp	r2, r3
20000142:	d10e      	bne.n	20000162 <mutex_try_enter_block_until+0x62>
20000144:	2000      	movs	r0, #0
20000146:	bc80      	pop	{r7}
20000148:	46b8      	mov	r8, r7
2000014a:	bdf0      	pop	{r4, r5, r6, r7, pc}
2000014c:	f3bf 8f5f 	dmb	sy
20000150:	6017      	str	r7, [r2, #0]
20000152:	f381 8810 	msr	PRIMASK, r1
20000156:	0028      	movs	r0, r5
20000158:	0031      	movs	r1, r6
2000015a:	f000 ff29 	bl	20000fb0 <__best_effort_wfe_or_timeout_veneer>
2000015e:	2800      	cmp	r0, #0
20000160:	d1f0      	bne.n	20000144 <mutex_try_enter_block_until+0x44>
20000162:	6822      	ldr	r2, [r4, #0]
20000164:	f3ef 8110 	mrs	r1, PRIMASK
20000168:	b672      	cpsid	i
2000016a:	6813      	ldr	r3, [r2, #0]
2000016c:	2b00      	cmp	r3, #0
2000016e:	d0fc      	beq.n	2000016a <mutex_try_enter_block_until+0x6a>
20000170:	f3bf 8f5f 	dmb	sy
20000174:	7923      	ldrb	r3, [r4, #4]
20000176:	6822      	ldr	r2, [r4, #0]
20000178:	2b7f      	cmp	r3, #127	@ 0x7f
2000017a:	d9e7      	bls.n	2000014c <mutex_try_enter_block_until+0x4c>
2000017c:	4643      	mov	r3, r8
2000017e:	e002      	b.n	20000186 <mutex_try_enter_block_until+0x86>
20000180:	23d0      	movs	r3, #208	@ 0xd0
20000182:	061b      	lsls	r3, r3, #24
20000184:	681b      	ldr	r3, [r3, #0]
20000186:	7123      	strb	r3, [r4, #4]
20000188:	f3bf 8f5f 	dmb	sy
2000018c:	2300      	movs	r3, #0
2000018e:	6013      	str	r3, [r2, #0]
20000190:	f381 8810 	msr	PRIMASK, r1
20000194:	2001      	movs	r0, #1
20000196:	e7d6      	b.n	20000146 <mutex_try_enter_block_until+0x46>

20000198 <mutex_enter_timeout_ms>:
20000198:	b5f0      	push	{r4, r5, r6, r7, lr}
2000019a:	46c6      	mov	lr, r8
2000019c:	b500      	push	{lr}
2000019e:	000d      	movs	r5, r1
200001a0:	0004      	movs	r4, r0
200001a2:	f000 ff15 	bl	20000fd0 <__time_us_64_veneer>
200001a6:	22fa      	movs	r2, #250	@ 0xfa
200001a8:	0006      	movs	r6, r0
200001aa:	000f      	movs	r7, r1
200001ac:	2300      	movs	r3, #0
200001ae:	0028      	movs	r0, r5
200001b0:	2100      	movs	r1, #0
200001b2:	0092      	lsls	r2, r2, #2
200001b4:	f000 feec 	bl	20000f90 <____wrap___aeabi_lmul_veneer>
200001b8:	1836      	adds	r6, r6, r0
200001ba:	414f      	adcs	r7, r1
200001bc:	2f00      	cmp	r7, #0
200001be:	da02      	bge.n	200001c6 <mutex_enter_timeout_ms+0x2e>
200001c0:	2601      	movs	r6, #1
200001c2:	4f17      	ldr	r7, [pc, #92]	@ (20000220 <mutex_enter_timeout_ms+0x88>)
200001c4:	4276      	negs	r6, r6
200001c6:	23d0      	movs	r3, #208	@ 0xd0
200001c8:	061b      	lsls	r3, r3, #24
200001ca:	681b      	ldr	r3, [r3, #0]
200001cc:	2500      	movs	r5, #0
200001ce:	4698      	mov	r8, r3
200001d0:	e00a      	b.n	200001e8 <mutex_enter_timeout_ms+0x50>
200001d2:	f3bf 8f5f 	dmb	sy
200001d6:	6015      	str	r5, [r2, #0]
200001d8:	f381 8810 	msr	PRIMASK, r1
200001dc:	0030      	movs	r0, r6
200001de:	0039      	movs	r1, r7
200001e0:	f000 fee6 	bl	20000fb0 <__best_effort_wfe_or_timeout_veneer>
200001e4:	2800      	cmp	r0, #0
200001e6:	d118      	bne.n	2000021a <mutex_enter_timeout_ms+0x82>
200001e8:	6822      	ldr	r2, [r4, #0]
200001ea:	f3ef 8110 	mrs	r1, PRIMASK
200001ee:	b672      	cpsid	i
200001f0:	6813      	ldr	r3, [r2, #0]
200001f2:	2b00      	cmp	r3, #0
200001f4:	d0fc      	beq.n	200001f0 <mutex_enter_timeout_ms+0x58>
200001f6:	f3bf 8f5f 	dmb	sy
200001fa:	7923      	ldrb	r3, [r4, #4]
200001fc:	6822      	ldr	r2, [r4, #0]
200001fe:	2b7f      	cmp	r3, #127	@ 0x7f
20000200:	d9e7      	bls.n	200001d2 <mutex_enter_timeout_ms+0x3a>
20000202:	4643      	mov	r3, r8
20000204:	7123      	strb	r3, [r4, #4]
20000206:	f3bf 8f5f 	dmb	sy
2000020a:	2300      	movs	r3, #0
2000020c:	6013      	str	r3, [r2, #0]
2000020e:	f381 8810 	msr	PRIMASK, r1
20000212:	2001      	movs	r0, #1
20000214:	bc80      	pop	{r7}
20000216:	46b8      	mov	r8, r7
20000218:	bdf0      	pop	{r4, r5, r6, r7, pc}
2000021a:	2000      	movs	r0, #0
2000021c:	e7fa      	b.n	20000214 <mutex_enter_timeout_ms+0x7c>
2000021e:	46c0      	nop			@ (mov r8, r8)
20000220:	7fffffff 	.word	0x7fffffff

20000224 <mutex_exit>:
20000224:	6802      	ldr	r2, [r0, #0]
20000226:	f3ef 8110 	mrs	r1, PRIMASK
2000022a:	b672      	cpsid	i
2000022c:	6813      	ldr	r3, [r2, #0]
2000022e:	2b00      	cmp	r3, #0
20000230:	d0fc      	beq.n	2000022c <mutex_exit+0x8>
20000232:	f3bf 8f5f 	dmb	sy
20000236:	23ff      	movs	r3, #255	@ 0xff
20000238:	7103      	strb	r3, [r0, #4]
2000023a:	6803      	ldr	r3, [r0, #0]
2000023c:	f3bf 8f5f 	dmb	sy
20000240:	2200      	movs	r2, #0
20000242:	601a      	str	r2, [r3, #0]
20000244:	f381 8810 	msr	PRIMASK, r1
20000248:	bf40      	sev
2000024a:	4770      	bx	lr

2000024c <flash_init_boot2_copyout>:
2000024c:	b510      	push	{r4, lr}
2000024e:	4c08      	ldr	r4, [pc, #32]	@ (20000270 <flash_init_boot2_copyout+0x24>)
20000250:	7823      	ldrb	r3, [r4, #0]
20000252:	2b00      	cmp	r3, #0
20000254:	d10a      	bne.n	2000026c <flash_init_boot2_copyout+0x20>
20000256:	2380      	movs	r3, #128	@ 0x80
20000258:	4806      	ldr	r0, [pc, #24]	@ (20000274 <flash_init_boot2_copyout+0x28>)
2000025a:	4907      	ldr	r1, [pc, #28]	@ (20000278 <flash_init_boot2_copyout+0x2c>)
2000025c:	055b      	lsls	r3, r3, #21
2000025e:	681a      	ldr	r2, [r3, #0]
20000260:	50c2      	str	r2, [r0, r3]
20000262:	3304      	adds	r3, #4
20000264:	428b      	cmp	r3, r1
20000266:	d1fa      	bne.n	2000025e <flash_init_boot2_copyout+0x12>
20000268:	2301      	movs	r3, #1
2000026a:	7023      	strb	r3, [r4, #0]
2000026c:	bd10      	pop	{r4, pc}
2000026e:	46c0      	nop			@ (mov r8, r8)
20000270:	2000213c 	.word	0x2000213c
20000274:	10001b80 	.word	0x10001b80
20000278:	10000100 	.word	0x10000100

2000027c <flash_enable_xip_via_boot2>:
2000027c:	b510      	push	{r4, lr}
2000027e:	4b01      	ldr	r3, [pc, #4]	@ (20000284 <flash_enable_xip_via_boot2+0x8>)
20000280:	4798      	blx	r3
20000282:	bd10      	pop	{r4, pc}
20000284:	20001b81 	.word	0x20001b81

20000288 <flash_save_hardware_state>:
20000288:	4b06      	ldr	r3, [pc, #24]	@ (200002a4 <flash_save_hardware_state+0x1c>)
2000028a:	685a      	ldr	r2, [r3, #4]
2000028c:	6002      	str	r2, [r0, #0]
2000028e:	689a      	ldr	r2, [r3, #8]
20000290:	6042      	str	r2, [r0, #4]
20000292:	68da      	ldr	r2, [r3, #12]
20000294:	6082      	str	r2, [r0, #8]
20000296:	691a      	ldr	r2, [r3, #16]
20000298:	60c2      	str	r2, [r0, #12]
2000029a:	695a      	ldr	r2, [r3, #20]
2000029c:	6102      	str	r2, [r0, #16]
2000029e:	699b      	ldr	r3, [r3, #24]
200002a0:	6143      	str	r3, [r0, #20]
200002a2:	4770      	bx	lr
200002a4:	40020000 	.word	0x40020000

200002a8 <flash_restore_hardware_state>:
200002a8:	6802      	ldr	r2, [r0, #0]
200002aa:	4b06      	ldr	r3, [pc, #24]	@ (200002c4 <flash_restore_hardware_state+0x1c>)
200002ac:	605a      	str	r2, [r3, #4]
200002ae:	6842      	ldr	r2, [r0, #4]
200002b0:	609a      	str	r2, [r3, #8]
200002b2:	6882      	ldr	r2, [r0, #8]
200002b4:	60da      	str	r2, [r3, #12]
200002b6:	68c2      	ldr	r2, [r0, #12]
200002b8:	611a      	str	r2, [r3, #16]
200002ba:	6902      	ldr	r2, [r0, #16]
200002bc:	615a      	str	r2, [r3, #20]
200002be:	6942      	ldr	r2, [r0, #20]
200002c0:	619a      	str	r2, [r3, #24]
200002c2:	4770      	bx	lr
200002c4:	40020000 	.word	0x40020000

200002c8 <flash_cs_force.constprop.0>:
200002c8:	4b03      	ldr	r3, [pc, #12]	@ (200002d8 <flash_cs_force.constprop.0+0x10>)
200002ca:	681a      	ldr	r2, [r3, #0]
200002cc:	23c0      	movs	r3, #192	@ 0xc0
200002ce:	009b      	lsls	r3, r3, #2
200002d0:	4393      	bics	r3, r2
200002d2:	4a02      	ldr	r2, [pc, #8]	@ (200002dc <flash_cs_force.constprop.0+0x14>)
200002d4:	6013      	str	r3, [r2, #0]
200002d6:	4770      	bx	lr
200002d8:	4001800c 	.word	0x4001800c
200002dc:	4001900c 	.word	0x4001900c

200002e0 <flash_cs_force.constprop.1>:
200002e0:	4b05      	ldr	r3, [pc, #20]	@ (200002f8 <flash_cs_force.constprop.1+0x18>)
200002e2:	681a      	ldr	r2, [r3, #0]
200002e4:	2380      	movs	r3, #128	@ 0x80
200002e6:	009b      	lsls	r3, r3, #2
200002e8:	4053      	eors	r3, r2
200002ea:	22c0      	movs	r2, #192	@ 0xc0
200002ec:	0092      	lsls	r2, r2, #2
200002ee:	4013      	ands	r3, r2
200002f0:	4a02      	ldr	r2, [pc, #8]	@ (200002fc <flash_cs_force.constprop.1+0x1c>)
200002f2:	6013      	str	r3, [r2, #0]
200002f4:	4770      	bx	lr
200002f6:	46c0      	nop			@ (mov r8, r8)
200002f8:	4001800c 	.word	0x4001800c
200002fc:	4001900c 	.word	0x4001900c

20000300 <flash_do_cmd>:
20000300:	2300      	movs	r3, #0
20000302:	b5f0      	push	{r4, r5, r6, r7, lr}
20000304:	46de      	mov	lr, fp
20000306:	4657      	mov	r7, sl
20000308:	464e      	mov	r6, r9
2000030a:	4645      	mov	r5, r8
2000030c:	469a      	mov	sl, r3
2000030e:	b5e0      	push	{r5, r6, r7, lr}
20000310:	b089      	sub	sp, #36	@ 0x24
20000312:	9001      	str	r0, [sp, #4]
20000314:	000e      	movs	r6, r1
20000316:	8a98      	ldrh	r0, [r3, #20]
20000318:	4945      	ldr	r1, [pc, #276]	@ (20000430 <flash_do_cmd+0x130>)
2000031a:	8b1b      	ldrh	r3, [r3, #24]
2000031c:	0014      	movs	r4, r2
2000031e:	4798      	blx	r3
20000320:	4653      	mov	r3, sl
20000322:	4681      	mov	r9, r0
20000324:	4943      	ldr	r1, [pc, #268]	@ (20000434 <flash_do_cmd+0x134>)
20000326:	8a98      	ldrh	r0, [r3, #20]
20000328:	8b1b      	ldrh	r3, [r3, #24]
2000032a:	4798      	blx	r3
2000032c:	4653      	mov	r3, sl
2000032e:	4942      	ldr	r1, [pc, #264]	@ (20000438 <flash_do_cmd+0x138>)
20000330:	0005      	movs	r5, r0
20000332:	8a98      	ldrh	r0, [r3, #20]
20000334:	8b1b      	ldrh	r3, [r3, #24]
20000336:	4798      	blx	r3
20000338:	4680      	mov	r8, r0
2000033a:	f7ff ff87 	bl	2000024c <flash_init_boot2_copyout>
2000033e:	a802      	add	r0, sp, #8
20000340:	f7ff ffa2 	bl	20000288 <flash_save_hardware_state>
20000344:	47c8      	blx	r9
20000346:	47a8      	blx	r5
20000348:	f7ff ffca 	bl	200002e0 <flash_cs_force.constprop.1>
2000034c:	1e25      	subs	r5, r4, #0
2000034e:	d022      	beq.n	20000396 <flash_do_cmd+0x96>
20000350:	2308      	movs	r3, #8
20000352:	21c0      	movs	r1, #192	@ 0xc0
20000354:	469c      	mov	ip, r3
20000356:	2002      	movs	r0, #2
20000358:	0549      	lsls	r1, r1, #21
2000035a:	4662      	mov	r2, ip
2000035c:	6a8b      	ldr	r3, [r1, #40]	@ 0x28
2000035e:	401a      	ands	r2, r3
20000360:	4218      	tst	r0, r3
20000362:	d03f      	beq.n	200003e4 <flash_do_cmd+0xe4>
20000364:	1b63      	subs	r3, r4, r5
20000366:	2d00      	cmp	r5, #0
20000368:	d12f      	bne.n	200003ca <flash_do_cmd+0xca>
2000036a:	2a00      	cmp	r2, #0
2000036c:	d111      	bne.n	20000392 <flash_do_cmd+0x92>
2000036e:	2c00      	cmp	r4, #0
20000370:	d011      	beq.n	20000396 <flash_do_cmd+0x96>
20000372:	23c0      	movs	r3, #192	@ 0xc0
20000374:	055b      	lsls	r3, r3, #21
20000376:	469b      	mov	fp, r3
20000378:	2302      	movs	r3, #2
2000037a:	469a      	mov	sl, r3
2000037c:	3306      	adds	r3, #6
2000037e:	4699      	mov	r9, r3
20000380:	465b      	mov	r3, fp
20000382:	464a      	mov	r2, r9
20000384:	4657      	mov	r7, sl
20000386:	6a9b      	ldr	r3, [r3, #40]	@ 0x28
20000388:	401a      	ands	r2, r3
2000038a:	421f      	tst	r7, r3
2000038c:	d042      	beq.n	20000414 <flash_do_cmd+0x114>
2000038e:	2a00      	cmp	r2, #0
20000390:	d0f6      	beq.n	20000380 <flash_do_cmd+0x80>
20000392:	2c00      	cmp	r4, #0
20000394:	d130      	bne.n	200003f8 <flash_do_cmd+0xf8>
20000396:	f7ff ff97 	bl	200002c8 <flash_cs_force.constprop.0>
2000039a:	47c0      	blx	r8
2000039c:	f7ff ff6e 	bl	2000027c <flash_enable_xip_via_boot2>
200003a0:	a802      	add	r0, sp, #8
200003a2:	f7ff ff81 	bl	200002a8 <flash_restore_hardware_state>
200003a6:	b009      	add	sp, #36	@ 0x24
200003a8:	bcf0      	pop	{r4, r5, r6, r7}
200003aa:	46bb      	mov	fp, r7
200003ac:	46b2      	mov	sl, r6
200003ae:	46a9      	mov	r9, r5
200003b0:	46a0      	mov	r8, r4
200003b2:	bdf0      	pop	{r4, r5, r6, r7, pc}
200003b4:	2c00      	cmp	r4, #0
200003b6:	d12f      	bne.n	20000418 <flash_do_cmd+0x118>
200003b8:	22c0      	movs	r2, #192	@ 0xc0
200003ba:	0552      	lsls	r2, r2, #21
200003bc:	6a92      	ldr	r2, [r2, #40]	@ 0x28
200003be:	4691      	mov	r9, r2
200003c0:	2208      	movs	r2, #8
200003c2:	464f      	mov	r7, r9
200003c4:	403a      	ands	r2, r7
200003c6:	07bf      	lsls	r7, r7, #30
200003c8:	d52d      	bpl.n	20000426 <flash_do_cmd+0x126>
200003ca:	2b0d      	cmp	r3, #13
200003cc:	d91b      	bls.n	20000406 <flash_do_cmd+0x106>
200003ce:	2a00      	cmp	r2, #0
200003d0:	d1f0      	bne.n	200003b4 <flash_do_cmd+0xb4>
200003d2:	22c0      	movs	r2, #192	@ 0xc0
200003d4:	0552      	lsls	r2, r2, #21
200003d6:	6a92      	ldr	r2, [r2, #40]	@ 0x28
200003d8:	4691      	mov	r9, r2
200003da:	2208      	movs	r2, #8
200003dc:	464f      	mov	r7, r9
200003de:	403a      	ands	r2, r7
200003e0:	07bf      	lsls	r7, r7, #30
200003e2:	d4f2      	bmi.n	200003ca <flash_do_cmd+0xca>
200003e4:	2a00      	cmp	r2, #0
200003e6:	d104      	bne.n	200003f2 <flash_do_cmd+0xf2>
200003e8:	002b      	movs	r3, r5
200003ea:	4323      	orrs	r3, r4
200003ec:	2b00      	cmp	r3, #0
200003ee:	d1b4      	bne.n	2000035a <flash_do_cmd+0x5a>
200003f0:	e7d1      	b.n	20000396 <flash_do_cmd+0x96>
200003f2:	002b      	movs	r3, r5
200003f4:	2c00      	cmp	r4, #0
200003f6:	d0f9      	beq.n	200003ec <flash_do_cmd+0xec>
200003f8:	6e0b      	ldr	r3, [r1, #96]	@ 0x60
200003fa:	3c01      	subs	r4, #1
200003fc:	7033      	strb	r3, [r6, #0]
200003fe:	0023      	movs	r3, r4
20000400:	3601      	adds	r6, #1
20000402:	432b      	orrs	r3, r5
20000404:	e7f2      	b.n	200003ec <flash_do_cmd+0xec>
20000406:	9f01      	ldr	r7, [sp, #4]
20000408:	3d01      	subs	r5, #1
2000040a:	783b      	ldrb	r3, [r7, #0]
2000040c:	3701      	adds	r7, #1
2000040e:	660b      	str	r3, [r1, #96]	@ 0x60
20000410:	9701      	str	r7, [sp, #4]
20000412:	e7e7      	b.n	200003e4 <flash_do_cmd+0xe4>
20000414:	2500      	movs	r5, #0
20000416:	e7e5      	b.n	200003e4 <flash_do_cmd+0xe4>
20000418:	23c0      	movs	r3, #192	@ 0xc0
2000041a:	055b      	lsls	r3, r3, #21
2000041c:	6e1b      	ldr	r3, [r3, #96]	@ 0x60
2000041e:	3c01      	subs	r4, #1
20000420:	7033      	strb	r3, [r6, #0]
20000422:	3601      	adds	r6, #1
20000424:	e799      	b.n	2000035a <flash_do_cmd+0x5a>
20000426:	002b      	movs	r3, r5
20000428:	2a00      	cmp	r2, #0
2000042a:	d1df      	bne.n	200003ec <flash_do_cmd+0xec>
2000042c:	e7dc      	b.n	200003e8 <flash_do_cmd+0xe8>
2000042e:	46c0      	nop			@ (mov r8, r8)
20000430:	00004649 	.word	0x00004649
20000434:	00005845 	.word	0x00005845
20000438:	00004346 	.word	0x00004346

2000043c <reset_non_control_endpoints>:
2000043c:	2200      	movs	r2, #0
2000043e:	4b15      	ldr	r3, [pc, #84]	@ (20000494 <reset_non_control_endpoints+0x58>)
20000440:	b510      	push	{r4, lr}
20000442:	609a      	str	r2, [r3, #8]
20000444:	60da      	str	r2, [r3, #12]
20000446:	611a      	str	r2, [r3, #16]
20000448:	615a      	str	r2, [r3, #20]
2000044a:	619a      	str	r2, [r3, #24]
2000044c:	61da      	str	r2, [r3, #28]
2000044e:	621a      	str	r2, [r3, #32]
20000450:	625a      	str	r2, [r3, #36]	@ 0x24
20000452:	629a      	str	r2, [r3, #40]	@ 0x28
20000454:	62da      	str	r2, [r3, #44]	@ 0x2c
20000456:	631a      	str	r2, [r3, #48]	@ 0x30
20000458:	635a      	str	r2, [r3, #52]	@ 0x34
2000045a:	639a      	str	r2, [r3, #56]	@ 0x38
2000045c:	63da      	str	r2, [r3, #60]	@ 0x3c
2000045e:	641a      	str	r2, [r3, #64]	@ 0x40
20000460:	645a      	str	r2, [r3, #68]	@ 0x44
20000462:	649a      	str	r2, [r3, #72]	@ 0x48
20000464:	64da      	str	r2, [r3, #76]	@ 0x4c
20000466:	651a      	str	r2, [r3, #80]	@ 0x50
20000468:	655a      	str	r2, [r3, #84]	@ 0x54
2000046a:	659a      	str	r2, [r3, #88]	@ 0x58
2000046c:	65da      	str	r2, [r3, #92]	@ 0x5c
2000046e:	661a      	str	r2, [r3, #96]	@ 0x60
20000470:	665a      	str	r2, [r3, #100]	@ 0x64
20000472:	669a      	str	r2, [r3, #104]	@ 0x68
20000474:	66da      	str	r2, [r3, #108]	@ 0x6c
20000476:	671a      	str	r2, [r3, #112]	@ 0x70
20000478:	675a      	str	r2, [r3, #116]	@ 0x74
2000047a:	679a      	str	r2, [r3, #120]	@ 0x78
2000047c:	67da      	str	r2, [r3, #124]	@ 0x7c
2000047e:	32f0      	adds	r2, #240	@ 0xf0
20000480:	0092      	lsls	r2, r2, #2
20000482:	2100      	movs	r1, #0
20000484:	4804      	ldr	r0, [pc, #16]	@ (20000498 <reset_non_control_endpoints+0x5c>)
20000486:	f000 fd6b 	bl	20000f60 <____wrap_memset_veneer>
2000048a:	4b04      	ldr	r3, [pc, #16]	@ (2000049c <reset_non_control_endpoints+0x60>)
2000048c:	4a04      	ldr	r2, [pc, #16]	@ (200004a0 <reset_non_control_endpoints+0x64>)
2000048e:	601a      	str	r2, [r3, #0]
20000490:	bd10      	pop	{r4, pc}
20000492:	46c0      	nop			@ (mov r8, r8)
20000494:	50100000 	.word	0x50100000
20000498:	20001d2c 	.word	0x20001d2c
2000049c:	200020f4 	.word	0x200020f4
200004a0:	50100180 	.word	0x50100180

200004a4 <hw_handle_buff_status>:
200004a4:	b5f0      	push	{r4, r5, r6, r7, lr}
200004a6:	464e      	mov	r6, r9
200004a8:	4645      	mov	r5, r8
200004aa:	46de      	mov	lr, fp
200004ac:	4657      	mov	r7, sl
200004ae:	b5e0      	push	{r5, r6, r7, lr}
200004b0:	4b21      	ldr	r3, [pc, #132]	@ (20000538 <hw_handle_buff_status+0x94>)
200004b2:	2400      	movs	r4, #0
200004b4:	6d9e      	ldr	r6, [r3, #88]	@ 0x58
200004b6:	2501      	movs	r5, #1
200004b8:	b085      	sub	sp, #20
200004ba:	2e00      	cmp	r6, #0
200004bc:	d022      	beq.n	20000504 <hw_handle_buff_status+0x60>
200004be:	4b1f      	ldr	r3, [pc, #124]	@ (2000053c <hw_handle_buff_status+0x98>)
200004c0:	469a      	mov	sl, r3
200004c2:	2301      	movs	r3, #1
200004c4:	4699      	mov	r9, r3
200004c6:	4b1e      	ldr	r3, [pc, #120]	@ (20000540 <hw_handle_buff_status+0x9c>)
200004c8:	4698      	mov	r8, r3
200004ca:	e001      	b.n	200004d0 <hw_handle_buff_status+0x2c>
200004cc:	2c20      	cmp	r4, #32
200004ce:	d019      	beq.n	20000504 <hw_handle_buff_status+0x60>
200004d0:	002a      	movs	r2, r5
200004d2:	0023      	movs	r3, r4
200004d4:	3401      	adds	r4, #1
200004d6:	002f      	movs	r7, r5
200004d8:	4032      	ands	r2, r6
200004da:	b2e4      	uxtb	r4, r4
200004dc:	006d      	lsls	r5, r5, #1
200004de:	2a00      	cmp	r2, #0
200004e0:	d0f4      	beq.n	200004cc <hw_handle_buff_status+0x28>
200004e2:	4652      	mov	r2, sl
200004e4:	6597      	str	r7, [r2, #88]	@ 0x58
200004e6:	464a      	mov	r2, r9
200004e8:	085b      	lsrs	r3, r3, #1
200004ea:	005b      	lsls	r3, r3, #1
200004ec:	4022      	ands	r2, r4
200004ee:	189b      	adds	r3, r3, r2
200004f0:	015b      	lsls	r3, r3, #5
200004f2:	4443      	add	r3, r8
200004f4:	0018      	movs	r0, r3
200004f6:	469b      	mov	fp, r3
200004f8:	f000 fc1e 	bl	20000d38 <hw_endpoint_xfer_continue>
200004fc:	2800      	cmp	r0, #0
200004fe:	d108      	bne.n	20000512 <hw_handle_buff_status+0x6e>
20000500:	43be      	bics	r6, r7
20000502:	d1e3      	bne.n	200004cc <hw_handle_buff_status+0x28>
20000504:	b005      	add	sp, #20
20000506:	bcf0      	pop	{r4, r5, r6, r7}
20000508:	46bb      	mov	fp, r7
2000050a:	46b2      	mov	sl, r6
2000050c:	46a9      	mov	r9, r5
2000050e:	46a0      	mov	r8, r4
20000510:	bdf0      	pop	{r4, r5, r6, r7, pc}
20000512:	465b      	mov	r3, fp
20000514:	21e0      	movs	r1, #224	@ 0xe0
20000516:	789a      	ldrb	r2, [r3, #2]
20000518:	8adb      	ldrh	r3, [r3, #22]
2000051a:	a801      	add	r0, sp, #4
2000051c:	6083      	str	r3, [r0, #8]
2000051e:	2300      	movs	r3, #0
20000520:	00c9      	lsls	r1, r1, #3
20000522:	8001      	strh	r1, [r0, #0]
20000524:	2101      	movs	r1, #1
20000526:	7102      	strb	r2, [r0, #4]
20000528:	7143      	strb	r3, [r0, #5]
2000052a:	f000 fc25 	bl	20000d78 <dcd_event_handler>
2000052e:	4658      	mov	r0, fp
20000530:	f000 fba0 	bl	20000c74 <hw_endpoint_reset_transfer>
20000534:	e7e4      	b.n	20000500 <hw_handle_buff_status+0x5c>
20000536:	46c0      	nop			@ (mov r8, r8)
20000538:	50110000 	.word	0x50110000
2000053c:	50113000 	.word	0x50113000
20000540:	20001cec 	.word	0x20001cec

20000544 <dcd_rp2040_irq>:
20000544:	2398      	movs	r3, #152	@ 0x98
20000546:	b5f0      	push	{r4, r5, r6, r7, lr}
20000548:	46c6      	mov	lr, r8
2000054a:	4ac8      	ldr	r2, [pc, #800]	@ (2000086c <dcd_rp2040_irq+0x328>)
2000054c:	b500      	push	{lr}
2000054e:	58d5      	ldr	r5, [r2, r3]
20000550:	2380      	movs	r3, #128	@ 0x80
20000552:	002e      	movs	r6, r5
20000554:	029b      	lsls	r3, r3, #10
20000556:	2410      	movs	r4, #16
20000558:	b084      	sub	sp, #16
2000055a:	401e      	ands	r6, r3
2000055c:	421d      	tst	r5, r3
2000055e:	d074      	beq.n	2000064a <dcd_rp2040_irq+0x106>
20000560:	4bc3      	ldr	r3, [pc, #780]	@ (20000870 <dcd_rp2040_irq+0x32c>)
20000562:	4cc4      	ldr	r4, [pc, #784]	@ (20000874 <dcd_rp2040_irq+0x330>)
20000564:	6a9a      	ldr	r2, [r3, #40]	@ 0x28
20000566:	4bc4      	ldr	r3, [pc, #784]	@ (20000878 <dcd_rp2040_irq+0x334>)
20000568:	2600      	movs	r6, #0
2000056a:	601a      	str	r2, [r3, #0]
2000056c:	233b      	movs	r3, #59	@ 0x3b
2000056e:	5ce3      	ldrb	r3, [r4, r3]
20000570:	2b02      	cmp	r3, #2
20000572:	d100      	bne.n	20000576 <dcd_rp2040_irq+0x32>
20000574:	e14f      	b.n	20000816 <dcd_rp2040_irq+0x2d2>
20000576:	237b      	movs	r3, #123	@ 0x7b
20000578:	5ce3      	ldrb	r3, [r4, r3]
2000057a:	2b02      	cmp	r3, #2
2000057c:	d100      	bne.n	20000580 <dcd_rp2040_irq+0x3c>
2000057e:	e0f3      	b.n	20000768 <dcd_rp2040_irq+0x224>
20000580:	23bb      	movs	r3, #187	@ 0xbb
20000582:	5ce3      	ldrb	r3, [r4, r3]
20000584:	2b02      	cmp	r3, #2
20000586:	d100      	bne.n	2000058a <dcd_rp2040_irq+0x46>
20000588:	e0fa      	b.n	20000780 <dcd_rp2040_irq+0x23c>
2000058a:	23fb      	movs	r3, #251	@ 0xfb
2000058c:	5ce3      	ldrb	r3, [r4, r3]
2000058e:	2b02      	cmp	r3, #2
20000590:	d100      	bne.n	20000594 <dcd_rp2040_irq+0x50>
20000592:	e101      	b.n	20000798 <dcd_rp2040_irq+0x254>
20000594:	233c      	movs	r3, #60	@ 0x3c
20000596:	33ff      	adds	r3, #255	@ 0xff
20000598:	5ce3      	ldrb	r3, [r4, r3]
2000059a:	2b02      	cmp	r3, #2
2000059c:	d100      	bne.n	200005a0 <dcd_rp2040_irq+0x5c>
2000059e:	e12d      	b.n	200007fc <dcd_rp2040_irq+0x2b8>
200005a0:	237c      	movs	r3, #124	@ 0x7c
200005a2:	33ff      	adds	r3, #255	@ 0xff
200005a4:	5ce3      	ldrb	r3, [r4, r3]
200005a6:	2b02      	cmp	r3, #2
200005a8:	d100      	bne.n	200005ac <dcd_rp2040_irq+0x68>
200005aa:	e10e      	b.n	200007ca <dcd_rp2040_irq+0x286>
200005ac:	23bc      	movs	r3, #188	@ 0xbc
200005ae:	33ff      	adds	r3, #255	@ 0xff
200005b0:	5ce3      	ldrb	r3, [r4, r3]
200005b2:	2b02      	cmp	r3, #2
200005b4:	d100      	bne.n	200005b8 <dcd_rp2040_irq+0x74>
200005b6:	e13f      	b.n	20000838 <dcd_rp2040_irq+0x2f4>
200005b8:	23fc      	movs	r3, #252	@ 0xfc
200005ba:	33ff      	adds	r3, #255	@ 0xff
200005bc:	5ce3      	ldrb	r3, [r4, r3]
200005be:	2b02      	cmp	r3, #2
200005c0:	d100      	bne.n	200005c4 <dcd_rp2040_irq+0x80>
200005c2:	e0f5      	b.n	200007b0 <dcd_rp2040_irq+0x26c>
200005c4:	4bad      	ldr	r3, [pc, #692]	@ (2000087c <dcd_rp2040_irq+0x338>)
200005c6:	5ce3      	ldrb	r3, [r4, r3]
200005c8:	2b02      	cmp	r3, #2
200005ca:	d100      	bne.n	200005ce <dcd_rp2040_irq+0x8a>
200005cc:	e174      	b.n	200008b8 <dcd_rp2040_irq+0x374>
200005ce:	4bac      	ldr	r3, [pc, #688]	@ (20000880 <dcd_rp2040_irq+0x33c>)
200005d0:	5ce3      	ldrb	r3, [r4, r3]
200005d2:	2b02      	cmp	r3, #2
200005d4:	d100      	bne.n	200005d8 <dcd_rp2040_irq+0x94>
200005d6:	e105      	b.n	200007e4 <dcd_rp2040_irq+0x2a0>
200005d8:	4baa      	ldr	r3, [pc, #680]	@ (20000884 <dcd_rp2040_irq+0x340>)
200005da:	5ce3      	ldrb	r3, [r4, r3]
200005dc:	2b02      	cmp	r3, #2
200005de:	d100      	bne.n	200005e2 <dcd_rp2040_irq+0x9e>
200005e0:	e175      	b.n	200008ce <dcd_rp2040_irq+0x38a>
200005e2:	4ba9      	ldr	r3, [pc, #676]	@ (20000888 <dcd_rp2040_irq+0x344>)
200005e4:	5ce3      	ldrb	r3, [r4, r3]
200005e6:	2b02      	cmp	r3, #2
200005e8:	d100      	bne.n	200005ec <dcd_rp2040_irq+0xa8>
200005ea:	e132      	b.n	20000852 <dcd_rp2040_irq+0x30e>
200005ec:	4ba7      	ldr	r3, [pc, #668]	@ (2000088c <dcd_rp2040_irq+0x348>)
200005ee:	5ce3      	ldrb	r3, [r4, r3]
200005f0:	2b02      	cmp	r3, #2
200005f2:	d100      	bne.n	200005f6 <dcd_rp2040_irq+0xb2>
200005f4:	e1a0      	b.n	20000938 <dcd_rp2040_irq+0x3f4>
200005f6:	4ba6      	ldr	r3, [pc, #664]	@ (20000890 <dcd_rp2040_irq+0x34c>)
200005f8:	5ce3      	ldrb	r3, [r4, r3]
200005fa:	2b02      	cmp	r3, #2
200005fc:	d100      	bne.n	20000600 <dcd_rp2040_irq+0xbc>
200005fe:	e171      	b.n	200008e4 <dcd_rp2040_irq+0x3a0>
20000600:	4ba4      	ldr	r3, [pc, #656]	@ (20000894 <dcd_rp2040_irq+0x350>)
20000602:	5ce3      	ldrb	r3, [r4, r3]
20000604:	2b02      	cmp	r3, #2
20000606:	d100      	bne.n	2000060a <dcd_rp2040_irq+0xc6>
20000608:	e1a1      	b.n	2000094e <dcd_rp2040_irq+0x40a>
2000060a:	4ba3      	ldr	r3, [pc, #652]	@ (20000898 <dcd_rp2040_irq+0x354>)
2000060c:	5ce3      	ldrb	r3, [r4, r3]
2000060e:	2b02      	cmp	r3, #2
20000610:	d100      	bne.n	20000614 <dcd_rp2040_irq+0xd0>
20000612:	e17f      	b.n	20000914 <dcd_rp2040_irq+0x3d0>
20000614:	2e00      	cmp	r6, #0
20000616:	d108      	bne.n	2000062a <dcd_rp2040_irq+0xe6>
20000618:	4ba0      	ldr	r3, [pc, #640]	@ (2000089c <dcd_rp2040_irq+0x358>)
2000061a:	781b      	ldrb	r3, [r3, #0]
2000061c:	2b00      	cmp	r3, #0
2000061e:	d104      	bne.n	2000062a <dcd_rp2040_irq+0xe6>
20000620:	2180      	movs	r1, #128	@ 0x80
20000622:	4a9f      	ldr	r2, [pc, #636]	@ (200008a0 <dcd_rp2040_irq+0x35c>)
20000624:	3390      	adds	r3, #144	@ 0x90
20000626:	0289      	lsls	r1, r1, #10
20000628:	50d1      	str	r1, [r2, r3]
2000062a:	22c0      	movs	r2, #192	@ 0xc0
2000062c:	4669      	mov	r1, sp
2000062e:	4b8f      	ldr	r3, [pc, #572]	@ (2000086c <dcd_rp2040_irq+0x328>)
20000630:	0092      	lsls	r2, r2, #2
20000632:	6c9b      	ldr	r3, [r3, #72]	@ 0x48
20000634:	2680      	movs	r6, #128	@ 0x80
20000636:	055b      	lsls	r3, r3, #21
20000638:	808a      	strh	r2, [r1, #4]
2000063a:	0d5b      	lsrs	r3, r3, #21
2000063c:	2101      	movs	r1, #1
2000063e:	a801      	add	r0, sp, #4
20000640:	9302      	str	r3, [sp, #8]
20000642:	f000 fb99 	bl	20000d78 <dcd_event_handler>
20000646:	4c97      	ldr	r4, [pc, #604]	@ (200008a4 <dcd_rp2040_irq+0x360>)
20000648:	02b6      	lsls	r6, r6, #10
2000064a:	06eb      	lsls	r3, r5, #27
2000064c:	d500      	bpl.n	20000650 <dcd_rp2040_irq+0x10c>
2000064e:	e07f      	b.n	20000750 <dcd_rp2040_irq+0x20c>
20000650:	2380      	movs	r3, #128	@ 0x80
20000652:	025b      	lsls	r3, r3, #9
20000654:	421d      	tst	r5, r3
20000656:	d031      	beq.n	200006bc <dcd_rp2040_irq+0x178>
20000658:	431e      	orrs	r6, r3
2000065a:	2301      	movs	r3, #1
2000065c:	2402      	movs	r4, #2
2000065e:	4698      	mov	r8, r3
20000660:	4f84      	ldr	r7, [pc, #528]	@ (20000874 <dcd_rp2040_irq+0x330>)
20000662:	7ebb      	ldrb	r3, [r7, #26]
20000664:	2b00      	cmp	r3, #0
20000666:	d014      	beq.n	20000692 <dcd_rp2040_irq+0x14e>
20000668:	f000 fcaa 	bl	20000fc0 <__rp2040_chip_version_veneer>
2000066c:	2801      	cmp	r0, #1
2000066e:	d900      	bls.n	20000672 <dcd_rp2040_irq+0x12e>
20000670:	e072      	b.n	20000758 <dcd_rp2040_irq+0x214>
20000672:	22c0      	movs	r2, #192	@ 0xc0
20000674:	2100      	movs	r1, #0
20000676:	0038      	movs	r0, r7
20000678:	0192      	lsls	r2, r2, #6
2000067a:	f000 fb01 	bl	20000c80 <_hw_endpoint_buffer_control_update32>
2000067e:	0038      	movs	r0, r7
20000680:	f000 faf8 	bl	20000c74 <hw_endpoint_reset_transfer>
20000684:	f000 fc9c 	bl	20000fc0 <__rp2040_chip_version_veneer>
20000688:	2801      	cmp	r0, #1
2000068a:	d902      	bls.n	20000692 <dcd_rp2040_irq+0x14e>
2000068c:	4b84      	ldr	r3, [pc, #528]	@ (200008a0 <dcd_rp2040_irq+0x35c>)
2000068e:	665c      	str	r4, [r3, #100]	@ 0x64
20000690:	661c      	str	r4, [r3, #96]	@ 0x60
20000692:	4643      	mov	r3, r8
20000694:	70fb      	strb	r3, [r7, #3]
20000696:	3720      	adds	r7, #32
20000698:	2c01      	cmp	r4, #1
2000069a:	d122      	bne.n	200006e2 <dcd_rp2040_irq+0x19e>
2000069c:	23c0      	movs	r3, #192	@ 0xc0
2000069e:	466a      	mov	r2, sp
200006a0:	00db      	lsls	r3, r3, #3
200006a2:	8093      	strh	r3, [r2, #4]
200006a4:	4a80      	ldr	r2, [pc, #512]	@ (200008a8 <dcd_rp2040_irq+0x364>)
200006a6:	ab02      	add	r3, sp, #8
200006a8:	ca03      	ldmia	r2!, {r0, r1}
200006aa:	c303      	stmia	r3!, {r0, r1}
200006ac:	2101      	movs	r1, #1
200006ae:	a801      	add	r0, sp, #4
200006b0:	f000 fb62 	bl	20000d78 <dcd_event_handler>
200006b4:	2280      	movs	r2, #128	@ 0x80
200006b6:	4b7a      	ldr	r3, [pc, #488]	@ (200008a0 <dcd_rp2040_irq+0x35c>)
200006b8:	0292      	lsls	r2, r2, #10
200006ba:	651a      	str	r2, [r3, #80]	@ 0x50
200006bc:	2380      	movs	r3, #128	@ 0x80
200006be:	015b      	lsls	r3, r3, #5
200006c0:	421d      	tst	r5, r3
200006c2:	d110      	bne.n	200006e6 <dcd_rp2040_irq+0x1a2>
200006c4:	2380      	movs	r3, #128	@ 0x80
200006c6:	01db      	lsls	r3, r3, #7
200006c8:	421d      	tst	r5, r3
200006ca:	d123      	bne.n	20000714 <dcd_rp2040_irq+0x1d0>
200006cc:	2380      	movs	r3, #128	@ 0x80
200006ce:	021b      	lsls	r3, r3, #8
200006d0:	421d      	tst	r5, r3
200006d2:	d12f      	bne.n	20000734 <dcd_rp2040_irq+0x1f0>
200006d4:	42ae      	cmp	r6, r5
200006d6:	d000      	beq.n	200006da <dcd_rp2040_irq+0x196>
200006d8:	e1c0      	b.n	20000a5c <dcd_rp2040_irq+0x518>
200006da:	b004      	add	sp, #16
200006dc:	bc80      	pop	{r7}
200006de:	46b8      	mov	r8, r7
200006e0:	bdf0      	pop	{r4, r5, r6, r7, pc}
200006e2:	2401      	movs	r4, #1
200006e4:	e7bd      	b.n	20000662 <dcd_rp2040_irq+0x11e>
200006e6:	2400      	movs	r4, #0
200006e8:	431e      	orrs	r6, r3
200006ea:	4b60      	ldr	r3, [pc, #384]	@ (2000086c <dcd_rp2040_irq+0x328>)
200006ec:	601c      	str	r4, [r3, #0]
200006ee:	f7ff fea5 	bl	2000043c <reset_non_control_endpoints>
200006f2:	2380      	movs	r3, #128	@ 0x80
200006f4:	466a      	mov	r2, sp
200006f6:	005b      	lsls	r3, r3, #1
200006f8:	8093      	strh	r3, [r2, #4]
200006fa:	7214      	strb	r4, [r2, #8]
200006fc:	2101      	movs	r1, #1
200006fe:	a801      	add	r0, sp, #4
20000700:	f000 fb3a 	bl	20000d78 <dcd_event_handler>
20000704:	2280      	movs	r2, #128	@ 0x80
20000706:	4b66      	ldr	r3, [pc, #408]	@ (200008a0 <dcd_rp2040_irq+0x35c>)
20000708:	0312      	lsls	r2, r2, #12
2000070a:	651a      	str	r2, [r3, #80]	@ 0x50
2000070c:	2380      	movs	r3, #128	@ 0x80
2000070e:	01db      	lsls	r3, r3, #7
20000710:	421d      	tst	r5, r3
20000712:	d0db      	beq.n	200006cc <dcd_rp2040_irq+0x188>
20000714:	431e      	orrs	r6, r3
20000716:	2380      	movs	r3, #128	@ 0x80
20000718:	466a      	mov	r2, sp
2000071a:	00db      	lsls	r3, r3, #3
2000071c:	8093      	strh	r3, [r2, #4]
2000071e:	2101      	movs	r1, #1
20000720:	a801      	add	r0, sp, #4
20000722:	f000 fb29 	bl	20000d78 <dcd_event_handler>
20000726:	2210      	movs	r2, #16
20000728:	4b5d      	ldr	r3, [pc, #372]	@ (200008a0 <dcd_rp2040_irq+0x35c>)
2000072a:	651a      	str	r2, [r3, #80]	@ 0x50
2000072c:	2380      	movs	r3, #128	@ 0x80
2000072e:	021b      	lsls	r3, r3, #8
20000730:	421d      	tst	r5, r3
20000732:	d0cf      	beq.n	200006d4 <dcd_rp2040_irq+0x190>
20000734:	431e      	orrs	r6, r3
20000736:	23a0      	movs	r3, #160	@ 0xa0
20000738:	466a      	mov	r2, sp
2000073a:	00db      	lsls	r3, r3, #3
2000073c:	8093      	strh	r3, [r2, #4]
2000073e:	2101      	movs	r1, #1
20000740:	a801      	add	r0, sp, #4
20000742:	f000 fb19 	bl	20000d78 <dcd_event_handler>
20000746:	2280      	movs	r2, #128	@ 0x80
20000748:	4b55      	ldr	r3, [pc, #340]	@ (200008a0 <dcd_rp2040_irq+0x35c>)
2000074a:	0112      	lsls	r2, r2, #4
2000074c:	651a      	str	r2, [r3, #80]	@ 0x50
2000074e:	e7c1      	b.n	200006d4 <dcd_rp2040_irq+0x190>
20000750:	f7ff fea8 	bl	200004a4 <hw_handle_buff_status>
20000754:	0026      	movs	r6, r4
20000756:	e77b      	b.n	20000650 <dcd_rp2040_irq+0x10c>
20000758:	4b54      	ldr	r3, [pc, #336]	@ (200008ac <dcd_rp2040_irq+0x368>)
2000075a:	4a44      	ldr	r2, [pc, #272]	@ (2000086c <dcd_rp2040_irq+0x328>)
2000075c:	661c      	str	r4, [r3, #96]	@ 0x60
2000075e:	6e53      	ldr	r3, [r2, #100]	@ 0x64
20000760:	4023      	ands	r3, r4
20000762:	42a3      	cmp	r3, r4
20000764:	d1fb      	bne.n	2000075e <dcd_rp2040_irq+0x21a>
20000766:	e784      	b.n	20000672 <dcd_rp2040_irq+0x12e>
20000768:	3378      	adds	r3, #120	@ 0x78
2000076a:	5ce7      	ldrb	r7, [r4, r3]
2000076c:	2f00      	cmp	r7, #0
2000076e:	d100      	bne.n	20000772 <dcd_rp2040_irq+0x22e>
20000770:	e706      	b.n	20000580 <dcd_rp2040_irq+0x3c>
20000772:	3302      	adds	r3, #2
20000774:	5ce2      	ldrb	r2, [r4, r3]
20000776:	2a00      	cmp	r2, #0
20000778:	d000      	beq.n	2000077c <dcd_rp2040_irq+0x238>
2000077a:	e10d      	b.n	20000998 <dcd_rp2040_irq+0x454>
2000077c:	003e      	movs	r6, r7
2000077e:	e6ff      	b.n	20000580 <dcd_rp2040_irq+0x3c>
20000780:	33b8      	adds	r3, #184	@ 0xb8
20000782:	5ce7      	ldrb	r7, [r4, r3]
20000784:	2f00      	cmp	r7, #0
20000786:	d100      	bne.n	2000078a <dcd_rp2040_irq+0x246>
20000788:	e6ff      	b.n	2000058a <dcd_rp2040_irq+0x46>
2000078a:	3302      	adds	r3, #2
2000078c:	5ce2      	ldrb	r2, [r4, r3]
2000078e:	2a00      	cmp	r2, #0
20000790:	d000      	beq.n	20000794 <dcd_rp2040_irq+0x250>
20000792:	e0f9      	b.n	20000988 <dcd_rp2040_irq+0x444>
20000794:	003e      	movs	r6, r7
20000796:	e6f8      	b.n	2000058a <dcd_rp2040_irq+0x46>
20000798:	33f8      	adds	r3, #248	@ 0xf8
2000079a:	5ce7      	ldrb	r7, [r4, r3]
2000079c:	2f00      	cmp	r7, #0
2000079e:	d100      	bne.n	200007a2 <dcd_rp2040_irq+0x25e>
200007a0:	e6f8      	b.n	20000594 <dcd_rp2040_irq+0x50>
200007a2:	3302      	adds	r3, #2
200007a4:	5ce2      	ldrb	r2, [r4, r3]
200007a6:	2a00      	cmp	r2, #0
200007a8:	d000      	beq.n	200007ac <dcd_rp2040_irq+0x268>
200007aa:	e141      	b.n	20000a30 <dcd_rp2040_irq+0x4ec>
200007ac:	003e      	movs	r6, r7
200007ae:	e6f1      	b.n	20000594 <dcd_rp2040_irq+0x50>
200007b0:	33f9      	adds	r3, #249	@ 0xf9
200007b2:	33ff      	adds	r3, #255	@ 0xff
200007b4:	5ce7      	ldrb	r7, [r4, r3]
200007b6:	2f00      	cmp	r7, #0
200007b8:	d100      	bne.n	200007bc <dcd_rp2040_irq+0x278>
200007ba:	e703      	b.n	200005c4 <dcd_rp2040_irq+0x80>
200007bc:	3302      	adds	r3, #2
200007be:	5ce2      	ldrb	r2, [r4, r3]
200007c0:	2a00      	cmp	r2, #0
200007c2:	d000      	beq.n	200007c6 <dcd_rp2040_irq+0x282>
200007c4:	e12b      	b.n	20000a1e <dcd_rp2040_irq+0x4da>
200007c6:	003e      	movs	r6, r7
200007c8:	e6fc      	b.n	200005c4 <dcd_rp2040_irq+0x80>
200007ca:	3379      	adds	r3, #121	@ 0x79
200007cc:	33ff      	adds	r3, #255	@ 0xff
200007ce:	5ce7      	ldrb	r7, [r4, r3]
200007d0:	2f00      	cmp	r7, #0
200007d2:	d100      	bne.n	200007d6 <dcd_rp2040_irq+0x292>
200007d4:	e6ea      	b.n	200005ac <dcd_rp2040_irq+0x68>
200007d6:	3302      	adds	r3, #2
200007d8:	5ce2      	ldrb	r2, [r4, r3]
200007da:	2a00      	cmp	r2, #0
200007dc:	d000      	beq.n	200007e0 <dcd_rp2040_irq+0x29c>
200007de:	e115      	b.n	20000a0c <dcd_rp2040_irq+0x4c8>
200007e0:	003e      	movs	r6, r7
200007e2:	e6e3      	b.n	200005ac <dcd_rp2040_irq+0x68>
200007e4:	4b32      	ldr	r3, [pc, #200]	@ (200008b0 <dcd_rp2040_irq+0x36c>)
200007e6:	5ce7      	ldrb	r7, [r4, r3]
200007e8:	2f00      	cmp	r7, #0
200007ea:	d100      	bne.n	200007ee <dcd_rp2040_irq+0x2aa>
200007ec:	e6f4      	b.n	200005d8 <dcd_rp2040_irq+0x94>
200007ee:	3302      	adds	r3, #2
200007f0:	5ce2      	ldrb	r2, [r4, r3]
200007f2:	2a00      	cmp	r2, #0
200007f4:	d000      	beq.n	200007f8 <dcd_rp2040_irq+0x2b4>
200007f6:	e101      	b.n	200009fc <dcd_rp2040_irq+0x4b8>
200007f8:	003e      	movs	r6, r7
200007fa:	e6ed      	b.n	200005d8 <dcd_rp2040_irq+0x94>
200007fc:	3339      	adds	r3, #57	@ 0x39
200007fe:	33ff      	adds	r3, #255	@ 0xff
20000800:	5ce7      	ldrb	r7, [r4, r3]
20000802:	2f00      	cmp	r7, #0
20000804:	d100      	bne.n	20000808 <dcd_rp2040_irq+0x2c4>
20000806:	e6cb      	b.n	200005a0 <dcd_rp2040_irq+0x5c>
20000808:	3302      	adds	r3, #2
2000080a:	5ce2      	ldrb	r2, [r4, r3]
2000080c:	2a00      	cmp	r2, #0
2000080e:	d000      	beq.n	20000812 <dcd_rp2040_irq+0x2ce>
20000810:	e0eb      	b.n	200009ea <dcd_rp2040_irq+0x4a6>
20000812:	003e      	movs	r6, r7
20000814:	e6c4      	b.n	200005a0 <dcd_rp2040_irq+0x5c>
20000816:	3338      	adds	r3, #56	@ 0x38
20000818:	5ce6      	ldrb	r6, [r4, r3]
2000081a:	2e00      	cmp	r6, #0
2000081c:	d100      	bne.n	20000820 <dcd_rp2040_irq+0x2dc>
2000081e:	e6aa      	b.n	20000576 <dcd_rp2040_irq+0x32>
20000820:	3302      	adds	r3, #2
20000822:	5ce2      	ldrb	r2, [r4, r3]
20000824:	2a00      	cmp	r2, #0
20000826:	d100      	bne.n	2000082a <dcd_rp2040_irq+0x2e6>
20000828:	e6a5      	b.n	20000576 <dcd_rp2040_irq+0x32>
2000082a:	0020      	movs	r0, r4
2000082c:	2200      	movs	r2, #0
2000082e:	3020      	adds	r0, #32
20000830:	54e2      	strb	r2, [r4, r3]
20000832:	f000 fa4d 	bl	20000cd0 <hw_endpoint_start_next_buffer>
20000836:	e69e      	b.n	20000576 <dcd_rp2040_irq+0x32>
20000838:	33b9      	adds	r3, #185	@ 0xb9
2000083a:	33ff      	adds	r3, #255	@ 0xff
2000083c:	5ce7      	ldrb	r7, [r4, r3]
2000083e:	2f00      	cmp	r7, #0
20000840:	d100      	bne.n	20000844 <dcd_rp2040_irq+0x300>
20000842:	e6b9      	b.n	200005b8 <dcd_rp2040_irq+0x74>
20000844:	3302      	adds	r3, #2
20000846:	5ce2      	ldrb	r2, [r4, r3]
20000848:	2a00      	cmp	r2, #0
2000084a:	d000      	beq.n	2000084e <dcd_rp2040_irq+0x30a>
2000084c:	e0c4      	b.n	200009d8 <dcd_rp2040_irq+0x494>
2000084e:	003e      	movs	r6, r7
20000850:	e6b2      	b.n	200005b8 <dcd_rp2040_irq+0x74>
20000852:	4b18      	ldr	r3, [pc, #96]	@ (200008b4 <dcd_rp2040_irq+0x370>)
20000854:	5ce7      	ldrb	r7, [r4, r3]
20000856:	2f00      	cmp	r7, #0
20000858:	d100      	bne.n	2000085c <dcd_rp2040_irq+0x318>
2000085a:	e6c7      	b.n	200005ec <dcd_rp2040_irq+0xa8>
2000085c:	3302      	adds	r3, #2
2000085e:	5ce2      	ldrb	r2, [r4, r3]
20000860:	2a00      	cmp	r2, #0
20000862:	d000      	beq.n	20000866 <dcd_rp2040_irq+0x322>
20000864:	e0b0      	b.n	200009c8 <dcd_rp2040_irq+0x484>
20000866:	003e      	movs	r6, r7
20000868:	e6c0      	b.n	200005ec <dcd_rp2040_irq+0xa8>
2000086a:	46c0      	nop			@ (mov r8, r8)
2000086c:	50110000 	.word	0x50110000
20000870:	40054000 	.word	0x40054000
20000874:	20001cec 	.word	0x20001cec
20000878:	20001ce4 	.word	0x20001ce4
2000087c:	0000023b 	.word	0x0000023b
20000880:	0000027b 	.word	0x0000027b
20000884:	000002bb 	.word	0x000002bb
20000888:	000002fb 	.word	0x000002fb
2000088c:	0000033b 	.word	0x0000033b
20000890:	0000037b 	.word	0x0000037b
20000894:	000003bb 	.word	0x000003bb
20000898:	000003fb 	.word	0x000003fb
2000089c:	2000213a 	.word	0x2000213a
200008a0:	50113000 	.word	0x50113000
200008a4:	00020010 	.word	0x00020010
200008a8:	50100000 	.word	0x50100000
200008ac:	50112000 	.word	0x50112000
200008b0:	0000027a 	.word	0x0000027a
200008b4:	000002fa 	.word	0x000002fa
200008b8:	4b6b      	ldr	r3, [pc, #428]	@ (20000a68 <dcd_rp2040_irq+0x524>)
200008ba:	5ce7      	ldrb	r7, [r4, r3]
200008bc:	2f00      	cmp	r7, #0
200008be:	d100      	bne.n	200008c2 <dcd_rp2040_irq+0x37e>
200008c0:	e685      	b.n	200005ce <dcd_rp2040_irq+0x8a>
200008c2:	3302      	adds	r3, #2
200008c4:	5ce2      	ldrb	r2, [r4, r3]
200008c6:	2a00      	cmp	r2, #0
200008c8:	d176      	bne.n	200009b8 <dcd_rp2040_irq+0x474>
200008ca:	003e      	movs	r6, r7
200008cc:	e67f      	b.n	200005ce <dcd_rp2040_irq+0x8a>
200008ce:	4b67      	ldr	r3, [pc, #412]	@ (20000a6c <dcd_rp2040_irq+0x528>)
200008d0:	5ce7      	ldrb	r7, [r4, r3]
200008d2:	2f00      	cmp	r7, #0
200008d4:	d100      	bne.n	200008d8 <dcd_rp2040_irq+0x394>
200008d6:	e684      	b.n	200005e2 <dcd_rp2040_irq+0x9e>
200008d8:	3302      	adds	r3, #2
200008da:	5ce2      	ldrb	r2, [r4, r3]
200008dc:	2a00      	cmp	r2, #0
200008de:	d163      	bne.n	200009a8 <dcd_rp2040_irq+0x464>
200008e0:	003e      	movs	r6, r7
200008e2:	e67e      	b.n	200005e2 <dcd_rp2040_irq+0x9e>
200008e4:	4b62      	ldr	r3, [pc, #392]	@ (20000a70 <dcd_rp2040_irq+0x52c>)
200008e6:	5ce7      	ldrb	r7, [r4, r3]
200008e8:	2f00      	cmp	r7, #0
200008ea:	d100      	bne.n	200008ee <dcd_rp2040_irq+0x3aa>
200008ec:	e688      	b.n	20000600 <dcd_rp2040_irq+0xbc>
200008ee:	3302      	adds	r3, #2
200008f0:	5ce2      	ldrb	r2, [r4, r3]
200008f2:	2a00      	cmp	r2, #0
200008f4:	d000      	beq.n	200008f8 <dcd_rp2040_irq+0x3b4>
200008f6:	e0a3      	b.n	20000a40 <dcd_rp2040_irq+0x4fc>
200008f8:	4b5e      	ldr	r3, [pc, #376]	@ (20000a74 <dcd_rp2040_irq+0x530>)
200008fa:	5ce3      	ldrb	r3, [r4, r3]
200008fc:	2b02      	cmp	r3, #2
200008fe:	d130      	bne.n	20000962 <dcd_rp2040_irq+0x41e>
20000900:	4b5d      	ldr	r3, [pc, #372]	@ (20000a78 <dcd_rp2040_irq+0x534>)
20000902:	5ce3      	ldrb	r3, [r4, r3]
20000904:	2b00      	cmp	r3, #0
20000906:	d127      	bne.n	20000958 <dcd_rp2040_irq+0x414>
20000908:	4b5c      	ldr	r3, [pc, #368]	@ (20000a7c <dcd_rp2040_irq+0x538>)
2000090a:	5ce3      	ldrb	r3, [r4, r3]
2000090c:	2b02      	cmp	r3, #2
2000090e:	d000      	beq.n	20000912 <dcd_rp2040_irq+0x3ce>
20000910:	e68b      	b.n	2000062a <dcd_rp2040_irq+0xe6>
20000912:	003e      	movs	r6, r7
20000914:	4b5a      	ldr	r3, [pc, #360]	@ (20000a80 <dcd_rp2040_irq+0x53c>)
20000916:	5ce3      	ldrb	r3, [r4, r3]
20000918:	2b00      	cmp	r3, #0
2000091a:	d100      	bne.n	2000091e <dcd_rp2040_irq+0x3da>
2000091c:	e67a      	b.n	20000614 <dcd_rp2040_irq+0xd0>
2000091e:	23ff      	movs	r3, #255	@ 0xff
20000920:	009b      	lsls	r3, r3, #2
20000922:	5ce2      	ldrb	r2, [r4, r3]
20000924:	2a00      	cmp	r2, #0
20000926:	d100      	bne.n	2000092a <dcd_rp2040_irq+0x3e6>
20000928:	e67f      	b.n	2000062a <dcd_rp2040_irq+0xe6>
2000092a:	2200      	movs	r2, #0
2000092c:	54e2      	strb	r2, [r4, r3]
2000092e:	3b1c      	subs	r3, #28
20000930:	18e0      	adds	r0, r4, r3
20000932:	f000 f9cd 	bl	20000cd0 <hw_endpoint_start_next_buffer>
20000936:	e678      	b.n	2000062a <dcd_rp2040_irq+0xe6>
20000938:	4b52      	ldr	r3, [pc, #328]	@ (20000a84 <dcd_rp2040_irq+0x540>)
2000093a:	5ce7      	ldrb	r7, [r4, r3]
2000093c:	2f00      	cmp	r7, #0
2000093e:	d100      	bne.n	20000942 <dcd_rp2040_irq+0x3fe>
20000940:	e659      	b.n	200005f6 <dcd_rp2040_irq+0xb2>
20000942:	3302      	adds	r3, #2
20000944:	5ce2      	ldrb	r2, [r4, r3]
20000946:	2a00      	cmp	r2, #0
20000948:	d116      	bne.n	20000978 <dcd_rp2040_irq+0x434>
2000094a:	003e      	movs	r6, r7
2000094c:	e653      	b.n	200005f6 <dcd_rp2040_irq+0xb2>
2000094e:	4b4a      	ldr	r3, [pc, #296]	@ (20000a78 <dcd_rp2040_irq+0x534>)
20000950:	5ce3      	ldrb	r3, [r4, r3]
20000952:	2b00      	cmp	r3, #0
20000954:	d100      	bne.n	20000958 <dcd_rp2040_irq+0x414>
20000956:	e658      	b.n	2000060a <dcd_rp2040_irq+0xc6>
20000958:	23ef      	movs	r3, #239	@ 0xef
2000095a:	009b      	lsls	r3, r3, #2
2000095c:	5ce2      	ldrb	r2, [r4, r3]
2000095e:	2a00      	cmp	r2, #0
20000960:	d175      	bne.n	20000a4e <dcd_rp2040_irq+0x50a>
20000962:	4b46      	ldr	r3, [pc, #280]	@ (20000a7c <dcd_rp2040_irq+0x538>)
20000964:	5ce3      	ldrb	r3, [r4, r3]
20000966:	2b02      	cmp	r3, #2
20000968:	d000      	beq.n	2000096c <dcd_rp2040_irq+0x428>
2000096a:	e65e      	b.n	2000062a <dcd_rp2040_irq+0xe6>
2000096c:	4b44      	ldr	r3, [pc, #272]	@ (20000a80 <dcd_rp2040_irq+0x53c>)
2000096e:	5ce3      	ldrb	r3, [r4, r3]
20000970:	2b00      	cmp	r3, #0
20000972:	d100      	bne.n	20000976 <dcd_rp2040_irq+0x432>
20000974:	e659      	b.n	2000062a <dcd_rp2040_irq+0xe6>
20000976:	e7d2      	b.n	2000091e <dcd_rp2040_irq+0x3da>
20000978:	2200      	movs	r2, #0
2000097a:	54e2      	strb	r2, [r4, r3]
2000097c:	3b1c      	subs	r3, #28
2000097e:	18e0      	adds	r0, r4, r3
20000980:	f000 f9a6 	bl	20000cd0 <hw_endpoint_start_next_buffer>
20000984:	003e      	movs	r6, r7
20000986:	e636      	b.n	200005f6 <dcd_rp2040_irq+0xb2>
20000988:	0020      	movs	r0, r4
2000098a:	2200      	movs	r2, #0
2000098c:	30a0      	adds	r0, #160	@ 0xa0
2000098e:	54e2      	strb	r2, [r4, r3]
20000990:	003e      	movs	r6, r7
20000992:	f000 f99d 	bl	20000cd0 <hw_endpoint_start_next_buffer>
20000996:	e5f8      	b.n	2000058a <dcd_rp2040_irq+0x46>
20000998:	0020      	movs	r0, r4
2000099a:	2200      	movs	r2, #0
2000099c:	3060      	adds	r0, #96	@ 0x60
2000099e:	54e2      	strb	r2, [r4, r3]
200009a0:	003e      	movs	r6, r7
200009a2:	f000 f995 	bl	20000cd0 <hw_endpoint_start_next_buffer>
200009a6:	e5eb      	b.n	20000580 <dcd_rp2040_irq+0x3c>
200009a8:	2200      	movs	r2, #0
200009aa:	54e2      	strb	r2, [r4, r3]
200009ac:	3b1c      	subs	r3, #28
200009ae:	18e0      	adds	r0, r4, r3
200009b0:	f000 f98e 	bl	20000cd0 <hw_endpoint_start_next_buffer>
200009b4:	003e      	movs	r6, r7
200009b6:	e614      	b.n	200005e2 <dcd_rp2040_irq+0x9e>
200009b8:	2200      	movs	r2, #0
200009ba:	54e2      	strb	r2, [r4, r3]
200009bc:	3b1c      	subs	r3, #28
200009be:	18e0      	adds	r0, r4, r3
200009c0:	f000 f986 	bl	20000cd0 <hw_endpoint_start_next_buffer>
200009c4:	003e      	movs	r6, r7
200009c6:	e602      	b.n	200005ce <dcd_rp2040_irq+0x8a>
200009c8:	2200      	movs	r2, #0
200009ca:	54e2      	strb	r2, [r4, r3]
200009cc:	3b1c      	subs	r3, #28
200009ce:	18e0      	adds	r0, r4, r3
200009d0:	f000 f97e 	bl	20000cd0 <hw_endpoint_start_next_buffer>
200009d4:	003e      	movs	r6, r7
200009d6:	e609      	b.n	200005ec <dcd_rp2040_irq+0xa8>
200009d8:	0020      	movs	r0, r4
200009da:	2200      	movs	r2, #0
200009dc:	30a1      	adds	r0, #161	@ 0xa1
200009de:	30ff      	adds	r0, #255	@ 0xff
200009e0:	54e2      	strb	r2, [r4, r3]
200009e2:	003e      	movs	r6, r7
200009e4:	f000 f974 	bl	20000cd0 <hw_endpoint_start_next_buffer>
200009e8:	e5e6      	b.n	200005b8 <dcd_rp2040_irq+0x74>
200009ea:	0020      	movs	r0, r4
200009ec:	2200      	movs	r2, #0
200009ee:	3021      	adds	r0, #33	@ 0x21
200009f0:	30ff      	adds	r0, #255	@ 0xff
200009f2:	54e2      	strb	r2, [r4, r3]
200009f4:	003e      	movs	r6, r7
200009f6:	f000 f96b 	bl	20000cd0 <hw_endpoint_start_next_buffer>
200009fa:	e5d1      	b.n	200005a0 <dcd_rp2040_irq+0x5c>
200009fc:	2200      	movs	r2, #0
200009fe:	54e2      	strb	r2, [r4, r3]
20000a00:	3b1c      	subs	r3, #28
20000a02:	18e0      	adds	r0, r4, r3
20000a04:	f000 f964 	bl	20000cd0 <hw_endpoint_start_next_buffer>
20000a08:	003e      	movs	r6, r7
20000a0a:	e5e5      	b.n	200005d8 <dcd_rp2040_irq+0x94>
20000a0c:	0020      	movs	r0, r4
20000a0e:	2200      	movs	r2, #0
20000a10:	3061      	adds	r0, #97	@ 0x61
20000a12:	30ff      	adds	r0, #255	@ 0xff
20000a14:	54e2      	strb	r2, [r4, r3]
20000a16:	003e      	movs	r6, r7
20000a18:	f000 f95a 	bl	20000cd0 <hw_endpoint_start_next_buffer>
20000a1c:	e5c6      	b.n	200005ac <dcd_rp2040_irq+0x68>
20000a1e:	0020      	movs	r0, r4
20000a20:	2200      	movs	r2, #0
20000a22:	30e1      	adds	r0, #225	@ 0xe1
20000a24:	30ff      	adds	r0, #255	@ 0xff
20000a26:	54e2      	strb	r2, [r4, r3]
20000a28:	003e      	movs	r6, r7
20000a2a:	f000 f951 	bl	20000cd0 <hw_endpoint_start_next_buffer>
20000a2e:	e5c9      	b.n	200005c4 <dcd_rp2040_irq+0x80>
20000a30:	0020      	movs	r0, r4
20000a32:	2200      	movs	r2, #0
20000a34:	30e0      	adds	r0, #224	@ 0xe0
20000a36:	54e2      	strb	r2, [r4, r3]
20000a38:	003e      	movs	r6, r7
20000a3a:	f000 f949 	bl	20000cd0 <hw_endpoint_start_next_buffer>
20000a3e:	e5a9      	b.n	20000594 <dcd_rp2040_irq+0x50>
20000a40:	2200      	movs	r2, #0
20000a42:	54e2      	strb	r2, [r4, r3]
20000a44:	3b1c      	subs	r3, #28
20000a46:	18e0      	adds	r0, r4, r3
20000a48:	f000 f942 	bl	20000cd0 <hw_endpoint_start_next_buffer>
20000a4c:	e754      	b.n	200008f8 <dcd_rp2040_irq+0x3b4>
20000a4e:	2200      	movs	r2, #0
20000a50:	54e2      	strb	r2, [r4, r3]
20000a52:	3b1c      	subs	r3, #28
20000a54:	18e0      	adds	r0, r4, r3
20000a56:	f000 f93b 	bl	20000cd0 <hw_endpoint_start_next_buffer>
20000a5a:	e782      	b.n	20000962 <dcd_rp2040_irq+0x41e>
20000a5c:	0031      	movs	r1, r6
20000a5e:	480a      	ldr	r0, [pc, #40]	@ (20000a88 <dcd_rp2040_irq+0x544>)
20000a60:	4069      	eors	r1, r5
20000a62:	f000 fa9d 	bl	20000fa0 <__panic_veneer>
20000a66:	46c0      	nop			@ (mov r8, r8)
20000a68:	0000023a 	.word	0x0000023a
20000a6c:	000002ba 	.word	0x000002ba
20000a70:	0000037a 	.word	0x0000037a
20000a74:	000003bb 	.word	0x000003bb
20000a78:	000003ba 	.word	0x000003ba
20000a7c:	000003fb 	.word	0x000003fb
20000a80:	000003fa 	.word	0x000003fa
20000a84:	0000033a 	.word	0x0000033a
20000a88:	10007290 	.word	0x10007290

20000a8c <prepare_ep_buffer>:
20000a8c:	b5f0      	push	{r4, r5, r6, r7, lr}
20000a8e:	46c6      	mov	lr, r8
20000a90:	b500      	push	{lr}
20000a92:	0002      	movs	r2, r0
20000a94:	8a83      	ldrh	r3, [r0, #20]
20000a96:	8b00      	ldrh	r0, [r0, #24]
20000a98:	468c      	mov	ip, r1
20000a9a:	1c01      	adds	r1, r0, #0
20000a9c:	4298      	cmp	r0, r3
20000a9e:	d900      	bls.n	20000aa2 <prepare_ep_buffer+0x16>
20000aa0:	1c19      	adds	r1, r3, #0
20000aa2:	78d4      	ldrb	r4, [r2, #3]
20000aa4:	2580      	movs	r5, #128	@ 0x80
20000aa6:	0020      	movs	r0, r4
20000aa8:	1e46      	subs	r6, r0, #1
20000aaa:	41b0      	sbcs	r0, r6
20000aac:	b289      	uxth	r1, r1
20000aae:	00ed      	lsls	r5, r5, #3
20000ab0:	430d      	orrs	r5, r1
20000ab2:	0340      	lsls	r0, r0, #13
20000ab4:	4328      	orrs	r0, r5
20000ab6:	2501      	movs	r5, #1
20000ab8:	406c      	eors	r4, r5
20000aba:	1a5b      	subs	r3, r3, r1
20000abc:	70d4      	strb	r4, [r2, #3]
20000abe:	7854      	ldrb	r4, [r2, #1]
20000ac0:	b29b      	uxth	r3, r3
20000ac2:	8293      	strh	r3, [r2, #20]
20000ac4:	2c00      	cmp	r4, #0
20000ac6:	d131      	bne.n	20000b2c <prepare_ep_buffer+0xa0>
20000ac8:	4664      	mov	r4, ip
20000aca:	68d5      	ldr	r5, [r2, #12]
20000acc:	01a4      	lsls	r4, r4, #6
20000ace:	1e4e      	subs	r6, r1, #1
20000ad0:	192d      	adds	r5, r5, r4
20000ad2:	46b0      	mov	r8, r6
20000ad4:	6914      	ldr	r4, [r2, #16]
20000ad6:	2900      	cmp	r1, #0
20000ad8:	d023      	beq.n	20000b22 <prepare_ep_buffer+0x96>
20000ada:	2e06      	cmp	r6, #6
20000adc:	d932      	bls.n	20000b44 <prepare_ep_buffer+0xb8>
20000ade:	002b      	movs	r3, r5
20000ae0:	4323      	orrs	r3, r4
20000ae2:	079b      	lsls	r3, r3, #30
20000ae4:	d12e      	bne.n	20000b44 <prepare_ep_buffer+0xb8>
20000ae6:	1c63      	adds	r3, r4, #1
20000ae8:	1aeb      	subs	r3, r5, r3
20000aea:	2b02      	cmp	r3, #2
20000aec:	d92a      	bls.n	20000b44 <prepare_ep_buffer+0xb8>
20000aee:	2300      	movs	r3, #0
20000af0:	088f      	lsrs	r7, r1, #2
20000af2:	00bf      	lsls	r7, r7, #2
20000af4:	58e6      	ldr	r6, [r4, r3]
20000af6:	50ee      	str	r6, [r5, r3]
20000af8:	3304      	adds	r3, #4
20000afa:	429f      	cmp	r7, r3
20000afc:	d1fa      	bne.n	20000af4 <prepare_ep_buffer+0x68>
20000afe:	4643      	mov	r3, r8
20000b00:	19ed      	adds	r5, r5, r7
20000b02:	1bdb      	subs	r3, r3, r7
20000b04:	19e4      	adds	r4, r4, r7
20000b06:	42b9      	cmp	r1, r7
20000b08:	d009      	beq.n	20000b1e <prepare_ep_buffer+0x92>
20000b0a:	7826      	ldrb	r6, [r4, #0]
20000b0c:	702e      	strb	r6, [r5, #0]
20000b0e:	2b00      	cmp	r3, #0
20000b10:	d005      	beq.n	20000b1e <prepare_ep_buffer+0x92>
20000b12:	7866      	ldrb	r6, [r4, #1]
20000b14:	706e      	strb	r6, [r5, #1]
20000b16:	2b01      	cmp	r3, #1
20000b18:	d001      	beq.n	20000b1e <prepare_ep_buffer+0x92>
20000b1a:	78a3      	ldrb	r3, [r4, #2]
20000b1c:	70ab      	strb	r3, [r5, #2]
20000b1e:	6914      	ldr	r4, [r2, #16]
20000b20:	8a93      	ldrh	r3, [r2, #20]
20000b22:	1864      	adds	r4, r4, r1
20000b24:	6114      	str	r4, [r2, #16]
20000b26:	2280      	movs	r2, #128	@ 0x80
20000b28:	0212      	lsls	r2, r2, #8
20000b2a:	4310      	orrs	r0, r2
20000b2c:	2b00      	cmp	r3, #0
20000b2e:	d102      	bne.n	20000b36 <prepare_ep_buffer+0xaa>
20000b30:	2380      	movs	r3, #128	@ 0x80
20000b32:	01db      	lsls	r3, r3, #7
20000b34:	4318      	orrs	r0, r3
20000b36:	4663      	mov	r3, ip
20000b38:	2b00      	cmp	r3, #0
20000b3a:	d000      	beq.n	20000b3e <prepare_ep_buffer+0xb2>
20000b3c:	0400      	lsls	r0, r0, #16
20000b3e:	bc80      	pop	{r7}
20000b40:	46b8      	mov	r8, r7
20000b42:	bdf0      	pop	{r4, r5, r6, r7, pc}
20000b44:	2300      	movs	r3, #0
20000b46:	5ce6      	ldrb	r6, [r4, r3]
20000b48:	54ee      	strb	r6, [r5, r3]
20000b4a:	3301      	adds	r3, #1
20000b4c:	4299      	cmp	r1, r3
20000b4e:	d1fa      	bne.n	20000b46 <prepare_ep_buffer+0xba>
20000b50:	e7e5      	b.n	20000b1e <prepare_ep_buffer+0x92>
20000b52:	46c0      	nop			@ (mov r8, r8)

20000b54 <sync_ep_buffer>:
20000b54:	6883      	ldr	r3, [r0, #8]
20000b56:	b5f0      	push	{r4, r5, r6, r7, lr}
20000b58:	681a      	ldr	r2, [r3, #0]
20000b5a:	0004      	movs	r4, r0
20000b5c:	2900      	cmp	r1, #0
20000b5e:	d000      	beq.n	20000b62 <sync_ep_buffer+0xe>
20000b60:	0c12      	lsrs	r2, r2, #16
20000b62:	7863      	ldrb	r3, [r4, #1]
20000b64:	0592      	lsls	r2, r2, #22
20000b66:	0d90      	lsrs	r0, r2, #22
20000b68:	2b00      	cmp	r3, #0
20000b6a:	d108      	bne.n	20000b7e <sync_ep_buffer+0x2a>
20000b6c:	8ae3      	ldrh	r3, [r4, #22]
20000b6e:	18c3      	adds	r3, r0, r3
20000b70:	82e3      	strh	r3, [r4, #22]
20000b72:	8b23      	ldrh	r3, [r4, #24]
20000b74:	4283      	cmp	r3, r0
20000b76:	d901      	bls.n	20000b7c <sync_ep_buffer+0x28>
20000b78:	2300      	movs	r3, #0
20000b7a:	82a3      	strh	r3, [r4, #20]
20000b7c:	bdf0      	pop	{r4, r5, r6, r7, pc}
20000b7e:	68e3      	ldr	r3, [r4, #12]
20000b80:	0189      	lsls	r1, r1, #6
20000b82:	6925      	ldr	r5, [r4, #16]
20000b84:	185e      	adds	r6, r3, r1
20000b86:	1e47      	subs	r7, r0, #1
20000b88:	2800      	cmp	r0, #0
20000b8a:	d022      	beq.n	20000bd2 <sync_ep_buffer+0x7e>
20000b8c:	2f06      	cmp	r7, #6
20000b8e:	d926      	bls.n	20000bde <sync_ep_buffer+0x8a>
20000b90:	3101      	adds	r1, #1
20000b92:	185b      	adds	r3, r3, r1
20000b94:	1aeb      	subs	r3, r5, r3
20000b96:	2b02      	cmp	r3, #2
20000b98:	d921      	bls.n	20000bde <sync_ep_buffer+0x8a>
20000b9a:	002b      	movs	r3, r5
20000b9c:	4333      	orrs	r3, r6
20000b9e:	079b      	lsls	r3, r3, #30
20000ba0:	d11d      	bne.n	20000bde <sync_ep_buffer+0x8a>
20000ba2:	2300      	movs	r3, #0
20000ba4:	0e12      	lsrs	r2, r2, #24
20000ba6:	0092      	lsls	r2, r2, #2
20000ba8:	58f1      	ldr	r1, [r6, r3]
20000baa:	50e9      	str	r1, [r5, r3]
20000bac:	3304      	adds	r3, #4
20000bae:	429a      	cmp	r2, r3
20000bb0:	d1fa      	bne.n	20000ba8 <sync_ep_buffer+0x54>
20000bb2:	1abf      	subs	r7, r7, r2
20000bb4:	18ad      	adds	r5, r5, r2
20000bb6:	18b6      	adds	r6, r6, r2
20000bb8:	4290      	cmp	r0, r2
20000bba:	d009      	beq.n	20000bd0 <sync_ep_buffer+0x7c>
20000bbc:	7832      	ldrb	r2, [r6, #0]
20000bbe:	702a      	strb	r2, [r5, #0]
20000bc0:	2f00      	cmp	r7, #0
20000bc2:	d005      	beq.n	20000bd0 <sync_ep_buffer+0x7c>
20000bc4:	7872      	ldrb	r2, [r6, #1]
20000bc6:	706a      	strb	r2, [r5, #1]
20000bc8:	2f01      	cmp	r7, #1
20000bca:	d001      	beq.n	20000bd0 <sync_ep_buffer+0x7c>
20000bcc:	78b2      	ldrb	r2, [r6, #2]
20000bce:	70aa      	strb	r2, [r5, #2]
20000bd0:	6925      	ldr	r5, [r4, #16]
20000bd2:	8ae3      	ldrh	r3, [r4, #22]
20000bd4:	182d      	adds	r5, r5, r0
20000bd6:	18c3      	adds	r3, r0, r3
20000bd8:	82e3      	strh	r3, [r4, #22]
20000bda:	6125      	str	r5, [r4, #16]
20000bdc:	e7c9      	b.n	20000b72 <sync_ep_buffer+0x1e>
20000bde:	2200      	movs	r2, #0
20000be0:	5cb3      	ldrb	r3, [r6, r2]
20000be2:	54ab      	strb	r3, [r5, r2]
20000be4:	3201      	adds	r2, #1
20000be6:	4290      	cmp	r0, r2
20000be8:	d1fa      	bne.n	20000be0 <sync_ep_buffer+0x8c>
20000bea:	6925      	ldr	r5, [r4, #16]
20000bec:	e7f1      	b.n	20000bd2 <sync_ep_buffer+0x7e>
20000bee:	46c0      	nop			@ (mov r8, r8)

20000bf0 <_hw_endpoint_xfer_sync>:
20000bf0:	b510      	push	{r4, lr}
20000bf2:	0004      	movs	r4, r0
20000bf4:	6883      	ldr	r3, [r0, #8]
20000bf6:	2100      	movs	r1, #0
20000bf8:	681b      	ldr	r3, [r3, #0]
20000bfa:	f7ff ffab 	bl	20000b54 <sync_ep_buffer>
20000bfe:	6863      	ldr	r3, [r4, #4]
20000c00:	681b      	ldr	r3, [r3, #0]
20000c02:	005b      	lsls	r3, r3, #1
20000c04:	d502      	bpl.n	20000c0c <_hw_endpoint_xfer_sync+0x1c>
20000c06:	8b23      	ldrh	r3, [r4, #24]
20000c08:	4283      	cmp	r3, r0
20000c0a:	d000      	beq.n	20000c0e <_hw_endpoint_xfer_sync+0x1e>
20000c0c:	bd10      	pop	{r4, pc}
20000c0e:	2101      	movs	r1, #1
20000c10:	0020      	movs	r0, r4
20000c12:	f7ff ff9f 	bl	20000b54 <sync_ep_buffer>
20000c16:	e7f9      	b.n	20000c0c <_hw_endpoint_xfer_sync+0x1c>

20000c18 <e15_is_bulkin_ep>:
20000c18:	4a08      	ldr	r2, [pc, #32]	@ (20000c3c <e15_is_bulkin_ep+0x24>)
20000c1a:	0003      	movs	r3, r0
20000c1c:	6c12      	ldr	r2, [r2, #64]	@ 0x40
20000c1e:	2000      	movs	r0, #0
20000c20:	0792      	lsls	r2, r2, #30
20000c22:	d403      	bmi.n	20000c2c <e15_is_bulkin_ep+0x14>
20000c24:	789a      	ldrb	r2, [r3, #2]
20000c26:	09d2      	lsrs	r2, r2, #7
20000c28:	2a01      	cmp	r2, #1
20000c2a:	d000      	beq.n	20000c2e <e15_is_bulkin_ep+0x16>
20000c2c:	4770      	bx	lr
20000c2e:	7ed8      	ldrb	r0, [r3, #27]
20000c30:	3802      	subs	r0, #2
20000c32:	4243      	negs	r3, r0
20000c34:	4158      	adcs	r0, r3
20000c36:	b2c0      	uxtb	r0, r0
20000c38:	e7f8      	b.n	20000c2c <e15_is_bulkin_ep+0x14>
20000c3a:	46c0      	nop			@ (mov r8, r8)
20000c3c:	50110000 	.word	0x50110000

20000c40 <e15_is_critical_frame_period>:
20000c40:	b510      	push	{r4, lr}
20000c42:	f7ff ffe9 	bl	20000c18 <e15_is_bulkin_ep>
20000c46:	2800      	cmp	r0, #0
20000c48:	d00c      	beq.n	20000c64 <e15_is_critical_frame_period+0x24>
20000c4a:	4907      	ldr	r1, [pc, #28]	@ (20000c68 <e15_is_critical_frame_period+0x28>)
20000c4c:	4b07      	ldr	r3, [pc, #28]	@ (20000c6c <e15_is_critical_frame_period+0x2c>)
20000c4e:	468c      	mov	ip, r1
20000c50:	4a07      	ldr	r2, [pc, #28]	@ (20000c70 <e15_is_critical_frame_period+0x30>)
20000c52:	6a9b      	ldr	r3, [r3, #40]	@ 0x28
20000c54:	6812      	ldr	r2, [r2, #0]
20000c56:	4463      	add	r3, ip
20000c58:	1a9b      	subs	r3, r3, r2
20000c5a:	2000      	movs	r0, #0
20000c5c:	22c6      	movs	r2, #198	@ 0xc6
20000c5e:	429a      	cmp	r2, r3
20000c60:	4140      	adcs	r0, r0
20000c62:	b2c0      	uxtb	r0, r0
20000c64:	bd10      	pop	{r4, pc}
20000c66:	46c0      	nop			@ (mov r8, r8)
20000c68:	fffffce0 	.word	0xfffffce0
20000c6c:	40054000 	.word	0x40054000
20000c70:	20001ce4 	.word	0x20001ce4

20000c74 <hw_endpoint_reset_transfer>:
20000c74:	2300      	movs	r3, #0
20000c76:	7683      	strb	r3, [r0, #26]
20000c78:	6143      	str	r3, [r0, #20]
20000c7a:	6103      	str	r3, [r0, #16]
20000c7c:	4770      	bx	lr
20000c7e:	46c0      	nop			@ (mov r8, r8)

20000c80 <_hw_endpoint_buffer_control_update32>:
20000c80:	b510      	push	{r4, lr}
20000c82:	6883      	ldr	r3, [r0, #8]
20000c84:	2900      	cmp	r1, #0
20000c86:	d001      	beq.n	20000c8c <_hw_endpoint_buffer_control_update32+0xc>
20000c88:	681c      	ldr	r4, [r3, #0]
20000c8a:	4021      	ands	r1, r4
20000c8c:	2a00      	cmp	r2, #0
20000c8e:	d012      	beq.n	20000cb6 <_hw_endpoint_buffer_control_update32+0x36>
20000c90:	2480      	movs	r4, #128	@ 0x80
20000c92:	00e4      	lsls	r4, r4, #3
20000c94:	4311      	orrs	r1, r2
20000c96:	4222      	tst	r2, r4
20000c98:	d00d      	beq.n	20000cb6 <_hw_endpoint_buffer_control_update32+0x36>
20000c9a:	681a      	ldr	r2, [r3, #0]
20000c9c:	4222      	tst	r2, r4
20000c9e:	d10c      	bne.n	20000cba <_hw_endpoint_buffer_control_update32+0x3a>
20000ca0:	4a08      	ldr	r2, [pc, #32]	@ (20000cc4 <_hw_endpoint_buffer_control_update32+0x44>)
20000ca2:	400a      	ands	r2, r1
20000ca4:	601a      	str	r2, [r3, #0]
20000ca6:	4a08      	ldr	r2, [pc, #32]	@ (20000cc8 <_hw_endpoint_buffer_control_update32+0x48>)
20000ca8:	6c12      	ldr	r2, [r2, #64]	@ 0x40
20000caa:	0792      	lsls	r2, r2, #30
20000cac:	d403      	bmi.n	20000cb6 <_hw_endpoint_buffer_control_update32+0x36>
20000cae:	230c      	movs	r3, #12
20000cb0:	3b03      	subs	r3, #3
20000cb2:	d2fd      	bcs.n	20000cb0 <_hw_endpoint_buffer_control_update32+0x30>
20000cb4:	6883      	ldr	r3, [r0, #8]
20000cb6:	6019      	str	r1, [r3, #0]
20000cb8:	bd10      	pop	{r4, pc}
20000cba:	7881      	ldrb	r1, [r0, #2]
20000cbc:	4803      	ldr	r0, [pc, #12]	@ (20000ccc <_hw_endpoint_buffer_control_update32+0x4c>)
20000cbe:	f000 f96f 	bl	20000fa0 <__panic_veneer>
20000cc2:	46c0      	nop			@ (mov r8, r8)
20000cc4:	fffffbff 	.word	0xfffffbff
20000cc8:	50110000 	.word	0x50110000
20000ccc:	100072a4 	.word	0x100072a4

20000cd0 <hw_endpoint_start_next_buffer>:
20000cd0:	6843      	ldr	r3, [r0, #4]
20000cd2:	b570      	push	{r4, r5, r6, lr}
20000cd4:	2100      	movs	r1, #0
20000cd6:	2580      	movs	r5, #128	@ 0x80
20000cd8:	0004      	movs	r4, r0
20000cda:	681e      	ldr	r6, [r3, #0]
20000cdc:	f7ff fed6 	bl	20000a8c <prepare_ep_buffer>
20000ce0:	4b12      	ldr	r3, [pc, #72]	@ (20000d2c <hw_endpoint_start_next_buffer+0x5c>)
20000ce2:	016d      	lsls	r5, r5, #5
20000ce4:	6c1a      	ldr	r2, [r3, #64]	@ 0x40
20000ce6:	4305      	orrs	r5, r0
20000ce8:	78a3      	ldrb	r3, [r4, #2]
20000cea:	0792      	lsls	r2, r2, #30
20000cec:	d50e      	bpl.n	20000d0c <hw_endpoint_start_next_buffer+0x3c>
20000cee:	065b      	lsls	r3, r3, #25
20000cf0:	d00e      	beq.n	20000d10 <hw_endpoint_start_next_buffer+0x40>
20000cf2:	4b0f      	ldr	r3, [pc, #60]	@ (20000d30 <hw_endpoint_start_next_buffer+0x60>)
20000cf4:	401e      	ands	r6, r3
20000cf6:	2380      	movs	r3, #128	@ 0x80
20000cf8:	059b      	lsls	r3, r3, #22
20000cfa:	4333      	orrs	r3, r6
20000cfc:	6862      	ldr	r2, [r4, #4]
20000cfe:	2100      	movs	r1, #0
20000d00:	6013      	str	r3, [r2, #0]
20000d02:	0020      	movs	r0, r4
20000d04:	002a      	movs	r2, r5
20000d06:	f7ff ffbb 	bl	20000c80 <_hw_endpoint_buffer_control_update32>
20000d0a:	bd70      	pop	{r4, r5, r6, pc}
20000d0c:	09db      	lsrs	r3, r3, #7
20000d0e:	d0f0      	beq.n	20000cf2 <hw_endpoint_start_next_buffer+0x22>
20000d10:	8aa3      	ldrh	r3, [r4, #20]
20000d12:	2b00      	cmp	r3, #0
20000d14:	d0ed      	beq.n	20000cf2 <hw_endpoint_start_next_buffer+0x22>
20000d16:	2101      	movs	r1, #1
20000d18:	0020      	movs	r0, r4
20000d1a:	f7ff feb7 	bl	20000a8c <prepare_ep_buffer>
20000d1e:	23a0      	movs	r3, #160	@ 0xa0
20000d20:	4a04      	ldr	r2, [pc, #16]	@ (20000d34 <hw_endpoint_start_next_buffer+0x64>)
20000d22:	05db      	lsls	r3, r3, #23
20000d24:	4032      	ands	r2, r6
20000d26:	4305      	orrs	r5, r0
20000d28:	4313      	orrs	r3, r2
20000d2a:	e7e7      	b.n	20000cfc <hw_endpoint_start_next_buffer+0x2c>
20000d2c:	50110000 	.word	0x50110000
20000d30:	afffffff 	.word	0xafffffff
20000d34:	dfffffff 	.word	0xdfffffff

20000d38 <hw_endpoint_xfer_continue>:
20000d38:	b570      	push	{r4, r5, r6, lr}
20000d3a:	7e85      	ldrb	r5, [r0, #26]
20000d3c:	0004      	movs	r4, r0
20000d3e:	2d00      	cmp	r5, #0
20000d40:	d014      	beq.n	20000d6c <hw_endpoint_xfer_continue+0x34>
20000d42:	f7ff ff55 	bl	20000bf0 <_hw_endpoint_xfer_sync>
20000d46:	8aa3      	ldrh	r3, [r4, #20]
20000d48:	2b00      	cmp	r3, #0
20000d4a:	d101      	bne.n	20000d50 <hw_endpoint_xfer_continue+0x18>
20000d4c:	0028      	movs	r0, r5
20000d4e:	bd70      	pop	{r4, r5, r6, pc}
20000d50:	0020      	movs	r0, r4
20000d52:	f7ff ff75 	bl	20000c40 <e15_is_critical_frame_period>
20000d56:	2800      	cmp	r0, #0
20000d58:	d003      	beq.n	20000d62 <hw_endpoint_xfer_continue+0x2a>
20000d5a:	2301      	movs	r3, #1
20000d5c:	2500      	movs	r5, #0
20000d5e:	7723      	strb	r3, [r4, #28]
20000d60:	e7f4      	b.n	20000d4c <hw_endpoint_xfer_continue+0x14>
20000d62:	0020      	movs	r0, r4
20000d64:	f7ff ffb4 	bl	20000cd0 <hw_endpoint_start_next_buffer>
20000d68:	2500      	movs	r5, #0
20000d6a:	e7ef      	b.n	20000d4c <hw_endpoint_xfer_continue+0x14>
20000d6c:	7881      	ldrb	r1, [r0, #2]
20000d6e:	4801      	ldr	r0, [pc, #4]	@ (20000d74 <hw_endpoint_xfer_continue+0x3c>)
20000d70:	f000 f916 	bl	20000fa0 <__panic_veneer>
20000d74:	100072c4 	.word	0x100072c4

20000d78 <dcd_event_handler>:
20000d78:	b5f0      	push	{r4, r5, r6, r7, lr}
20000d7a:	46ce      	mov	lr, r9
20000d7c:	4647      	mov	r7, r8
20000d7e:	b580      	push	{r7, lr}
20000d80:	7843      	ldrb	r3, [r0, #1]
20000d82:	0005      	movs	r5, r0
20000d84:	000e      	movs	r6, r1
20000d86:	b085      	sub	sp, #20
20000d88:	2b06      	cmp	r3, #6
20000d8a:	d808      	bhi.n	20000d9e <dcd_event_handler+0x26>
20000d8c:	4a6c      	ldr	r2, [pc, #432]	@ (20000f40 <dcd_event_handler+0x1c8>)
20000d8e:	009b      	lsls	r3, r3, #2
20000d90:	58d3      	ldr	r3, [r2, r3]
20000d92:	469f      	mov	pc, r3
20000d94:	4a6b      	ldr	r2, [pc, #428]	@ (20000f44 <dcd_event_handler+0x1cc>)
20000d96:	7813      	ldrb	r3, [r2, #0]
20000d98:	3301      	adds	r3, #1
20000d9a:	b2db      	uxtb	r3, r3
20000d9c:	7013      	strb	r3, [r2, #0]
20000d9e:	4b6a      	ldr	r3, [pc, #424]	@ (20000f48 <dcd_event_handler+0x1d0>)
20000da0:	681c      	ldr	r4, [r3, #0]
20000da2:	6962      	ldr	r2, [r4, #20]
20000da4:	f3ef 8110 	mrs	r1, PRIMASK
20000da8:	b672      	cpsid	i
20000daa:	6813      	ldr	r3, [r2, #0]
20000dac:	2b00      	cmp	r3, #0
20000dae:	d0fc      	beq.n	20000daa <dcd_event_handler+0x32>
20000db0:	f3bf 8f5f 	dmb	sy
20000db4:	61a1      	str	r1, [r4, #24]
20000db6:	0020      	movs	r0, r4
20000db8:	0029      	movs	r1, r5
20000dba:	f000 f8e1 	bl	20000f80 <__tu_fifo_write_veneer>
20000dbe:	6962      	ldr	r2, [r4, #20]
20000dc0:	69a3      	ldr	r3, [r4, #24]
20000dc2:	f3bf 8f5f 	dmb	sy
20000dc6:	2100      	movs	r1, #0
20000dc8:	6011      	str	r1, [r2, #0]
20000dca:	f383 8810 	msr	PRIMASK, r3
20000dce:	2800      	cmp	r0, #0
20000dd0:	d104      	bne.n	20000ddc <dcd_event_handler+0x64>
20000dd2:	b005      	add	sp, #20
20000dd4:	bcc0      	pop	{r6, r7}
20000dd6:	46b9      	mov	r9, r7
20000dd8:	46b0      	mov	r8, r6
20000dda:	bdf0      	pop	{r4, r5, r6, r7, pc}
20000ddc:	0032      	movs	r2, r6
20000dde:	7869      	ldrb	r1, [r5, #1]
20000de0:	7828      	ldrb	r0, [r5, #0]
20000de2:	f000 f8c5 	bl	20000f70 <__tud_event_hook_cb_veneer>
20000de6:	e7f4      	b.n	20000dd2 <dcd_event_handler+0x5a>
20000de8:	2101      	movs	r1, #1
20000dea:	4b58      	ldr	r3, [pc, #352]	@ (20000f4c <dcd_event_handler+0x1d4>)
20000dec:	781a      	ldrb	r2, [r3, #0]
20000dee:	438a      	bics	r2, r1
20000df0:	701a      	strb	r2, [r3, #0]
20000df2:	781a      	ldrb	r2, [r3, #0]
20000df4:	3101      	adds	r1, #1
20000df6:	438a      	bics	r2, r1
20000df8:	701a      	strb	r2, [r3, #0]
20000dfa:	2200      	movs	r2, #0
20000dfc:	705a      	strb	r2, [r3, #1]
20000dfe:	781a      	ldrb	r2, [r3, #0]
20000e00:	3102      	adds	r1, #2
20000e02:	438a      	bics	r2, r1
20000e04:	701a      	strb	r2, [r3, #0]
20000e06:	e7ca      	b.n	20000d9e <dcd_event_handler+0x26>
20000e08:	4951      	ldr	r1, [pc, #324]	@ (20000f50 <dcd_event_handler+0x1d8>)
20000e0a:	4f52      	ldr	r7, [pc, #328]	@ (20000f54 <dcd_event_handler+0x1dc>)
20000e0c:	4689      	mov	r9, r1
20000e0e:	4952      	ldr	r1, [pc, #328]	@ (20000f58 <dcd_event_handler+0x1e0>)
20000e10:	2400      	movs	r4, #0
20000e12:	2300      	movs	r3, #0
20000e14:	4688      	mov	r8, r1
20000e16:	783a      	ldrb	r2, [r7, #0]
20000e18:	e012      	b.n	20000e40 <dcd_event_handler+0xc8>
20000e1a:	4643      	mov	r3, r8
20000e1c:	681b      	ldr	r3, [r3, #0]
20000e1e:	0161      	lsls	r1, r4, #5
20000e20:	185b      	adds	r3, r3, r1
20000e22:	2b00      	cmp	r3, #0
20000e24:	d006      	beq.n	20000e34 <dcd_event_handler+0xbc>
20000e26:	69db      	ldr	r3, [r3, #28]
20000e28:	2b00      	cmp	r3, #0
20000e2a:	d003      	beq.n	20000e34 <dcd_event_handler+0xbc>
20000e2c:	6869      	ldr	r1, [r5, #4]
20000e2e:	7828      	ldrb	r0, [r5, #0]
20000e30:	4798      	blx	r3
20000e32:	783a      	ldrb	r2, [r7, #0]
20000e34:	3401      	adds	r4, #1
20000e36:	b2e4      	uxtb	r4, r4
20000e38:	1c51      	adds	r1, r2, #1
20000e3a:	0023      	movs	r3, r4
20000e3c:	42a1      	cmp	r1, r4
20000e3e:	db17      	blt.n	20000e70 <dcd_event_handler+0xf8>
20000e40:	42a2      	cmp	r2, r4
20000e42:	d8ea      	bhi.n	20000e1a <dcd_event_handler+0xa2>
20000e44:	1a9b      	subs	r3, r3, r2
20000e46:	015b      	lsls	r3, r3, #5
20000e48:	444b      	add	r3, r9
20000e4a:	e7ec      	b.n	20000e26 <dcd_event_handler+0xae>
20000e4c:	4b3f      	ldr	r3, [pc, #252]	@ (20000f4c <dcd_event_handler+0x1d4>)
20000e4e:	781a      	ldrb	r2, [r3, #0]
20000e50:	07d2      	lsls	r2, r2, #31
20000e52:	d5be      	bpl.n	20000dd2 <dcd_event_handler+0x5a>
20000e54:	2104      	movs	r1, #4
20000e56:	781a      	ldrb	r2, [r3, #0]
20000e58:	430a      	orrs	r2, r1
20000e5a:	701a      	strb	r2, [r3, #0]
20000e5c:	e79f      	b.n	20000d9e <dcd_event_handler+0x26>
20000e5e:	4b3b      	ldr	r3, [pc, #236]	@ (20000f4c <dcd_event_handler+0x1d4>)
20000e60:	781a      	ldrb	r2, [r3, #0]
20000e62:	07d2      	lsls	r2, r2, #31
20000e64:	d5b5      	bpl.n	20000dd2 <dcd_event_handler+0x5a>
20000e66:	2104      	movs	r1, #4
20000e68:	781a      	ldrb	r2, [r3, #0]
20000e6a:	438a      	bics	r2, r1
20000e6c:	701a      	strb	r2, [r3, #0]
20000e6e:	e796      	b.n	20000d9e <dcd_event_handler+0x26>
20000e70:	4f36      	ldr	r7, [pc, #216]	@ (20000f4c <dcd_event_handler+0x1d4>)
20000e72:	783b      	ldrb	r3, [r7, #0]
20000e74:	075b      	lsls	r3, r3, #29
20000e76:	d52b      	bpl.n	20000ed0 <dcd_event_handler+0x158>
20000e78:	2204      	movs	r2, #4
20000e7a:	783b      	ldrb	r3, [r7, #0]
20000e7c:	2100      	movs	r1, #0
20000e7e:	4393      	bics	r3, r2
20000e80:	703b      	strb	r3, [r7, #0]
20000e82:	466b      	mov	r3, sp
20000e84:	3206      	adds	r2, #6
20000e86:	1d98      	adds	r0, r3, #6
20000e88:	f000 f86a 	bl	20000f60 <____wrap_memset_veneer>
20000e8c:	782b      	ldrb	r3, [r5, #0]
20000e8e:	ac01      	add	r4, sp, #4
20000e90:	7023      	strb	r3, [r4, #0]
20000e92:	2305      	movs	r3, #5
20000e94:	7063      	strb	r3, [r4, #1]
20000e96:	4b2c      	ldr	r3, [pc, #176]	@ (20000f48 <dcd_event_handler+0x1d0>)
20000e98:	681b      	ldr	r3, [r3, #0]
20000e9a:	4698      	mov	r8, r3
20000e9c:	695a      	ldr	r2, [r3, #20]
20000e9e:	f3ef 8110 	mrs	r1, PRIMASK
20000ea2:	b672      	cpsid	i
20000ea4:	6813      	ldr	r3, [r2, #0]
20000ea6:	2b00      	cmp	r3, #0
20000ea8:	d0fc      	beq.n	20000ea4 <dcd_event_handler+0x12c>
20000eaa:	f3bf 8f5f 	dmb	sy
20000eae:	4643      	mov	r3, r8
20000eb0:	4640      	mov	r0, r8
20000eb2:	6199      	str	r1, [r3, #24]
20000eb4:	0021      	movs	r1, r4
20000eb6:	f000 f863 	bl	20000f80 <__tu_fifo_write_veneer>
20000eba:	4643      	mov	r3, r8
20000ebc:	695a      	ldr	r2, [r3, #20]
20000ebe:	699b      	ldr	r3, [r3, #24]
20000ec0:	f3bf 8f5f 	dmb	sy
20000ec4:	2100      	movs	r1, #0
20000ec6:	6011      	str	r1, [r2, #0]
20000ec8:	f383 8810 	msr	PRIMASK, r3
20000ecc:	2800      	cmp	r0, #0
20000ece:	d131      	bne.n	20000f34 <dcd_event_handler+0x1bc>
20000ed0:	78fb      	ldrb	r3, [r7, #3]
20000ed2:	07db      	lsls	r3, r3, #31
20000ed4:	d400      	bmi.n	20000ed8 <dcd_event_handler+0x160>
20000ed6:	e77c      	b.n	20000dd2 <dcd_event_handler+0x5a>
20000ed8:	466b      	mov	r3, sp
20000eda:	220a      	movs	r2, #10
20000edc:	2100      	movs	r1, #0
20000ede:	1d98      	adds	r0, r3, #6
20000ee0:	f000 f83e 	bl	20000f60 <____wrap_memset_veneer>
20000ee4:	782b      	ldrb	r3, [r5, #0]
20000ee6:	ac01      	add	r4, sp, #4
20000ee8:	7023      	strb	r3, [r4, #0]
20000eea:	2303      	movs	r3, #3
20000eec:	7063      	strb	r3, [r4, #1]
20000eee:	686b      	ldr	r3, [r5, #4]
20000ef0:	6063      	str	r3, [r4, #4]
20000ef2:	4b15      	ldr	r3, [pc, #84]	@ (20000f48 <dcd_event_handler+0x1d0>)
20000ef4:	681d      	ldr	r5, [r3, #0]
20000ef6:	696a      	ldr	r2, [r5, #20]
20000ef8:	f3ef 8110 	mrs	r1, PRIMASK
20000efc:	b672      	cpsid	i
20000efe:	6813      	ldr	r3, [r2, #0]
20000f00:	2b00      	cmp	r3, #0
20000f02:	d0fc      	beq.n	20000efe <dcd_event_handler+0x186>
20000f04:	f3bf 8f5f 	dmb	sy
20000f08:	61a9      	str	r1, [r5, #24]
20000f0a:	0028      	movs	r0, r5
20000f0c:	0021      	movs	r1, r4
20000f0e:	f000 f837 	bl	20000f80 <__tu_fifo_write_veneer>
20000f12:	696a      	ldr	r2, [r5, #20]
20000f14:	69ab      	ldr	r3, [r5, #24]
20000f16:	f3bf 8f5f 	dmb	sy
20000f1a:	2100      	movs	r1, #0
20000f1c:	6011      	str	r1, [r2, #0]
20000f1e:	f383 8810 	msr	PRIMASK, r3
20000f22:	2800      	cmp	r0, #0
20000f24:	d100      	bne.n	20000f28 <dcd_event_handler+0x1b0>
20000f26:	e754      	b.n	20000dd2 <dcd_event_handler+0x5a>
20000f28:	0032      	movs	r2, r6
20000f2a:	7861      	ldrb	r1, [r4, #1]
20000f2c:	7820      	ldrb	r0, [r4, #0]
20000f2e:	f000 f81f 	bl	20000f70 <__tud_event_hook_cb_veneer>
20000f32:	e74e      	b.n	20000dd2 <dcd_event_handler+0x5a>
20000f34:	0032      	movs	r2, r6
20000f36:	7861      	ldrb	r1, [r4, #1]
20000f38:	7820      	ldrb	r0, [r4, #0]
20000f3a:	f000 f819 	bl	20000f70 <__tud_event_hook_cb_veneer>
20000f3e:	e7c7      	b.n	20000ed0 <dcd_event_handler+0x158>
20000f40:	10007738 	.word	0x10007738
20000f44:	2000213b 	.word	0x2000213b
20000f48:	200017f0 	.word	0x200017f0
20000f4c:	20001798 	.word	0x20001798
20000f50:	10007754 	.word	0x10007754
20000f54:	20002139 	.word	0x20002139
20000f58:	200015e8 	.word	0x200015e8

20000f5c <__aeabi_idiv0>:
20000f5c:	4770      	bx	lr
20000f5e:	46c0      	nop			@ (mov r8, r8)

20000f60 <____wrap_memset_veneer>:
20000f60:	b401      	push	{r0}
20000f62:	4802      	ldr	r0, [pc, #8]	@ (20000f6c <____wrap_memset_veneer+0xc>)
20000f64:	4684      	mov	ip, r0
20000f66:	bc01      	pop	{r0}
20000f68:	4760      	bx	ip
20000f6a:	bf00      	nop
20000f6c:	10002841 	.word	0x10002841

20000f70 <__tud_event_hook_cb_veneer>:
20000f70:	b401      	push	{r0}
20000f72:	4802      	ldr	r0, [pc, #8]	@ (20000f7c <__tud_event_hook_cb_veneer+0xc>)
20000f74:	4684      	mov	ip, r0
20000f76:	bc01      	pop	{r0}
20000f78:	4760      	bx	ip
20000f7a:	bf00      	nop
20000f7c:	10005035 	.word	0x10005035

20000f80 <__tu_fifo_write_veneer>:
20000f80:	b401      	push	{r0}
20000f82:	4802      	ldr	r0, [pc, #8]	@ (20000f8c <__tu_fifo_write_veneer+0xc>)
20000f84:	4684      	mov	ip, r0
20000f86:	bc01      	pop	{r0}
20000f88:	4760      	bx	ip
20000f8a:	bf00      	nop
20000f8c:	10006a95 	.word	0x10006a95

20000f90 <____wrap___aeabi_lmul_veneer>:
20000f90:	b401      	push	{r0}
20000f92:	4802      	ldr	r0, [pc, #8]	@ (20000f9c <____wrap___aeabi_lmul_veneer+0xc>)
20000f94:	4684      	mov	ip, r0
20000f96:	bc01      	pop	{r0}
20000f98:	4760      	bx	ip
20000f9a:	bf00      	nop
20000f9c:	1000276d 	.word	0x1000276d

20000fa0 <__panic_veneer>:
20000fa0:	b401      	push	{r0}
20000fa2:	4802      	ldr	r0, [pc, #8]	@ (20000fac <__panic_veneer+0xc>)
20000fa4:	4684      	mov	ip, r0
20000fa6:	bc01      	pop	{r0}
20000fa8:	4760      	bx	ip
20000faa:	bf00      	nop
20000fac:	10000511 	.word	0x10000511

20000fb0 <__best_effort_wfe_or_timeout_veneer>:
20000fb0:	b401      	push	{r0}
20000fb2:	4802      	ldr	r0, [pc, #8]	@ (20000fbc <__best_effort_wfe_or_timeout_veneer+0xc>)
20000fb4:	4684      	mov	ip, r0
20000fb6:	bc01      	pop	{r0}
20000fb8:	4760      	bx	ip
20000fba:	bf00      	nop
20000fbc:	100011d5 	.word	0x100011d5

20000fc0 <__rp2040_chip_version_veneer>:
20000fc0:	b401      	push	{r0}
20000fc2:	4802      	ldr	r0, [pc, #8]	@ (20000fcc <__rp2040_chip_version_veneer+0xc>)
20000fc4:	4684      	mov	ip, r0
20000fc6:	bc01      	pop	{r0}
20000fc8:	4760      	bx	ip
20000fca:	bf00      	nop
20000fcc:	10000505 	.word	0x10000505

20000fd0 <__time_us_64_veneer>:
20000fd0:	b401      	push	{r0}
20000fd2:	4802      	ldr	r0, [pc, #8]	@ (20000fdc <__time_us_64_veneer+0xc>)
20000fd4:	4684      	mov	ip, r0
20000fd6:	bc01      	pop	{r0}
20000fd8:	4760      	bx	ip
20000fda:	bf00      	nop
20000fdc:	10001305 	.word	0x10001305

20000fe0 <striped_spin_lock_num>:
20000fe0:	00000010                                ....

20000fe4 <irq_handler_chain_slots>:
20000fe4:	00000000 	.word	0x00000000
20000fe8:	00010000 	.word	0x00010000
	...
20000ff4:	00020000 	.word	0x00020000
	...
20001000:	00030000 	.word	0x00030000
	...
2000100c:	00ff0000 	.word	0x00ff0000
20001010:	00000000 	.word	0x00000000

20001014 <irq_handler_chain_first_slot>:
20001014:	b501      	push	{r0, lr}
20001016:	6848      	ldr	r0, [r1, #4]
20001018:	3101      	adds	r1, #1
2000101a:	468e      	mov	lr, r1
2000101c:	4700      	bx	r0

2000101e <irq_handler_chain_remove_tail>:
2000101e:	4670      	mov	r0, lr
20001020:	3809      	subs	r0, #9
20001022:	4901      	ldr	r1, [pc, #4]	@ (20001028 <irq_handler_chain_remove_tail+0xa>)
20001024:	4788      	blx	r1
20001026:	bd01      	pop	{r0, pc}
20001028:	10000941 	.word	0x10000941

2000102c <default_alarm_pool>:
	...
20001040:	200010b0 00000000 00000000 00000000     ... ............

20001050 <aeabi_bits_funcs>:
20001050:	00003350 	.word	0x00003350
20001054:	0000334c 	.word	0x0000334c
20001058:	00003354 	.word	0x00003354
2000105c:	00003352 	.word	0x00003352

20001060 <aeabi_bits_funcs_end>:
20001060:	0000534d 	.word	0x0000534d
20001064:	0000434d 	.word	0x0000434d
20001068:	00003453 	.word	0x00003453
2000106c:	00003443 	.word	0x00003443

20001070 <stdio_usb>:
20001070:	100047f5 100047a9 1000471d 10004695     .G...G...G...F..
20001080:	00000000 00000100                       ........

20001088 <_usbd_qdef>:
20001088:	200017f4 000c0010 00000000 00000000     ... ............
	...

200010a4 <_usbd_rhport>:
200010a4:	000000ff                                ....

200010a8 <print_mutex>:
	...
